0,0,0,0,0,0
0.000128537,0,1.65219e-10,0,0,0
0.000257075,0,1.32175e-09,0,0,0
0.000385612,0,4.46091e-09,0,0,0
0.00051415,0,1.0574e-08,0,0,0
0.000642687,0,2.06524e-08,0,0,0
0.000771225,0,3.56873e-08,0,0,0
0.000899762,0,5.66701e-08,0,0,0
0.0010283,0,8.45921e-08,0,0,0
0.00115684,0,1.20445e-07,0,0,0
0.00128537,0,1.65219e-07,0,0,0
0.00141391,0,2.19906e-07,0,0,0
0.00154245,0,2.85498e-07,0,0,0
0.00168919,0,3.74977e-07,0,0,0
0.00181773,0,4.67256e-07,0,0,0
0.00194626,0,5.73555e-07,0,0,0
0.0020748,0,6.94863e-07,0,0,0
0.00220334,0,8.32173e-07,0,0,0
0.00233188,0,9.86476e-07,0,0,0
0.00246041,0,1.15876e-06,0,0,0
0.00258895,0,1.35002e-06,0,0,0
0.00271749,0,1.56125e-06,0,0,0
0.00284603,0,1.79344e-06,0,0,0
0.00297456,0,2.04757e-06,0,0,0
0.0031031,0,2.32465e-06,0,0,0
0.00323164,0,2.62566e-06,0,0,0
0.00336017,0,2.95159e-06,0,0,0
0.00348871,0,3.30344e-06,0,0,0
0.00361725,0,3.68219e-06,0,0,0
0.00374579,0,4.08884e-06,0,0,0
0.00387432,0,4.52437e-06,0,0,0
0.00400286,0,4.98979e-06,0,0,0
0.0041314,0,5.48608e-06,0,0,0
0.00425993,0,6.01423e-06,0,0,0
0.00438847,0,6.57523e-06,0,0,0
0.00451701,0,7.17008e-06,0,0,0
0.00464554,0,7.79977e-06,0,0,0
0.00477408,0,8.46528e-06,0,0,0
0.00490262,0,9.16761e-06,0,0,0
0.00503115,0,9.90775e-06,0,0,0
0.00515969,0,1.06867e-05,0,0,0
0.00528823,0,1.15054e-05,0,0,0
0.00541676,0,1.2365e-05,0,0,0
0.0055453,0,1.32662e-05,0,0,0
0.00567383,0,1.42103e-05,0,0,0
0.00580237,0,1.51981e-05,0,0,0
0.0059309,0,1.62307e-05,0,0,0
0.00605944,0,1.7309e-05,0,0,0
0.00618797,0,1.8434e-05,0,0,0
0.00631651,0,1.96068e-05,0,0,0
0.00644504,0,2.08283e-05,0,0,0
0.00657358,0,2.20995e-05,0,0,0
0.00670211,0,2.34213e-05,0,0,0
0.00683064,0,2.47949e-05,0,0,0
0.00695918,0,2.62212e-05,0,0,0
0.00708771,0,2.77011e-05,0,0,0
0.00721624,0,2.92357e-05,0,0,0
0.00734477,0,3.08259e-05,0,0,0
0.00747331,0,3.24728e-05,0,0,0
0.00760184,0,3.41773e-05,0,0,0
0.00773037,0,3.59404e-05,0,0,0
0.0078589,0,3.77632e-05,0,0,0
0.00798743,0,3.96465e-05,0,0,0
0.00811596,0,4.15915e-05,0,0,0
0.0082445,0,4.35993e-05,0,0,0
0.00837303,0,4.56704e-05,0,0,0
0.00850155,0,4.78061e-05,0,0,0
0.00863008,0,5.00074e-05,0,0,0
0.00875861,0,5.22752e-05,0,0,0
0.00888713,0,5.46106e-05,0,0,0
0.00901566,0,5.70145e-05,0,0,0
0.00914418,0,5.9488e-05,0,0,0
0.00927271,0,6.2032e-05,0,0,0
0.00940123,0,6.46475e-05,0,0,0
0.00952975,0,6.73354e-05,0,0,0
0.00965827,0,7.00969e-05,0,0,0
0.00978679,0,7.29329e-05,0,0,0
0.00991531,0,7.58443e-05,0,0,0
0.0100438,0,7.88322e-05,0,0,0
0.0101723,0,8.18976e-05,0,0,0
0.0103009,0,8.50414e-05,0,0,0
0.0104294,0,8.82647e-05,0,0,0
0.0105579,0,9.15683e-05,0,0,0
0.0106864,0,9.49534e-05,0,0,0
0.0108149,0,9.84209e-05,0,0,0
0.0109434,0,0.000101972,0,0,0
0.0110719,0,0.000105607,0,0,0
0.0112004,0,0.000109328,0,0,0
0.0113289,0,0.000113135,0,0,0
0.0114575,0,0.000117029,0,0,0
0.011586,0,0.000121012,0,0,0
0.0117145,0,0.000125084,0,0,0
0.011843,0,0.000129247,0,0,0
0.0119715,0,0.000133501,0,0,0
0.0121,0,0.000137847,0,0,0
0.0122284,0,0.000142286,0,0,0
0.012357,0,0.000146822,0,0,0
0.0124855,0,0.000151451,0,0,0
0.012614,0,0.000156177,0,0,0
0.0127425,0,0.000160999,0,0,0
0.012871,0,0.00016592,0,0,0
0.0129994,0,0.00017094,0,0,0
0.0131279,0,0.000176061,0,0,0
0.0132564,0,0.000181282,0,0,0
0.0133849,0,0.000186606,0,0,0
0.0135134,0,0.000192033,0,0,0
0.0136418,0,0.000197564,0,0,0
0.0137703,0,0.000203201,0,0,0
0.0138988,0,0.000208944,0,0,0
0.0140272,0,0.000214793,0,0,0
0.0141557,0,0.000220751,0,0,0
0.0142841,0,0.000226818,0,0,0
0.0144126,0,0.000232996,0,0,0
0.0145411,0,0.000239285,0,0,0
0.0146695,0,0.000245685,0,0,0
0.014798,0,0.000252199,0,0,0
0.0149264,0,0.000258827,0,0,0
0.0150548,0,0.00026557,0,0,0
0.0151833,0,0.000272429,0,0,0
0.0153117,0,0.000279405,0,0,0
0.0154401,0,0.000286499,0,0,0
0.0155686,0,0.000293712,0,0,0
0.015697,0,0.000301045,0,0,0
0.0158266,0,0.000308571,0,0,0
0.015955,0,0.000316148,0,0,0
0.0160835,0,0.000323849,0,0,0
0.0162119,0,0.000331674,0,0,0
0.0163403,0,0.000339623,0,0,0
0.0164687,0,0.000347698,0,0,0
0.016597,0,0.000355901,0,0,0
0.0167254,0,0.000364231,0,0,0
0.0168538,0,0.00037269,0,0,0
0.0169822,0,0.00038128,0,0,0
0.0171106,0,0.00039,0,0,0
0.0172389,0,0.000398852,0,0,0
0.0173673,0,0.000407837,0,0,0
0.0174957,0,0.000416956,0,0,0
0.017624,0,0.000426209,0,0,0
0.0177524,0,0.000435599,0,0,0
0.0178807,0,0.000445125,0,0,0
0.018009,0,0.00045479,0,0,0
0.0181374,0,0.000464593,0,0,0
0.0182657,0,0.000474536,0,0,0
0.018394,0,0.000484619,0,0,0
0.0185223,0,0.000494845,0,0,0
0.0186506,0,0.000505213,0,0,0
0.0187789,0,0.000515725,0,0,0
0.0189072,0,0.000526382,0,0,0
0.0190355,0,0.000537185,0,0,0
0.0191638,0,0.000548134,0,0,0
0.019292,0,0.000559231,0,0,0
0.0194203,0,0.000570477,0,0,0
0.0195486,0,0.000581872,0,0,0
0.0196768,0,0.000593418,0,0,0
0.0198051,0,0.000605116,0,0,0
0.0199333,0,0.000616967,0,0,0
0.0200615,0,0.000628971,0,0,0
0.0201897,0,0.000641129,0,0,0
0.0203179,0,0.000653444,0,0,0
0.0204461,0,0.000665914,0,0,0
0.0205743,0,0.000678543,0,0,0
0.0207025,0,0.00069133,0,0,0
0.0208307,0,0.000704276,0,0,0
0.0209589,0,0.000717383,0,0,0
0.021087,0,0.000730652,0,0,0
0.0212152,0,0.000744083,0,0,0
0.0213433,0,0.000757678,0,0,0
0.0214714,0,0.000771437,0,0,0
0.0215996,0,0.000785361,0,0,0
0.0217277,0,0.000799452,0,0,0
0.0218558,0,0.00081371,0,0,0
0.0219838,0,0.000828137,0,0,0
0.0221119,0,0.000842733,0,0,0
0.02224,0,0.0008575,0,0,0
0.022368,0,0.000872438,0,0,0
0.0224961,0,0.000887548,0,0,0
0.0226241,0,0.000902831,0,0,0
0.0227521,0,0.000918289,0,0,0
0.0228801,0,0.000933922,0,0,0
0.0230081,0,0.000949731,0,0,0
0.0231361,0,0.000965718,0,0,0
0.0232641,0,0.000981883,0,0,0
0.0233921,0,0.000998227,0,0,0
0.02352,0,0.00101475,0,0,0
0.0236479,0,0.00103146,0,0,0
0.0237759,0,0.00104834,0,0,0
0.0239038,0,0.00106541,0,0,0
0.0240317,0,0.00108267,0,0,0
0.0241595,0,0.00110011,0,0,0
0.0242874,0,0.00111773,0,0,0
0.0244153,0,0.00113555,0,0,0
0.0245431,0,0.00115355,0,0,0
0.0246709,0,0.00117174,0,0,0
0.0247987,0,0.00119012,0,0,0
0.0249265,0,0.00120869,0,0,0
0.0250543,0,0.00122745,0,0,0
0.025182,0,0.00124641,0,0,0
0.0253098,0,0.00126556,0,0,0
0.0254375,0,0.0012849,0,0,0
0.0255652,0,0.00130444,0,0,0
0.0256929,0,0.00132418,0,0,0
0.0258206,0,0.00134411,0,0,0
0.0259483,0,0.00136425,0,0,0
0.0260759,0,0.00138458,0,0,0
0.0262035,0,0.00140512,0,0,0
0.0263311,0,0.00142585,0,0,0
0.0264587,0,0.00144679,0,0,0
0.0265863,0,0.00146793,0,0,0
0.0267138,0,0.00148928,0,0,0
0.0268414,0,0.00151083,0,0,0
0.0269689,0,0.00153259,0,0,0
0.0270964,0,0.00155456,0,0,0
0.0272239,0,0.00157673,0,0,0
0.0273513,0,0.00159912,0,0,0
0.0274787,0,0.00162171,0,0,0
0.0276061,0,0.00164452,0,0,0
0.0277335,0,0.00166754,0,0,0
0.0278609,0,0.00169077,0,0,0
0.0279883,0,0.00171422,0,0,0
0.0281156,0,0.00173788,0,0,0
0.0282429,0,0.00176176,0,0,0
0.0283702,0,0.00178585,0,0,0
0.0284974,0,0.00181017,0,0,0
0.0286247,0,0.0018347,0,0,0
0.0287519,0,0.00185945,0,0,0
0.028879,0,0.00188443,0,0,0
0.0290062,0,0.00190962,0,0,0
0.0291333,0,0.00193504,0,0,0
0.0292605,0,0.00196069,0,0,0
0.0293876,0,0.00198656,0,0,0
0.0295146,0,0.00201265,0,0,0
0.0296417,0,0.00203897,0,0,0
0.0297687,0,0.00206552,0,0,0
0.0298956,0,0.0020923,0,0,0
0.0300226,0,0.00211931,0,0,0
0.0301495,0,0.00214655,0,0,0
0.0302764,0,0.00217402,0,0,0
0.0304033,0,0.00220172,0,0,0
0.0305302,0,0.00222965,0,0,0
0.030657,0,0.00225783,0,0,0
0.0307838,0,0.00228623,0,0,0
0.0309105,0,0.00231488,0,0,0
0.0310372,0,0.00234376,0,0,0
0.0311639,0,0.00237288,0,0,0
0.0312906,0,0.00240224,0,0,0
0.0314172,0,0.00243183,0,0,0
0.0315439,0,0.00246168,0,0,0
0.0316715,0,0.00249202,0,0,0
0.0317981,0,0.00252235,0,0,0
0.0319246,0,0.00255292,0,0,0
0.032051,0,0.00258374,0,0,0
0.0321775,0,0.0026148,0,0,0
0.0323039,0,0.00264611,0,0,0
0.0324303,0,0.00267767,0,0,0
0.0325566,0,0.00270948,0,0,0
0.0326829,0,0.00274153,0,0,0
0.0328092,0,0.00277384,0,0,0
0.0329354,0,0.0028064,0,0,0
0.0330616,0,0.00283921,0,0,0
0.0331878,0,0.00287228,0,0,0
0.0333139,0,0.0029056,0,0,0
0.03344,0,0.00293918,0,0,0
0.0335661,0,0.00297301,0,0,0
0.0336921,0,0.00300711,0,0,0
0.0338181,0,0.00304146,0,0,0
0.033944,0,0.00307607,0,0,0
0.0340699,0,0.00311094,0,0,0
0.0341958,0,0.00314607,0,0,0
0.0343216,0,0.00318146,0,0,0
0.0344473,0,0.00321712,0,0,0
0.0345731,0,0.00325304,0,0,0
0.0346988,0,0.00328922,0,0,0
0.0348244,0,0.00332567,0,0,0
0.03495,0,0.00336239,0,0,0
0.0350756,0,0.00339938,0,0,0
0.0352011,0,0.00343663,0,0,0
0.0353266,0,0.00347416,0,0,0
0.035452,0,0.00351195,0,0,0
0.0355774,0,0.00355002,0,0,0
0.0357027,0,0.00358836,0,0,0
0.0358281,0,0.00362698,0,0,0
0.0359533,0,0.00366586,0,0,0
0.0360785,0,0.00370503,0,0,0
0.0362037,0,0.00374447,0,0,0
0.0363288,0,0.00378418,0,0,0
0.0364538,0,0.00382418,0,0,0
0.0365788,0,0.00386445,0,0,0
0.0367038,0,0.00390501,0,0,0
0.0368287,0,0.00394584,0,0,0
0.0369536,0,0.00398696,0,0,0
0.0370784,0,0.00402836,0,0,0
0.0372031,0,0.00407004,0,0,0
0.0373278,0,0.00411201,0,0,0
0.0374525,0,0.00415426,0,0,0
0.0375771,0,0.0041968,0,0,0
0.0377016,0,0.00423963,0,0,0
0.0378261,0,0.00428274,0,0,0
0.0379505,0,0.00432615,0,0,0
0.0380749,0,0.00436984,0,0,0
0.0381992,0,0.00441383,0,0,0
0.0383235,0,0.00445811,0,0,0
0.0384477,0,0.00450268,0,0,0
0.0385718,0,0.00454754,0,0,0
0.0386959,0,0.0045927,0,0,0
0.03882,0,0.00463816,0,0,0
0.0389439,0,0.00468391,0,0,0
0.0390679,0,0.00472996,0,0,0
0.0391917,0,0.0047763,0,0,0
0.0393155,0,0.00482295,0,0,0
0.0394392,0,0.0048699,0,0,0
0.0395629,0,0.00491715,0,0,0
0.0396865,0,0.0049647,0,0,0
0.03981,0,0.00501255,0,0,0
0.0399335,0,0.00506071,0,0,0
0.0400569,0,0.00510917,0,0,0
0.0401803,0,0.00515793,0,0,0
0.0403036,0,0.00520701,0,0,0
0.0404268,0,0.00525639,0,0,0
0.0405499,0,0.00530608,0,0,0
0.040673,0,0.00535608,0,0,0
0.040796,0,0.00540638,0,0,0
0.0409189,0,0.005457,0,0,0
0.0410418,0,0.00550794,0,0,0
0.0411646,0,0.00555918,0,0,0
0.0412873,0,0.00561074,0,0,0
0.04141,0,0.00566261,0,0,0
0.0415326,0,0.0057148,0,0,0
0.0416551,0,0.0057673,0,0,0
0.0417775,0,0.00582012,0,0,0
0.0418999,0,0.00587327,0,0,0
0.0420244,0,0.00592769,0,0,0
0.0421466,0,0.00598148,0,0,0
0.0422687,0,0.00603558,0,0,0
0.0423908,0,0.00609001,0,0,0
0.0425127,0,0.00614476,0,0,0
0.0426346,0,0.00619983,0,0,0
0.0427565,0,0.00625522,0,0,0
0.0428782,0,0.00631095,0,0,0
0.0429999,0,0.00636699,0,0,0
0.0431214,0,0.00642337,0,0,0
0.0432429,0,0.00648007,0,0,0
0.0433643,0,0.0065371,0,0,0
0.0434857,0,0.00659446,0,0,0
0.0436069,0,0.00665215,0,0,0
0.0437281,0,0.00671017,0,0,0
0.0438491,0,0.00676852,0,0,0
0.0439703,0,0.0068273,0,0,0
0.0440912,0,0.00688632,0,0,0
0.044212,0,0.00694567,0,0,0
0.0443327,0,0.00700536,0,0,0
0.0444534,0,0.00706539,0,0,0
0.0445739,0,0.00712575,0,0,0
0.0446943,0,0.00718645,0,0,0
0.0448147,0,0.00724749,0,0,0
0.044935,0,0.00730887,0,0,0
0.0450551,0,0.00737059,0,0,0
0.0451752,0,0.00743266,0,0,0
0.0452952,0,0.00749506,0,0,0
0.0454151,0,0.00755781,0,0,0
0.0455348,0,0.0076209,0,0,0
0.0456545,0,0.00768433,0,0,0
0.0457741,0,0.00774811,0,0,0
0.0458936,0,0.00781224,0,0,0
0.046013,0,0.00787671,0,0,0
0.0461323,0,0.00794154,0,0,0
0.0462515,0,0.00800671,0,0,0
0.0463706,0,0.00807223,0,0,0
0.0464896,0,0.0081381,0,0,0
0.0466084,0,0.00820432,0,0,0
0.0467272,0,0.0082709,0,0,0
0.0468459,0,0.00833782,0,0,0
0.0469656,0,0.00840578,0,0,0
0.0470841,0,0.00847342,0,0,0
0.0472024,0,0.00854141,0,0,0
0.0473206,0,0.00860976,0,0,0
0.0474388,0,0.00867847,0,0,0
0.0475568,0,0.00874754,0,0,0
0.0476747,0,0.00881696,0,0,0
0.0477925,0,0.00888674,0,0,0
0.0479101,0,0.00895689,0,0,0
0.0480277,0,0.00902739,0,0,0
0.0481452,0,0.00909826,0,0,0
0.0482625,0,0.00916949,0,0,0
0.0483797,0,0.00924108,0,0,0
0.0484968,0,0.00931304,0,0,0
0.0486138,0,0.00938536,0,0,0
0.0487306,0,0.00945805,0,0,0
0.0488473,0,0.0095311,0,0,0
0.048964,0,0.00960452,0,0,0
0.0490804,0,0.00967831,0,0,0
0.0491968,0,0.00975247,0,0,0
0.049313,0,0.009827,0,0,0
0.0494292,0,0.00990189,0,0,0
0.0495451,0,0.00997716,0,0,0
0.049661,0,0.0100528,0,0,0
0.0497767,0,0.0101288,0,0,0
0.0498923,0,0.0102052,0,0,0
0.0500078,0,0.010282,0,0,0
0.0501231,0,0.0103591,0,0,0
0.0502384,0,0.0104366,0,0,0
0.0503534,0,0.0105145,0,0,0
0.0504684,0,0.0105928,0,0,0
0.0505832,0,0.0106714,0,0,0
0.0506978,0,0.0107504,0,0,0
0.0508124,0,0.0108298,0,0,0
0.0509268,0,0.0109096,0,0,0
0.051041,0,0.0109898,0,0,0
0.0511551,0,0.0110703,0,0,0
0.0512691,0,0.0111513,0,0,0
0.0513829,0,0.0112326,0,0,0
0.0514966,0,0.0113143,0,0,0
0.0516101,0,0.0113963,0,0,0
0.0517325,0,0.0114853,0,0,0
0.0518457,0,0.0115682,0,0,0
0.0519596,0,0.0116521,0,0,0
0.0520725,0,0.0117357,0,0,0
0.0521854,0,0.0118198,0,0,0
0.052298,0,0.0119042,0,0,0
0.0524105,0,0.0119891,0,0,0
0.0525229,0,0.0120743,0,0,0
0.052635,0,0.0121599,0,0,0
0.0527472,0,0.012246,0,0,0
0.05286,0,0.0123331,0,0,0
0.0529717,0,0.0124199,0,0,0
0.0530833,0,0.0125071,0,0,0
0.0531947,0,0.0125947,0,0,0
0.0533059,0,0.0126826,0,0,0
0.053417,0,0.012771,0,0,0
0.0535279,0,0.0128598,0,0,0
0.0536391,0,0.0129493,0,0,0
0.0537496,0,0.0130389,0,0,0
0.0538601,0,0.0131288,0,0,0
0.0539703,0,0.0132192,0,0,0
0.0540804,0,0.0133099,0,0,0
0.0541903,0,0.0134011,0,0,0
0.0543,0,0.0134927,0,0,0
0.0544096,0,0.0135846,0,0,0
0.0545189,0,0.013677,0,0,0
0.0546282,0,0.0137697,0,0,0
0.0547372,0,0.0138629,0,0,0
0.0548461,0,0.0139565,0,0,0
0.0549548,0,0.0140505,0,0,0
0.0550633,0,0.0141449,0,0,0
0.0551716,0,0.0142397,0,0,0
0.0552797,0,0.0143349,0,0,0
0.0553877,0,0.0144305,0,0,0
0.0554955,0,0.0145265,0,0,0
0.055603,0,0.0146229,0,0,0
0.0557104,0,0.0147197,0,0,0
0.0558177,0,0.014817,0,0,0
0.0559247,0,0.0149146,0,0,0
0.0560315,0,0.0150127,0,0,0
0.0561382,0,0.0151112,0,0,0
0.0562446,0,0.0152101,0,0,0
0.0563509,0,0.0153094,0,0,0
0.0564569,0,0.0154091,0,0,0
0.0565628,0,0.0155092,0,0,0
0.0566685,0,0.0156098,0,0,0
0.056774,0,0.0157107,0,0,0
0.0568792,0,0.0158121,0,0,0
0.0569843,0,0.0159139,0,0,0
0.0570892,0,0.0160161,0,0,0
0.0571938,0,0.0161187,0,0,0
0.0572983,0,0.0162218,0,0,0
0.0574025,0,0.0163253,0,0,0
0.0575066,0,0.0164291,0,0,0
0.0576104,0,0.0165335,0,0,0
0.057714,0,0.0166382,0,0,0
0.0578175,0,0.0167433,0,0,0
0.0579207,0,0.0168489,0,0,0
0.0580237,0,0.0169549,0,0,0
0.0581264,0,0.0170613,0,0,0
0.058229,0,0.0171681,0,0,0
0.0583313,0,0.0172754,0,0,0
0.0584334,0,0.0173831,0,0,0
0.0585353,0,0.0174912,0,0,0
0.058637,0,0.0175997,0,0,0
0.0587385,0,0.0177087,0,0,0
0.0588397,0,0.0178181,0,0,0
0.0589417,0,0.017929,0,0,0
0.0590425,0,0.0180392,0,0,0
0.059143,0,0.0181499,0,0,0
0.0592433,0,0.018261,0,0,0
0.0593434,0,0.0183725,0,0,0
0.0594432,0,0.0184845,0,0,0
0.0595428,0,0.0185969,0,0,0
0.0596422,0,0.0187097,0,0,0
0.0597413,0,0.018823,0,0,0
0.0598402,0,0.0189367,0,0,0
0.0599389,0,0.0190508,0,0,0
0.0600373,0,0.0191653,0,0,0
0.0601355,0,0.0192803,0,0,0
0.0602334,0,0.0193957,0,0,0
0.0603311,0,0.0195115,0,0,0
0.0604285,0,0.0196278,0,0,0
0.0605257,0,0.0197445,0,0,0
0.0606226,0,0.0198617,0,0,0
0.0607193,0,0.0199793,0,0,0
0.0608157,0,0.0200973,0,0,0
0.0609119,0,0.0202157,0,0,0
0.0610078,0,0.0203346,0,0,0
0.0611035,0,0.020454,0,0,0
0.0611989,0,0.0205737,0,0,0
0.061294,0,0.0206939,0,0,0
0.0613889,0,0.0208146,0,0,0
0.0614835,0,0.0209357,0,0,0
0.061579,0,0.0210586,0,0,0
0.0616731,0,0.0211806,0,0,0
0.0617669,0,0.021303,0,0,0
0.0618604,0,0.0214258,0,0,0
0.0619537,0,0.0215491,0,0,0
0.0620467,0,0.0216728,0,0,0
0.0621394,0,0.021797,0,0,0
0.0622318,0,0.0219216,0,0,0
0.062324,0,0.0220466,0,0,0
0.0624159,0,0.0221721,0,0,0
0.0625075,0,0.0222981,0,0,0
0.0625988,0,0.0224244,0,0,0
0.0626899,0,0.0225513,0,0,0
0.0627806,0,0.0226785,0,0,0
0.0628711,0,0.0228062,0,0,0
0.0629613,0,0.0229344,0,0,0
0.0630512,0,0.023063,0,0,0
0.0631408,0,0.023192,0,0,0
0.0632301,0,0.0233215,0,0,0
0.0633191,0,0.0234514,0,0,0
0.0634078,0,0.0235818,0,0,0
0.0634962,0,0.0237126,0,0,0
0.0635844,0,0.0238439,0,0,0
0.0636722,0,0.0239756,0,0,0
0.0637597,0,0.0241078,0,0,0
0.0638469,0,0.0242404,0,0,0
0.0639338,0,0.0243734,0,0,0
0.0640204,0,0.0245069,0,0,0
0.0641067,0,0.0246409,0,0,0
0.0641927,0,0.0247753,0,0,0
0.0642784,0,0.0249101,0,0,0
0.0643637,0,0.0250454,0,0,0
0.0644487,0,0.0251811,0,0,0
0.0645335,0,0.0253173,0,0,0
0.0646179,0,0.025454,0,0,0
0.0647019,0,0.0255911,0,0,0
0.0647857,0,0.0257286,0,0,0
0.0648691,0,0.0258666,0,0,0
0.0649522,0,0.026005,0,0,0
0.065035,0,0.0261439,0,0,0
0.0651174,0,0.0262833,0,0,0
0.0651996,0,0.026423,0,0,0
0.0652813,0,0.0265633,0,0,0
0.0653628,0,0.026704,0,0,0
0.0654439,0,0.0268451,0,0,0
0.0655247,0,0.0269867,0,0,0
0.0656051,0,0.0271287,0,0,0
0.0656852,0,0.0272712,0,0,0
0.0657649,0,0.0274142,0,0,0
0.0658443,0,0.0275576,0,0,0
0.0659234,0,0.0277014,0,0,0
0.0660021,0,0.0278457,0,0,0
0.0660805,0,0.0279905,0,0,0
0.0661585,0,0.0281357,0,0,0
0.0662361,0,0.0282813,0,0,0
0.0663134,0,0.0284275,0,0,0
0.0663904,0,0.028574,0,0,0
0.066467,0,0.028721,0,0,0
0.0665432,0,0.0288685,0,0,0
0.066619,0,0.0290164,0,0,0
0.0666945,0,0.0291648,0,0,0
0.0667696,0,0.0293136,0,0,0
0.0668444,0,0.0294629,0,0,0
0.0669188,0,0.0296126,0,0,0
0.0669928,0,0.0297628,0,0,0
0.0670665,0,0.0299134,0,0,0
0.0671397,0,0.0300645,0,0,0
0.0672126,0,0.030216,0,0,0
0.0672851,0,0.030368,0,0,0
0.0673573,0,0.0305205,0,0,0
0.067429,0,0.0306734,0,0,0
0.0675004,0,0.0308267,0,0,0
0.0675713,0,0.0309805,0,0,0
0.0676423,0,0.0311356,0,0,0
0.0677125,0,0.0312903,0,0,0
0.0677823,0,0.0314455,0,0,0
0.0678517,0,0.0316011,0,0,0
0.0679207,0,0.0317571,0,0,0
0.0679893,0,0.0319137,0,0,0
0.0680576,0,0.0320706,0,0,0
0.0681254,0,0.0322281,0,0,0
0.0681928,0,0.0323859,0,0,0
0.0682603,0,0.0325454,0,0,0
0.0683269,0,0.0327042,0,0,0
0.0683931,0,0.0328634,0,0,0
0.0684589,0,0.0330231,0,0,0
0.0685242,0,0.0331833,0,0,0
0.0685892,0,0.0333438,0,0,0
0.0686537,0,0.0335049,0,0,0
0.0687178,0,0.0336664,0,0,0
0.0687815,0,0.0338283,0,0,0
0.0688448,0,0.0339907,0,0,0
0.0689076,0,0.0341536,0,0,0
0.06897,0,0.0343169,0,0,0
0.069032,0,0.0344806,0,0,0
0.0690936,0,0.0346448,0,0,0
0.0691547,0,0.0348095,0,0,0
0.0692154,0,0.0349746,0,0,0
0.0692757,0,0.0351401,0,0,0
0.0693355,0,0.0353061,0,0,0
0.0693949,0,0.0354725,0,0,0
0.0694538,0,0.0356394,0,0,0
0.0695123,0,0.0358068,0,0,0
0.0695704,0,0.0359746,0,0,0
0.069628,0,0.0361428,0,0,0
0.0696851,0,0.0363115,0,0,0
0.0697418,0,0.0364806,0,0,0
0.0697981,0,0.0366502,0,0,0
0.0698538,0,0.0368203,0,0,0
0.0699092,0,0.0369907,0,0,0
0.069964,0,0.0371617,0,0,0
0.0700185,0,0.037333,0,0,0
0.0700724,0,0.0375049,0,0,0
0.0701259,0,0.0376771,0,0,0
0.0701789,0,0.0378498,0,0,0
0.0702314,0,0.038023,0,0,0
0.0702835,0,0.0381966,0,0,0
0.0703351,0,0.0383706,0,0,0
0.0703862,0,0.0385451,0,0,0
0.070437,0,0.0387206,0,0,0
0.0704872,0,0.038896,0,0,0
0.0705368,0,0.0390718,0,0,0
0.070586,0,0.0392481,0,0,0
0.0706347,0,0.0394248,0,0,0
0.0706829,0,0.0396019,0,0,0
0.0707306,0,0.0397795,0,0,0
0.0707779,0,0.0399575,0,0,0
0.0708246,0,0.040136,0,0,0
0.0708708,0,0.0403149,0,0,0
0.0709166,0,0.0404943,0,0,0
0.0709618,0,0.040674,0,0,0
0.0710065,0,0.0408543,0,0,0
0.0710507,0,0.0410349,0,0,0
0.0710953,0,0.0412195,0,0,0
0.0711385,0,0.041401,0,0,0
0.0711812,0,0.041583,0,0,0
0.0712233,0,0.0417654,0,0,0
0.071265,0,0.0419482,0,0,0
0.0713061,0,0.0421315,0,0,0
0.0713467,0,0.0423153,0,0,0
0.0713868,0,0.0424994,0,0,0
0.0714264,0,0.042684,0,0,0
0.0714654,0,0.042869,0,0,0
0.0715042,0,0.0430559,0,0,0
0.0715422,0,0.0432418,0,0,0
0.0715797,0,0.0434281,0,0,0
0.0716166,0,0.0436148,0,0,0
0.0716529,0,0.043802,0,0,0
0.0716888,0,0.0439896,0,0,0
0.071724,0,0.0441777,0,0,0
0.0717588,0,0.0443661,0,0,0
0.071793,0,0.044555,0,0,0
0.0718266,0,0.0447443,0,0,0
0.0718597,0,0.0449341,0,0,0
0.0718923,0,0.0451242,0,0,0
0.0719243,0,0.0453148,0,0,0
0.0719557,0,0.0455058,0,0,0
0.0719866,0,0.0456973,0,0,0
0.0720169,0,0.0458891,0,0,0
0.0720466,0,0.0460814,0,0,0
0.0720758,0,0.0462741,0,0,0
0.0721044,0,0.0464672,0,0,0
0.0721324,0,0.0466608,0,0,0
0.0721599,0,0.0468547,0,0,0
0.0721868,0,0.0470491,0,0,0
0.0722131,0,0.0472439,0,0,0
0.0722389,0,0.0474391,0,0,0
0.072264,0,0.0476347,0,0,0
0.0722886,0,0.0478308,0,0,0
0.0723126,0,0.0480272,0,0,0
0.072336,0,0.0482241,0,0,0
0.0723588,0,0.0484214,0,0,0
0.072381,0,0.0486191,0,0,0
0.0724026,0,0.0488177,0,0,0
0.0724237,0,0.0490162,0,0,0
0.0724441,0,0.0492151,0,0,0
0.0724639,0,0.0494145,0,0,0
0.0724831,0,0.0496142,0,0,0
0.0725017,0,0.0498143,0,0,0
0.0725197,0,0.0500149,0,0,0
0.0725371,0,0.0502158,0,0,0
0.0725539,0,0.0504172,0,0,0
0.07257,0,0.0506189,0,0,0
0.0725856,0,0.0508211,0,0,0
0.0726005,0,0.0510237,0,0,0
0.0726148,0,0.0512266,0,0,0
0.0726285,0,0.05143,0,0,0
0.0726415,0,0.0516337,0,0,0
0.0726539,0,0.0518379,0,0,0
0.0726657,0,0.0520424,0,0,0
0.0726769,0,0.0522473,0,0,0
0.0726874,0,0.0524527,0,0,0
0.0726973,0,0.0526584,0,0,0
0.0727065,0,0.0528645,0,0,0
0.0727151,0,0.053071,0,0,0
0.0727231,0,0.0532779,0,0,0
0.0727304,0,0.0534852,0,0,0
0.072737,0,0.0536928,0,0,0
0.072743,0,0.0539009,0,0,0
0.0727484,0,0.0541093,0,0,0
0.0727531,0,0.0543181,0,0,0
0.0727571,0,0.0545273,0,0,0
0.0727605,0,0.0547369,0,0,0
0.0727632,0,0.0549469,0,0,0
0.0727652,0,0.0551572,0,0,0
0.0727666,0,0.0553679,0,0,0
0.0727673,0,0.0555811,0,0,0
0.0727673,0,0.0557926,0,0,0
0.0727667,0,0.0560044,0,0,0
0.0727653,0,0.0562167,0,0,0
0.0727633,0,0.0564292,0,0,0
0.0727606,0,0.0566422,0,0,0
0.0727573,0,0.0568555,0,0,0
0.0727532,0,0.0570692,0,0,0
0.0727485,0,0.0572833,0,0,0
0.072743,0,0.0574977,0,0,0
0.0727369,0,0.0577125,0,0,0
0.0727301,0,0.0579276,0,0,0
0.0727225,0,0.0581432,0,0,0
0.0727143,0,0.058359,0,0,0
0.0727054,0,0.0585753,0,0,0
0.0726957,0,0.0587918,0,0,0
0.0726854,0,0.0590088,0,0,0
0.0726743,0,0.0592261,0,0,0
0.0726626,0,0.0594437,0,0,0
0.0726501,0,0.0596617,0,0,0
0.0726369,0,0.0598801,0,0,0
0.072623,0,0.0600987,0,0,0
0.0726083,0,0.0603178,0,0,0
0.072593,0,0.0605372,0,0,0
0.0725769,0,0.0607569,0,0,0
0.0725601,0,0.060977,0,0,0
0.0725425,0,0.0611974,0,0,0
0.0725242,0,0.0614181,0,0,0
0.0725052,0,0.0616392,0,0,0
0.0724855,0,0.0618606,0,0,0
0.072465,0,0.0620824,0,0,0
0.0724437,0,0.0623045,0,0,0
0.0724217,0,0.0625269,0,0,0
0.072399,0,0.0627497,0,0,0
0.0723755,0,0.0629727,0,0,0
0.072209,0,0.0643946,0,0,0
0.07218,0,0.0646201,0,0,0
0.0721502,0,0.0648459,0,0,0
0.0721196,0,0.0650719,0,0,0
0.0720882,0,0.0652983,0,0,0
0.072056,0,0.065525,0,0,0
0.0720231,0,0.065752,0,0,0
0.0719894,0,0.0659792,0,0,0
0.0719549,0,0.0662068,0,0,0
0.0719196,0,0.0664347,0,0,0
0.0718836,0,0.0666629,0,0,0
0.0718467,0,0.0668914,0,0,0
0.0718091,0,0.0671202,0,0,0
0.0717706,0,0.0673493,0,0,0
0.0717314,0,0.0675787,0,0,0
0.0716913,0,0.0678084,0,0,0
0.0716505,0,0.0680383,0,0,0
0.0716088,0,0.0682686,0,0,0
0.0715664,0,0.0684991,0,0,0
0.0715231,0,0.0687299,0,0,0
0.071479,0,0.068961,0,0,0
0.0714342,0,0.0691924,0,0,0
0.0713884,0,0.069424,0,0,0
0.0713419,0,0.069656,0,0,0
0.0712946,0,0.0698882,0,0,0
0.0712464,0,0.0701206,0,0,0
0.0711974,0,0.0703534,0,0,0
0.0711476,0,0.0705864,0,0,0
0.0710969,0,0.0708196,0,0,0
0.0710455,0,0.0710532,0,0,0
0.0709931,0,0.071287,0,0,0
0.07094,0,0.0715211,0,0,0
0.070886,0,0.0717554,0,0,0
0.0708311,0,0.07199,0,0,0
0.0707754,0,0.0722248,0,0,0
0.0707189,0,0.0724599,0,0,0
0.0706615,0,0.0726952,0,0,0
0.0706033,0,0.0729308,0,0,0
0.0705442,0,0.0731666,0,0,0
0.0704843,0,0.0734026,0,0,0
0.0704235,0,0.0736389,0,0,0
0.0703618,0,0.0738754,0,0,0
0.0702993,0,0.0741122,0,0,0
0.0702359,0,0.0743492,0,0,0
0.0701717,0,0.0745864,0,0,0
0.0701065,0,0.0748239,0,0,0
0.0700406,0,0.0750615,0,0,0
0.0699737,0,0.0752994,0,0,0
0.0699059,0,0.0755376,0,0,0
0.0698373,0,0.0757759,0,0,0
0.0697678,0,0.0760145,0,0,0
0.0696974,0,0.0762532,0,0,0
0.0696262,0,0.0764922,0,0,0
0.069554,0,0.0767314,0,0,0
0.0694809,0,0.0769708,0,0,0
0.069407,0,0.0772104,0,0,0
0.0693322,0,0.0774503,0,0,0
0.0692564,0,0.0776903,0,0,0
0.0691798,0,0.0779305,0,0,0
0.0691023,0,0.0781709,0,0,0
0.0690238,0,0.0784115,0,0,0
0.0689445,0,0.0786523,0,0,0
0.0688642,0,0.0788932,0,0,0
0.0687831,0,0.0791344,0,0,0
0.068701,0,0.0793757,0,0,0
0.068618,0,0.0796172,0,0,0
0.0685341,0,0.0798589,0,0,0
0.0684492,0,0.0801008,0,0,0
0.0683635,0,0.0803429,0,0,0
0.0682768,0,0.0805851,0,0,0
0.0681892,0,0.0808275,0,0,0
0.0681007,0,0.08107,0,0,0
0.0680112,0,0.0813127,0,0,0
0.0679208,0,0.0815556,0,0,0
0.0678295,0,0.0817986,0,0,0
0.0677372,0,0.0820418,0,0,0
0.067644,0,0.0822851,0,0,0
0.0675499,0,0.0825286,0,0,0
0.0674548,0,0.0827722,0,0,0
0.0673588,0,0.083016,0,0,0
0.0672618,0,0.0832599,0,0,0
0.0671638,0,0.0835039,0,0,0
0.067065,0,0.0837481,0,0,0
0.0669651,0,0.0839924,0,0,0
0.0668643,0,0.0842368,0,0,0
0.0667626,0,0.0844814,0,0,0
0.0666598,0,0.0847261,0,0,0
0.0665562,0,0.0849709,0,0,0
0.0664515,0,0.0852158,0,0,0
0.0663459,0,0.0854608,0,0,0
0.0662393,0,0.085706,0,0,0
0.0661318,0,0.0859513,0,0,0
0.0660232,0,0.0861966,0,0,0
0.0659133,0,0.086443,0,0,0
0.0658028,0,0.0866885,0,0,0
0.0656914,0,0.0869342,0,0,0
0.0655789,0,0.0871799,0,0,0
0.0654655,0,0.0874258,0,0,0
0.0653511,0,0.0876717,0,0,0
0.0652357,0,0.0879177,0,0,0
0.0651192,0,0.0881639,0,0,0
0.0650019,0,0.08841,0,0,0
0.0648835,0,0.0886563,0,0,0
0.0647641,0,0.0889026,0,0,0
0.0646437,0,0.089149,0,0,0
0.0645223,0,0.0893955,0,0,0
0.0643999,0,0.089642,0,0,0
0.0642765,0,0.0898886,0,0,0
0.0641521,0,0.0901352,0,0,0
0.0640267,0,0.0903819,0,0,0
0.0638999,0,0.0906295,0,0,0
0.0637724,0,0.0908763,0,0,0
0.063644,0,0.0911231,0,0,0
0.0635145,0,0.09137,0,0,0
0.063384,0,0.0916169,0,0,0
0.0632525,0,0.0918638,0,0,0
0.06312,0,0.0921108,0,0,0
0.0629864,0,0.0923578,0,0,0
0.0628518,0,0.0926048,0,0,0
0.0627162,0,0.0928519,0,0,0
0.0625795,0,0.0930992,0,0,0
0.0624418,0,0.0933462,0,0,0
0.0623031,0,0.0935933,0,0,0
0.0621633,0,0.0938404,0,0,0
0.0620225,0,0.0940875,0,0,0
0.0618807,0,0.0943347,0,0,0
0.0617378,0,0.0945818,0,0,0
0.0615939,0,0.0948289,0,0,0
0.0614489,0,0.0950759,0,0,0
0.0613029,0,0.095323,0,0,0
0.0611558,0,0.0955701,0,0,0
0.0610077,0,0.0958171,0,0,0
0.0608585,0,0.0960641,0,0,0
0.0607083,0,0.0963111,0,0,0
0.060557,0,0.096558,0,0,0
0.0604047,0,0.096805,0,0,0
0.0602513,0,0.0970518,0,0,0
0.0600968,0,0.0972987,0,0,0
0.0599413,0,0.0975455,0,0,0
0.0597847,0,0.0977922,0,0,0
0.059627,0,0.0980389,0,0,0
0.0594683,0,0.0982855,0,0,0
0.0593085,0,0.0985321,0,0,0
0.0591476,0,0.0987786,0,0,0
0.0589856,0,0.0990251,0,0,0
0.0588226,0,0.0992714,0,0,0
0.0586585,0,0.0995177,0,0,0
0.0584933,0,0.0997639,0,0,0
0.058327,0,0.10001,0,0,0
0.0581597,0,0.100256,0,0,0
0.0579912,0,0.100502,0,0,0
0.0578217,0,0.100748,0,0,0
0.0576511,0,0.100994,0,0,0
0.0574793,0,0.101239,0,0,0
0.0573065,0,0.101485,0,0,0
0.0571326,0,0.10173,0,0,0
0.0569576,0,0.101976,0,0,0
0.0567815,0,0.102221,0,0,0
0.0566043,0,0.102466,0,0,0
0.0564261,0,0.102711,0,0,0
0.0562466,0,0.102956,0,0,0
0.0560661,0,0.103201,0,0,0
0.0558845,0,0.103445,0,0,0
0.0557018,0,0.10369,0,0,0
0.055518,0,0.103934,0,0,0
0.0553331,0,0.104178,0,0,0
0.055147,0,0.104422,0,0,0
0.0549599,0,0.104666,0,0,0
0.0547716,0,0.104909,0,0,0
0.0545822,0,0.105153,0,0,0
0.0543917,0,0.105396,0,0,0
0.0542001,0,0.105639,0,0,0
0.0540074,0,0.105882,0,0,0
0.0538135,0,0.106125,0,0,0
0.0536185,0,0.106368,0,0,0
0.0534224,0,0.10661,0,0,0
0.0532252,0,0.106853,0,0,0
0.0530268,0,0.107095,0,0,0
0.0528273,0,0.107336,0,0,0
0.0526267,0,0.107578,0,0,0
0.0524249,0,0.107819,0,0,0
0.0522221,0,0.108061,0,0,0
0.052018,0,0.108302,0,0,0
0.0518129,0,0.108542,0,0,0
0.0516066,0,0.108783,0,0,0
0.0513991,0,0.109023,0,0,0
0.0511906,0,0.109263,0,0,0
0.0509808,0,0.109503,0,0,0
0.05077,0,0.109743,0,0,0
0.050558,0,0.109982,0,0,0
0.0503448,0,0.110221,0,0,0
0.0501306,0,0.11046,0,0,0
0.0499151,0,0.110698,0,0,0
0.0496974,0,0.110938,0,0,0
0.0494796,0,0.111176,0,0,0
0.0492607,0,0.111414,0,0,0
0.0490407,0,0.111651,0,0,0
0.0488195,0,0.111888,0,0,0
0.0485972,0,0.112125,0,0,0
0.0483737,0,0.112362,0,0,0
0.048149,0,0.112598,0,0,0
0.0479232,0,0.112834,0,0,0
0.0476962,0,0.113069,0,0,0
0.0474681,0,0.113305,0,0,0
0.0472388,0,0.11354,0,0,0
0.0470083,0,0.113774,0,0,0
0.0467767,0,0.114009,0,0,0
0.0465439,0,0.114243,0,0,0
0.04631,0,0.114477,0,0,0
0.0460749,0,0.11471,0,0,0
0.0458386,0,0.114943,0,0,0
0.0456011,0,0.115176,0,0,0
0.0453625,0,0.115408,0,0,0
0.0451227,0,0.11564,0,0,0
0.0448818,0,0.115871,0,0,0
0.0446397,0,0.116103,0,0,0
0.0443964,0,0.116334,0,0,0
0.0441519,0,0.116564,0,0,0
0.0439063,0,0.116794,0,0,0
0.0436595,0,0.117024,0,0,0
0.0434115,0,0.117253,0,0,0
0.0431623,0,0.117482,0,0,0
0.042912,0,0.11771,0,0,0
0.0426604,0,0.117939,0,0,0
0.0424077,0,0.118166,0,0,0
0.0421539,0,0.118393,0,0,0
0.0418988,0,0.11862,0,0,0
0.0416426,0,0.118847,0,0,0
0.0413852,0,0.119073,0,0,0
0.0411266,0,0.119298,0,0,0
0.0408668,0,0.119523,0,0,0
0.0406058,0,0.119748,0,0,0
0.0403437,0,0.119972,0,0,0
0.0400804,0,0.120196,0,0,0
0.0398158,0,0.120419,0,0,0
0.0395501,0,0.120642,0,0,0
0.0392833,0,0.120864,0,0,0
0.0390152,0,0.121086,0,0,0
0.0387459,0,0.121307,0,0,0
0.0384755,0,0.121528,0,0,0
0.0382039,0,0.121749,0,0,0
0.037931,0,0.121969,0,0,0
0.037657,0,0.122188,0,0,0
0.0373818,0,0.122407,0,0,0
0.0371055,0,0.122625,0,0,0
0.0368279,0,0.122843,0,0,0
0.0365491,0,0.12306,0,0,0
0.0362692,0,0.123277,0,0,0
0.0359621,0,0.123404,0,0,0
0.0356448,0,0.123496,0,0,0
0.0353272,0,0.123588,0,0,0
0.0350093,0,0.123678,0,0,0
0.0346913,0,0.123768,0,0,0
0.034373,0,0.123856,0,0,0
0.0340545,0,0.123944,0,0,0
0.0337357,0,0.124031,0,0,0
0.0334168,0,0.124118,0,0,0
0.0330976,0,0.124203,0,0,0
0.0327782,0,0.124288,0,0,0
0.0324586,0,0.124372,0,0,0
0.0321349,0,0.124456,0,0,0
0.0318148,0,0.124538,0,0,0
0.0314946,0,0.124619,0,0,0
0.0311741,0,0.1247,0,0,0
0.0308534,0,0.12478,0,0,0
0.0305326,0,0.124859,0,0,0
0.0302115,0,0.124937,0,0,0
0.0298902,0,0.125014,0,0,0
0.0295687,0,0.12509,0,0,0
0.029247,0,0.125166,0,0,0
0.0289242,0,0.125241,0,0,0
0.0286021,0,0.125315,0,0,0
0.0282799,0,0.125388,0,0,0
0.0279574,0,0.12546,0,0,0
0.0276348,0,0.125532,0,0,0
0.027312,0,0.125602,0,0,0
0.026989,0,0.125672,0,0,0
0.0266659,0,0.125741,0,0,0
0.0263425,0,0.125809,0,0,0
0.026019,0,0.125877,0,0,0
0.0256953,0,0.125943,0,0,0
0.0253715,0,0.126009,0,0,0
0.0250475,0,0.126073,0,0,0
0.0247233,0,0.126137,0,0,0
0.0243989,0,0.126201,0,0,0
0.0240744,0,0.126263,0,0,0
0.0237498,0,0.126324,0,0,0
0.0234249,0,0.126385,0,0,0
0.0230999,0,0.126445,0,0,0
0.0227748,0,0.126504,0,0,0
0.0224495,0,0.126562,0,0,0
0.0221241,0,0.126619,0,0,0
0.0217985,0,0.126676,0,0,0
0.0214728,0,0.126731,0,0,0
0.0211469,0,0.126786,0,0,0
0.0208209,0,0.12684,0,0,0
0.0204948,0,0.126893,0,0,0
0.0201685,0,0.126945,0,0,0
0.0198421,0,0.126997,0,0,0
0.0195156,0,0.127047,0,0,0
0.0191889,0,0.127097,0,0,0
0.0188621,0,0.127146,0,0,0
0.0185352,0,0.127194,0,0,0
0.0182081,0,0.127241,0,0,0
0.017881,0,0.127288,0,0,0
0.0175537,0,0.127333,0,0,0
0.0172263,0,0.127378,0,0,0
0.0168988,0,0.127422,0,0,0
0.0165711,0,0.127465,0,0,0
0.0162434,0,0.127507,0,0,0
0.0159156,0,0.127548,0,0,0
0.0155876,0,0.127589,0,0,0
0.0152596,0,0.127629,0,0,0
0.0149314,0,0.127667,0,0,0
0.0146032,0,0.127705,0,0,0
0.0142748,0,0.127742,0,0,0
0.0139464,0,0.127779,0,0,0
0.0136178,0,0.127814,0,0,0
0.0132892,0,0.127849,0,0,0
0.0129605,0,0.127882,0,0,0
0.0126317,0,0.127915,0,0,0
0.0123028,0,0.127947,0,0,0
0.0119739,0,0.127979,0,0,0
0.0116448,0,0.128009,0,0,0
0.0113157,0,0.128038,0,0,0
0.0109865,0,0.128067,0,0,0
0.0106573,0,0.128095,0,0,0
0.0103279,0,0.128122,0,0,0
0.00999851,0,0.128148,0,0,0
0.00966904,0,0.128173,0,0,0
0.00933951,0,0.128198,0,0,0
0.00900992,0,0.128221,0,0,0
0.00868026,0,0.128244,0,0,0
0.00835055,0,0.128266,0,0,0
0.00802078,0,0.128287,0,0,0
0.00769096,0,0.128307,0,0,0
0.00736109,0,0.128327,0,0,0
0.00703117,0,0.128345,0,0,0
0.00670121,0,0.128363,0,0,0
0.0063712,0,0.12838,0,0,0
0.00604114,0,0.128395,0,0,0
0.00571105,0,0.128411,0,0,0
0.00538092,0,0.128425,0,0,0
0.00504792,0,0.128438,0,0,0
0.00471772,0,0.128451,0,0,0
0.00438749,0,0.128463,0,0,0
0.00405723,0,0.128473,0,0,0
0.00372694,0,0.128483,0,0,0
0.00339663,0,0.128493,0,0,0
0.0030663,0,0.128501,0,0,0
0.00273594,0,0.128508,0,0,0
0.00240557,0,0.128515,0,0,0
0.00207519,0,0.128521,0,0,0
0.00174478,0,0.128526,0,0,0
0.00141437,0,0.12853,0,0,0
0.00108395,0,0.128533,0,0,0
0.00075352,0,0.128535,0,0,0
0.000423086,0,0.128537,0,0,0
9.26486e-05,0,0.128537,0,0,0
-0,0,0.128538,0,0,0
-0,0,0.128538,0,0,0
-0,0,0.128538,0,0,0
-0,0,0.128538,0,0,0
-0,0,0.128538,0,0,0
-0,0,0.128538,0,0,0
-0,0,0.128538,0,0,0
-0,0,0.128538,0,0,0
-0,0,0.128538,0,0,0
-0,0,0.128538,0,0,0
-0,0,0.128538,0,0,0
-0,0,0.128538,0,0,0
-0,0,0.128538,0,0,0
-0,0,0.128538,0,0,0
-0,0,0.128538,0,0,0
-0,0,0.128538,0,0,0
-0,0,0.128538,0,0,0
-0,0,0.128538,0,0,0
-0,0,0.128538,0,0,0
-0,0,0.128538,0,0,0
-0,0,0.128538,0,0,0
-0,0,0.128538,0,0,0
-0,0,0.128538,0,0,0
-0,0,0.128538,0,0,0
-0,0,0.128538,0,0,0
-0,0,0.128538,0,0,0
-0,0,0.128538,0,0,0
-0,0,0.128538,0,0,0
-0,0,0.128538,0,0,0
-0,0,0.128538,0,0,0
-0,0,0.128538,0,0,0
-0,0,0.128538,0,0,0
-0,0,0.128538,0,0,0
-0,0,0.128538,0,0,0
-0,0,0.128538,0,0,0
-0,0,0.128538,0,0,0
-0,0,0.128538,0,0,0
-0,0,0.128538,0,0,0
-0,0,0.128538,0,0,0
-0,0,0.128538,0,0,0
-0,0,0.128538,0,0,0
-0,0,0.128538,0,0,0
-0,0,0.128538,0,0,0
-0,0,0.128538,0,0,0
-0,0,0.128538,0,0,0
-0,0,0.128538,0,0,0
-0,0,0.128538,0,0,0
-0,0,0.128538,0,0,0
-0,0,0.128538,0,0,0
-0,0,0.128538,0,0,0
-0,0,0.128538,0,0,0
-0,0,0.128538,0,0,0
-0,0,0.128538,0,0,0
-0,0,0.128538,0,0,0
-0,0,0.128538,0,0,0
-0,0,0.128538,0,0,0
-0,0,0.128538,0,0,0
-0,0,0.128538,0,0,0
-0,0,0.128538,0,0,0
-0,0,0.128538,0,0,0
-0,0,0.128538,0,0,0
-0,0,0.128538,0,0,0
-0,0,0.128538,0,0,0
-0,0,0.128538,0,0,0
-0,0,0.128538,0,0,0
-0,0,0.128538,0,0,0
-0,0,0.128538,0,0,0
-0,0,0.128538,0,0,0
-0,0,0.128538,0,0,0
-0,0,0.128538,0,0,0
-0,0,0.128538,0,0,0
-0,0,0.128538,0,0,0
-0,0,0.128538,0,0,0
-0,0,0.128538,0,0,0
-0,0,0.128538,0,0,0
-0,0,0.128538,0,0,0
-0,0,0.128538,0,0,0
-0,0,0.128538,0,0,0
-0,0,0.128538,0,0,0
-0,0,0.128538,0,0,0
-0,0,0.128538,0,0,0
-0,0,0.128538,0,0,0
-0,0,0.128538,0,0,0
-0,0,0.128538,0,0,0
-0,0,0.128538,0,0,0
-0,0,0.128538,0,0,0
-0,0,0.128538,0,0,0
-0,0,0.128538,0,0,0
-0,0,0.128538,0,0,0
-0,0,0.128538,0,0,0
-0,0,0.128538,0,0,0
-0,0,0.128538,0,0,0
-0,0,0.128538,0,0,0
-0,0,0.128538,0,0,0
-0,0,0.128538,0,0,0
-0,0,0.128538,0,0,0
-0,0,0.128538,0,0,0
-0,0,0.128538,0,0,0
-0,0,0.128538,0,0,0
-0,0,0.128538,0,0,0
-0,0,0.128538,0,0,0
-0,0,0.128538,0,0,0
-0,0,0.128538,0,0,0
-0,0,0.128538,0,0,0
-0,0,0.128538,0,0,0
-0,0,0.128538,0,0,0
-0,0,0.128538,0,0,0
-0,0,0.128538,0,0,0
-0,0,0.128538,0,0,0
-0,0,0.128538,0,0,0
-0,0,0.128538,0,0,0
-0,0,0.128538,0,0,0
-0,0,0.128538,0,0,0
-0,0,0.128538,0,0,0
-0,0,0.128538,0,0,0
-0,0,0.128538,0,0,0
-0,0,0.128538,0,0,0
-0,0,0.128538,0,0,0
-0,0,0.128538,0,0,0
-0,0,0.128538,0,0,0
-0,0,0.128538,0,0,0
-0,0,0.128538,0,0,0
-0,0,0.128538,0,0,0
-0,0,0.128538,0,0,0
-0,0,0.128538,0,0,0
-0,0,0.128538,0,0,0
-0,0,0.128538,0,0,0
-0,0,0.128538,0,0,0
-0,0,0.128538,0,0,0
-0,0,0.128538,0,0,0
-0,0,0.128538,0,0,0
-0,0,0.128538,0,0,0
-0,0,0.128538,0,0,0
-0,0,0.128538,0,0,0
-0,0,0.128538,0,0,0
-0,0,0.128538,0,0,0
-0,0,0.128538,0,0,0
-0,0,0.128538,0,0,0
-0,0,0.128538,0,0,0
-0,0,0.128538,0,0,0
-0,0,0.128538,0,0,0
-0,0,0.128538,0,0,0
-0,0,0.128538,0,0,0
-0,0,0.128538,0,0,0
-0,0,0.128538,0,0,0
-0,0,0.128538,0,0,0
-0,0,0.128538,0,0,0
-0,0,0.128538,0,0,0
-0,0,0.128538,0,0,0
-0,0,0.128538,0,0,0
-0,0,0.128538,0,0,0
-0,0,0.128538,0,0,0
-0,0,0.128538,0,0,0
-0,0,0.128538,0,0,0
-0,0,0.128538,0,0,0
-0,0,0.128538,0,0,0
-0,0,0.128538,0,0,0
-0,0,0.128538,0,0,0
-0,0,0.128538,0,0,0
-0,0,0.128538,0,0,0
-0,0,0.128538,0,0,0
-0,0,0.128538,0,0,0
-0,0,0.128538,0,0,0
-0,0,0.128538,0,0,0
-0,0,0.128538,0,0,0
-0,0,0.128538,0,0,0
-0,0,0.128538,0,0,0
-0,0,0.128538,0,0,0
-0,0,0.128538,0,0,0
-0,0,0.128538,0,0,0
-0,0,0.128538,0,0,0
-0,0,0.128538,0,0,0
-0,0,0.128538,0,0,0
-0,0,0.128538,0,0,0
-0,0,0.128538,0,0,0
-0,0,0.128538,0,0,0
-0,0,0.128538,0,0,0
-0,0,0.128538,0,0,0
-0,0,0.128538,0,0,0
-0,0,0.128538,0,0,0
-0,0,0.128538,0,0,0
-0,0,0.128538,0,0,0
-0,0,0.128538,0,0,0
-0,0,0.128538,0,0,0
-0,0,0.128538,0,0,0
-0,0,0.128538,0,0,0
-0,0,0.128538,0,0,0
-0,0,0.128538,0,0,0
-0,0,0.128538,0,0,0
-0,0,0.128538,0,0,0
-0,0,0.128538,0,0,0
-0,0,0.128538,0,0,0
-0,0,0.128538,0,0,0
-0,0,0.128538,0,0,0
-0,0,0.128538,0,0,0
-0,0,0.128538,0,0,0
-0,0,0.128538,0,0,0
-0,0,0.128538,0,0,0
-0,0,0.128538,0,0,0
-0,0,0.128538,0,0,0
-0,0,0.128538,0,0,0
-0,0,0.128538,0,0,0
-0,0,0.128538,0,0,0
-0,0,0.128538,0,0,0
-0,0,0.128538,0,0,0
-0,0,0.128538,0,0,0
-0,0,0.128538,0,0,0
-0,0,0.128538,0,0,0
-0,0,0.128538,0,0,0
-0,0,0.128538,0,0,0
-0,0,0.128538,0,0,0
-0,0,0.128538,0,0,0
-0,0,0.128538,0,0,0
-0,0,0.128538,0,0,0
-0,0,0.128538,0,0,0
-0,0,0.128538,0,0,0
-0,0,0.128538,0,0,0
-0,0,0.128538,0,0,0
-0,0,0.128538,0,0,0
-0,0,0.128538,0,0,0
-0,0,0.128538,0,0,0
-0,0,0.128538,0,0,0
-0,0,0.128538,0,0,0
-0,0,0.128538,0,0,0
-0,0,0.128538,0,0,0
-0,0,0.128538,0,0,0
-0,0,0.128538,0,0,0
-0,0,0.128538,0,0,0
-0,0,0.128538,0,0,0
-0,0,0.128538,0,0,0
-0,0,0.128538,0,0,0
-0,0,0.128538,0,0,0
-0,0,0.128538,0,0,0
-0,0,0.128538,0,0,0
-0,0,0.128538,0,0,0
-0,0,0.128538,0,0,0
-0,0,0.128538,0,0,0
-0,0,0.128538,0,0,0
-0,0,0.128538,0,0,0
-0,0,0.128538,0,0,0
-0,0,0.128538,0,0,0
-0,0,0.128538,0,0,0
-0,0,0.128538,0,0,0
-0,0,0.128538,0,0,0
-0,0,0.128538,0,0,0
-0,0,0.128538,0,0,0
-0,0,0.128538,0,0,0
-0,0,0.128538,0,0,0
-0,0,0.128538,0,0,0
-0,0,0.128538,0,0,0
-0,0,0.128538,0,0,0
-0,0,0.128538,0,0,0
-0,0,0.128538,0,0,0
-0,0,0.128538,0,0,0
-0,0,0.128538,0,0,0
-0,0,0.128538,0,0,0
-0,0,0.128538,0,0,0
-0,0,0.128538,0,0,0
-0,0,0.128538,0,0,0
-0,0,0.128538,0,0,0
-0,0,0.128538,0,0,0
-0,0,0.128538,0,0,0
-0,0,0.128538,0,0,0
-0,0,0.128538,0,0,0
-0,0,0.128538,0,0,0
-0,0,0.128538,0,0,0
-0,0,0.128538,0,0,0
-0,0,0.128538,0,0,0
-0,0,0.128538,0,0,0
-0,0,0.128538,0,0,0
-0,0,0.128538,0,0,0
-0,0,0.128538,0,0,0
-0,0,0.128538,0,0,0
-0,0,0.128538,0,0,0
-0,0,0.128538,0,0,0
-0,0,0.128538,0,0,0
-0,0,0.128538,0,0,0
-0,0,0.128538,0,0,0
-0,0,0.128538,0,0,0
-0,0,0.128538,0,0,0
-0,0,0.128538,0,0,0
-0,0,0.128538,0,0,0
-0,0,0.128538,0,0,0
-0,0,0.128538,0,0,0
-0,0,0.128538,0,0,0
-0,0,0.128538,0,0,0
-0,0,0.128538,0,0,0
-0,0,0.128538,0,0,0
-0,0,0.128538,0,0,0
-0,0,0.128538,0,0,0
-0,0,0.128538,0,0,0
-0,0,0.128538,0,0,0
-0,0,0.128538,0,0,0
-0,0,0.128538,0,0,0
-0,0,0.128538,0,0,0
-0,0,0.128538,0,0,0
-0,0,0.128538,0,0,0
-0,0,0.128538,0,0,0
-0,0,0.128538,0,0,0
-0,0,0.128538,0,0,0
-0,0,0.128538,0,0,0
-0,0,0.128538,0,0,0
-0,0,0.128538,0,0,0
-0,0,0.128538,0,0,0
-0,0,0.128538,0,0,0
-0,0,0.128538,0,0,0
-0,0,0.128538,0,0,0
-0,0,0.128538,0,0,0
-0,0,0.128538,0,0,0
-0,0,0.128538,0,0,0
-0,0,0.128538,0,0,0
-0,0,0.128538,0,0,0
-0,0,0.128538,0,0,0
-0,0,0.128538,0,0,0
-0,0,0.128538,0,0,0
-0,0,0.128538,0,0,0
-0,0,0.128538,0,0,0
-0,0,0.128538,0,0,0
-0,0,0.128538,0,0,0
-0,0,0.128538,0,0,0
-0,0,0.128538,0,0,0
-0,0,0.128538,0,0,0
-0,0,0.128538,0,0,0
-0,0,0.128538,0,0,0
-0,0,0.128538,0,0,0
-0,0,0.128538,0,0,0
-0,0,0.128538,0,0,0
-0,0,0.128538,0,0,0
-0,0,0.128538,0,0,0
-0,0,0.128538,0,0,0
-0,0,0.128538,0,0,0
-0,0,0.128538,0,0,0
-0,0,0.128538,0,0,0
-0,0,0.128538,0,0,0
-0,0,0.128538,0,0,0
-0,0,0.128538,0,0,0
-0,0,0.128538,0,0,0
-0,0,0.128538,0,0,0
-0,0,0.128538,0,0,0
-0,0,0.128538,0,0,0
-0,0,0.128538,0,0,0
-0,0,0.128538,0,0,0
-0,0,0.128538,0,0,0
-0,0,0.128538,0,0,0
-0,0,0.128538,0,0,0
-0,0,0.128538,0,0,0
-0,0,0.128538,0,0,0
-0,0,0.128538,0,0,0
-0,0,0.128538,0,0,0
-0,0,0.128538,0,0,0
-0,0,0.128538,0,0,0
-0,0,0.128538,0,0,0
-0,0,0.128538,0,0,0
-0,0,0.128538,0,0,0
-0,0,0.128538,0,0,0
-0,0,0.128538,0,0,0
-0,0,0.128538,0,0,0
-0,0,0.128538,0,0,0
-0,0,0.128538,0,0,0
-0,0,0.128538,0,0,0
-0,0,0.128538,0,0,0
-0,0,0.128538,0,0,0
-0,0,0.128538,0,0,0
-0,0,0.128538,0,0,0
-0,0,0.128538,0,0,0
-0,0,0.128538,0,0,0
-0,0,0.128538,0,0,0
-0,0,0.128538,0,0,0
-0,0,0.128538,0,0,0
-0,0,0.128538,0,0,0
-0,0,0.128538,0,0,0
-0,0,0.128538,0,0,0
-0,0,0.128538,0,0,0
-0,0,0.128538,0,0,0
-0,0,0.128538,0,0,0
-0,0,0.128538,0,0,0
-0,0,0.128538,0,0,0
-0,0,0.128538,0,0,0
-0,0,0.128538,0,0,0
-0,0,0.128538,0,0,0
-0,0,0.128538,0,0,0
-0,0,0.128538,0,0,0
-0,0,0.128538,0,0,0
-0,0,0.128538,0,0,0
-0,0,0.128538,0,0,0
-0,0,0.128538,0,0,0
-0,0,0.128538,0,0,0
-0,0,0.128538,0,0,0
-0,0,0.128538,0,0,0
-0,0,0.128538,0,0,0
-0,0,0.128538,0,0,0
-0,0,0.128538,0,0,0
-0,0,0.128538,0,0,0
-0,0,0.128538,0,0,0
-0,0,0.128538,0,0,0
-0,0,0.128538,0,0,0
-0,0,0.128538,0,0,0
-0,0,0.128538,0,0,0
-0,0,0.128538,0,0,0
-0,0,0.128538,0,0,0
-0,0,0.128538,0,0,0
-0,0,0.128538,0,0,0
-0,0,0.128538,0,0,0
-0,0,0.128538,0,0,0
-0,0,0.128538,0,0,0
-0,0,0.128538,0,0,0
-0,0,0.128538,0,0,0
-0,0,0.128538,0,0,0
-0,0,0.128538,0,0,0
-0,0,0.128538,0,0,0
-0,0,0.128538,0,0,0
-0,0,0.128538,0,0,0
-0,0,0.128538,0,0,0
-0,0,0.128538,0,0,0
-0,0,0.128538,0,0,0
-0,0,0.128538,0,0,0
-0,0,0.128538,0,0,0
-0,0,0.128538,0,0,0
-0,0,0.128538,0,0,0
-0,0,0.128538,0,0,0
-0,0,0.128538,0,0,0
-0,0,0.128538,0,0,0
-0,0,0.128538,0,0,0
-0,0,0.128538,0,0,0
-0,0,0.128538,0,0,0
-0,0,0.128538,0,0,0
-0,0,0.128538,0,0,0
-0,0,0.128538,0,0,0
-0,0,0.128538,0,0,0
-0,0,0.128538,0,0,0
-0,0,0.128538,0,0,0
-0,0,0.128538,0,0,0
-0,0,0.128538,0,0,0
-0,0,0.128538,0,0,0
-0,0,0.128538,0,0,0
-0,0,0.128538,0,0,0
-0,0,0.128538,0,0,0
-0,0,0.128538,0,0,0
-0,0,0.128538,0,0,0
-0,0,0.128538,0,0,0
-0,0,0.128538,0,0,0
-0,0,0.128538,0,0,0
-0,0,0.128538,0,0,0
-0,0,0.128538,0,0,0
-0,0,0.128538,0,0,0
-0,0,0.128538,0,0,0
-0,0,0.128538,0,0,0
-0,0,0.128538,0,0,0
-0,0,0.128538,0,0,0
-0,0,0.128538,0,0,0
-0,0,0.128538,0,0,0
-0,0,0.128538,0,0,0
-0,0,0.128538,0,0,0
-0,0,0.128538,0,0,0
-0,0,0.128538,0,0,0
-0,0,0.128538,0,0,0
-0,0,0.128538,0,0,0
-0,0,0.128538,0,0,0
-0,0,0.128538,0,0,0
-0,0,0.128538,0,0,0
-0,0,0.128538,0,0,0
-0,0,0.128538,0,0,0
-0,0,0.128538,0,0,0
-0,0,0.128538,0,0,0
-0,0,0.128538,0,0,0
-0,0,0.128538,0,0,0
-0,0,0.128538,0,0,0
-0,0,0.128538,0,0,0
-0,0,0.128538,0,0,0
-0,0,0.128538,0,0,0
-0,0,0.128538,0,0,0
-0,0,0.128538,0,0,0
-0,0,0.128538,0,0,0
-0,0,0.128538,0,0,0
-0,0,0.128538,0,0,0
-0,0,0.128538,0,0,0
-0,0,0.128538,0,0,0
-0,0,0.128538,0,0,0
-0,0,0.128538,0,0,0
-0,0,0.128538,0,0,0
-0,0,0.128538,0,0,0
-0,0,0.128538,0,0,0
-0,0,0.128538,0,0,0
-0,0,0.128538,0,0,0
-0,0,0.128538,0,0,0
-0,0,0.128538,0,0,0
-0,0,0.128538,0,0,0
-0,0,0.128538,0,0,0
-0,0,0.128538,0,0,0
-0,0,0.128538,0,0,0
-0,0,0.128538,0,0,0
-0,0,0.128538,0,0,0
-0,0,0.128538,0,0,0
-0,0,0.128538,0,0,0
-0,0,0.128538,0,0,0
-0,0,0.128538,0,0,0
-0,0,0.128538,0,0,0
-0,0,0.128538,0,0,0
-0,0,0.128538,0,0,0
-0,0,0.128538,0,0,0
-0,0,0.128538,0,0,0
-0,0,0.128538,0,0,0
-0,0,0.128538,0,0,0
-0,0,0.128538,0,0,0
-0,0,0.128538,0,0,0
-0,0,0.128538,0,0,0
-0,0,0.128538,0,0,0
-0,0,0.128538,0,0,0
-0,0,0.128538,0,0,0
-0,0,0.128538,0,0,0
-0,0,0.128538,0,0,0
-0,0,0.128538,0,0,0
-0,0,0.128538,0,0,0
-0,0,0.128538,0,0,0
-0,0,0.128538,0,0,0
-0,0,0.128538,0,0,0
-0,0,0.128538,0,0,0
-0,0,0.128538,0,0,0
-0,0,0.128538,0,0,0
-0,0,0.128538,0,0,0
-0,0,0.128538,0,0,0
-0,0,0.128538,0,0,0
-0,0,0.128538,0,0,0
-0,0,0.128538,0,0,0
-0,0,0.128538,0,0,0
-0,0,0.128538,0,0,0
-0,0,0.128538,0,0,0
-0,0,0.128538,0,0,0
-0,0,0.128538,0,0,0
-0,0,0.128538,0,0,0
-0,0,0.128538,0,0,0
-0,0,0.128538,0,0,0
-0,0,0.128538,0,0,0
-0,0,0.128538,0,0,0
-0,0,0.128538,0,0,0
-0,0,0.128538,0,0,0
-0,0,0.128538,0,0,0
-0,0,0.128538,0,0,0
-0,0,0.128538,0,0,0
-0,0,0.128538,0,0,0
-0,0,0.128538,0,0,0
-0,0,0.128538,0,0,0
-0,0,0.128538,0,0,0
-0,0,0.128538,0,0,0
-0,0,0.128538,0,0,0
-0,0,0.128538,0,0,0
-0,0,0.128538,0,0,0
-0,0,0.128538,0,0,0
-0,0,0.128538,0,0,0
-0,0,0.128538,0,0,0
-0,0,0.128538,0,0,0
-0,0,0.128538,0,0,0
-0,0,0.128538,0,0,0
-0,0,0.128538,0,0,0
-0,0,0.128538,0,0,0
-0,0,0.128538,0,0,0
-0,0,0.128538,0,0,0
-0,0,0.128538,0,0,0
-0,0,0.128538,0,0,0
-0,0,0.128538,0,0,0
-0,0,0.128538,0,0,0
-0,0,0.128538,0,0,0
-0,0,0.128538,0,0,0
-0,0,0.128538,0,0,0
-0,0,0.128538,0,0,0
-0,0,0.128538,0,0,0
-0,0,0.128538,0,0,0
-0,0,0.128538,0,0,0
-0,0,0.128538,0,0,0
-0,0,0.128538,0,0,0
-0,0,0.128538,0,0,0
-0,0,0.128538,0,0,0
-0,0,0.128538,0,0,0
-0,0,0.128538,0,0,0
-0,0,0.128538,0,0,0
-0,0,0.128538,0,0,0
-0,0,0.128538,0,0,0
-0,0,0.128538,0,0,0
-0,0,0.128538,0,0,0
-0,0,0.128538,0,0,0
-0,0,0.128538,0,0,0
-0,0,0.128538,0,0,0
-0,0,0.128538,0,0,0
-0,0,0.128538,0,0,0
-0,0,0.128538,0,0,0
-0,0,0.128538,0,0,0
-0,0,0.128538,0,0,0
-0,0,0.128538,0,0,0
-0,0,0.128538,0,0,0
-0,0,0.128538,0,0,0
-0,0,0.128538,0,0,0
-0,0,0.128538,0,0,0
-0,0,0.128538,0,0,0
-0,0,0.128538,0,0,0
-0,0,0.128538,0,0,0
-0,0,0.128538,0,0,0
-0,0,0.128538,0,0,0
-0,0,0.128538,0,0,0
-0,0,0.128538,0,0,0
-0,0,0.128538,0,0,0
-0,0,0.128538,0,0,0
-0,0,0.128538,0,0,0
-0,0,0.128538,0,0,0
-0,0,0.128538,0,0,0
-0,0,0.128538,0,0,0
-0,0,0.128538,0,0,0
-0,0,0.128538,0,0,0
-0,0,0.128538,0,0,0
-0,0,0.128538,0,0,0
-0,0,0.128538,0,0,0
-0,0,0.128538,0,0,0
-0,0,0.128538,0,0,0
-0,0,0.128538,0,0,0
-0,0,0.128538,0,0,0
-0,0,0.128538,0,0,0
-0,0,0.128538,0,0,0
-0,0,0.128538,0,0,0
-0,0,0.128538,0,0,0
-0,0,0.128538,0,0,0
-0,0,0.128538,0,0,0
-0,0,0.128538,0,0,0
-0,0,0.128538,0,0,0
-0,0,0.128538,0,0,0
-0,0,0.128538,0,0,0
-0,0,0.128538,0,0,0
-0,0,0.128538,0,0,0
-0,0,0.128538,0,0,0
-0,0,0.128538,0,0,0
-0,0,0.128538,0,0,0
-0,0,0.128538,0,0,0
-0,0,0.128538,0,0,0
-0,0,0.128538,0,0,0
-0,0,0.128538,0,0,0
-0,0,0.128538,0,0,0
-0,0,0.128538,0,0,0
-0,0,0.128538,0,0,0
-0,0,0.128538,0,0,0
-0,0,0.128538,0,0,0
-0,0,0.128538,0,0,0
-0,0,0.128538,0,0,0
-0,0,0.128538,0,0,0
-0,0,0.128538,0,0,0
-0,0,0.128538,0,0,0
-0,0,0.128538,0,0,0
-0,0,0.128538,0,0,0
-0,0,0.128538,0,0,0
-0,0,0.128538,0,0,0
-0,0,0.128538,0,0,0
-0,0,0.128538,0,0,0
-0,0,0.128538,0,0,0
-0,0,0.128538,0,0,0
-0,0,0.128538,0,0,0
-0,0,0.128538,0,0,0
-0,0,0.128538,0,0,0
-0,0,0.128538,0,0,0
-0,0,0.128538,0,0,0
-0,0,0.128538,0,0,0
-0,0,0.128538,0,0,0
-0,0,0.128538,0,0,0
-0,0,0.128538,0,0,0
-0,0,0.128538,0,0,0
-0,0,0.128538,0,0,0
-0,0,0.128538,0,0,0
-0,0,0.128538,0,0,0
-0,0,0.128538,0,0,0
-0,0,0.128538,0,0,0
-0,0,0.128538,0,0,0
-0,0,0.128538,0,0,0
-0,0,0.128538,0,0,0
-0,0,0.128538,0,0,0
-0,0,0.128538,0,0,0
-0,0,0.128538,0,0,0
-0,0,0.128538,0,0,0
-0,0,0.128538,0,0,0
-0,0,0.128538,0,0,0
-0,0,0.128538,0,0,0
-0,0,0.128538,0,0,0
-0,0,0.128538,0,0,0
-0,0,0.128538,0,0,0
-0,0,0.128538,0,0,0
-0,0,0.128538,0,0,0
-0,0,0.128538,0,0,0
-0,0,0.128538,0,0,0
-0,0,0.128538,0,0,0
-0,0,0.128538,0,0,0
-0,0,0.128538,0,0,0
-0,0,0.128538,0,0,0
-0,0,0.128538,0,0,0
-0,0,0.128538,0,0,0
-0,0,0.128538,0,0,0
-0,0,0.128538,0,0,0
-0,0,0.128538,0,0,0
-0,0,0.128538,0,0,0
-0,0,0.128538,0,0,0
-0,0,0.128538,0,0,0
-0,0,0.128538,0,0,0
-0,0,0.128538,0,0,0
-0,0,0.128538,0,0,0
-0,0,0.128538,0,0,0
-0,0,0.128538,0,0,0
-0,0,0.128538,0,0,0
-0,0,0.128538,0,0,0
-0,0,0.128538,0,0,0
-0,0,0.128538,0,0,0
-0,0,0.128538,0,0,0
-0,0,0.128538,0,0,0
-0,0,0.128538,0,0,0
-0,0,0.128538,0,0,0
-0,0,0.128538,0,0,0
-0,0,0.128538,0,0,0
-0,0,0.128538,0,0,0
-0,0,0.128538,0,0,0
-0,0,0.128538,0,0,0
-0,0,0.128538,0,0,0
-0,0,0.128538,0,0,0
-0,0,0.128538,0,0,0
-0,0,0.128538,0,0,0
-0,0,0.128538,0,0,0
-0,0,0.128538,0,0,0
-0,0,0.128538,0,0,0
-0,0,0.128538,0,0,0
-0,0,0.128538,0,0,0
-0,0,0.128538,0,0,0
-0,0,0.128538,0,0,0
-0,0,0.128538,0,0,0
-0,0,0.128538,0,0,0
-0,0,0.128538,0,0,0
-0,0,0.128538,0,0,0
-0,0,0.128538,0,0,0
-0,0,0.128538,0,0,0
-0,0,0.128538,0,0,0
-0,0,0.128538,0,0,0
-0,0,0.128538,0,0,0
-0,0,0.128538,0,0,0
-0,0,0.128538,0,0,0
-0,0,0.128538,0,0,0
-0,0,0.128538,0,0,0
-0,0,0.128538,0,0,0
-0,0,0.128538,0,0,0
-0,0,0.128538,0,0,0
-0,0,0.128538,0,0,0
-0,0,0.128538,0,0,0
-0,0,0.128538,0,0,0
-0,0,0.128538,0,0,0
-0,0,0.128538,0,0,0
-0,0,0.128538,0,0,0
-0,0,0.128538,0,0,0
-0,0,0.128538,0,0,0
-0,0,0.128538,0,0,0
-0,0,0.128538,0,0,0
-0,0,0.128538,0,0,0
-0,0,0.128538,0,0,0
-0,0,0.128538,0,0,0
-0,0,0.128538,0,0,0
-0,0,0.128538,0,0,0
-0,0,0.128538,0,0,0
-0,0,0.128538,0,0,0
-0,0,0.128538,0,0,0
-0,0,0.128538,0,0,0
-0,0,0.128538,0,0,0
-0,0,0.128538,0,0,0
-0,0,0.128538,0,0,0
-0,0,0.128538,0,0,0
-0,0,0.128538,0,0,0
-0,0,0.128538,0,0,0
-0,0,0.128538,0,0,0
-0,0,0.128538,0,0,0
-0,0,0.128538,0,0,0
-0,0,0.128538,0,0,0
-0,0,0.128538,0,0,0
-0,0,0.128538,0,0,0
-0,0,0.128538,0,0,0
-0,0,0.128538,0,0,0
-0,0,0.128538,0,0,0
-0,0,0.128538,0,0,0
-0,0,0.128538,0,0,0
-0,0,0.128538,0,0,0
-0.000120564,0,0.128537,0,0,0
-0.000451001,0,0.128537,0,0,0
-0.000781434,0,0.128535,0,0,0
-0.00111186,0,0.128533,0,0,0
-0.00144228,0,0.128529,0,0,0
-0.0017727,0,0.128525,0,0,0
-0.0021031,0,0.12852,0,0,0
-0.00243348,0,0.128514,0,0,0
-0.00276385,0,0.128508,0,0,0
-0.0030942,0,0.1285,0,0,0
-0.00342454,0,0.128492,0,0,0
-0.00375485,0,0.128483,0,0,0
-0.00408513,0,0.128473,0,0,0
-0.00441539,0,0.128462,0,0,0
-0.00474561,0,0.12845,0,0,0
-0.00507581,0,0.128437,0,0,0
-0.00540597,0,0.128424,0,0,0
-0.0057361,0,0.128409,0,0,0
-0.00606619,0,0.128394,0,0,0
-0.00639624,0,0.128378,0,0,0
-0.00672625,0,0.128361,0,0,0
-0.00705621,0,0.128344,0,0,0
-0.00738612,0,0.128325,0,0,0
-0.00771599,0,0.128306,0,0,0
-0.00804581,0,0.128285,0,0,0
-0.00837557,0,0.128264,0,0,0
-0.00870528,0,0.128242,0,0,0
-0.00903493,0,0.12822,0,0,0
-0.00936452,0,0.128196,0,0,0
-0.00969405,0,0.128171,0,0,0
-0.0100235,0,0.128146,0,0,0
-0.0103529,0,0.12812,0,0,0
-0.0106822,0,0.128093,0,0,0
-0.0110115,0,0.128065,0,0,0
-0.0113407,0,0.128036,0,0,0
-0.0116698,0,0.128007,0,0,0
-0.0119988,0,0.127976,0,0,0
-0.0123278,0,0.127945,0,0,0
-0.0126567,0,0.127913,0,0,0
-0.0129854,0,0.12788,0,0,0
-0.0133142,0,0.127846,0,0,0
-0.0136428,0,0.127811,0,0,0
-0.0139713,0,0.127776,0,0,0
-0.0142997,0,0.12774,0,0,0
-0.0146281,0,0.127702,0,0,0
-0.0149563,0,0.127664,0,0,0
-0.0152845,0,0.127626,0,0,0
-0.0156125,0,0.127586,0,0,0
-0.0159404,0,0.127545,0,0,0
-0.0162683,0,0.127504,0,0,0
-0.0165964,0,0.127462,0,0,0
-0.016924,0,0.127418,0,0,0
-0.0172515,0,0.127375,0,0,0
-0.0175789,0,0.12733,0,0,0
-0.0179061,0,0.127284,0,0,0
-0.0182333,0,0.127238,0,0,0
-0.0185603,0,0.12719,0,0,0
-0.0188872,0,0.127142,0,0,0
-0.019214,0,0.127093,0,0,0
-0.0195407,0,0.127043,0,0,0
-0.0198672,0,0.126993,0,0,0
-0.0201936,0,0.126941,0,0,0
-0.0205199,0,0.126889,0,0,0
-0.020846,0,0.126836,0,0,0
-0.021172,0,0.126782,0,0,0
-0.0214979,0,0.126727,0,0,0
-0.0218236,0,0.126671,0,0,0
-0.0221492,0,0.126615,0,0,0
-0.0224746,0,0.126557,0,0,0
-0.0227998,0,0.126499,0,0,0
-0.023125,0,0.12644,0,0,0
-0.0234499,0,0.12638,0,0,0
-0.0237748,0,0.12632,0,0,0
-0.0241018,0,0.126258,0,0,0
-0.0244263,0,0.126195,0,0,0
-0.0247506,0,0.126132,0,0,0
-0.0250748,0,0.126068,0,0,0
-0.0253988,0,0.126003,0,0,0
-0.0257227,0,0.125937,0,0,0
-0.0260463,0,0.125871,0,0,0
-0.0263698,0,0.125804,0,0,0
-0.0266931,0,0.125735,0,0,0
-0.0270163,0,0.125666,0,0,0
-0.0273393,0,0.125596,0,0,0
-0.027662,0,0.125526,0,0,0
-0.0279847,0,0.125454,0,0,0
-0.0283071,0,0.125382,0,0,0
-0.0286293,0,0.125309,0,0,0
-0.0289513,0,0.125235,0,0,0
-0.0292732,0,0.12516,0,0,0
-0.0295949,0,0.125084,0,0,0
-0.0299163,0,0.125008,0,0,0
-0.0302376,0,0.12493,0,0,0
-0.0305586,0,0.124852,0,0,0
-0.0308795,0,0.124773,0,0,0
-0.0312002,0,0.124693,0,0,0
-0.0315206,0,0.124613,0,0,0
-0.0318409,0,0.124531,0,0,0
-0.0321609,0,0.124449,0,0,0
-0.0324807,0,0.124366,0,0,0
-0.0328003,0,0.124282,0,0,0
-0.0331197,0,0.124197,0,0,0
-0.0334389,0,0.124112,0,0,0
-0.0337578,0,0.124025,0,0,0
-0.0340766,0,0.123938,0,0,0
-0.0343955,0,0.12385,0,0,0
-0.0347138,0,0.123761,0,0,0
-0.0350318,0,0.123672,0,0,0
-0.0353497,0,0.123581,0,0,0
-0.0356672,0,0.12349,0,0,0
-0.0359846,0,0.123398,0,0,0
-0.0362884,0,0.12326,0,0,0
-0.0365682,0,0.123043,0,0,0
-0.0368469,0,0.122825,0,0,0
-0.0371244,0,0.122608,0,0,0
-0.0374007,0,0.122389,0,0,0
-0.0376758,0,0.12217,0,0,0
-0.0379497,0,0.121951,0,0,0
-0.0382224,0,0.121731,0,0,0
-0.0384939,0,0.121511,0,0,0
-0.0387643,0,0.12129,0,0,0
-0.0390334,0,0.121068,0,0,0
-0.0393014,0,0.120846,0,0,0
-0.0395709,0,0.120622,0,0,0
-0.0398364,0,0.120399,0,0,0
-0.0401009,0,0.120176,0,0,0
-0.0403641,0,0.119952,0,0,0
-0.0406261,0,0.119728,0,0,0
-0.040887,0,0.119503,0,0,0
-0.0411466,0,0.119278,0,0,0
-0.0414051,0,0.119052,0,0,0
-0.0416624,0,0.118826,0,0,0
-0.0419186,0,0.1186,0,0,0
-0.0421735,0,0.118373,0,0,0
-0.0424273,0,0.118146,0,0,0
-0.0426799,0,0.117918,0,0,0
-0.0429313,0,0.11769,0,0,0
-0.0431815,0,0.117461,0,0,0
-0.0434306,0,0.117232,0,0,0
-0.0436785,0,0.117003,0,0,0
-0.0439252,0,0.116773,0,0,0
-0.0441707,0,0.116543,0,0,0
-0.0444151,0,0.116313,0,0,0
-0.0446583,0,0.116082,0,0,0
-0.0449003,0,0.115851,0,0,0
-0.0451411,0,0.115619,0,0,0
-0.0453808,0,0.115387,0,0,0
-0.0456193,0,0.115155,0,0,0
-0.0458567,0,0.114922,0,0,0
-0.0460928,0,0.114689,0,0,0
-0.0463278,0,0.114456,0,0,0
-0.0465617,0,0.114222,0,0,0
-0.0467944,0,0.113988,0,0,0
-0.0470259,0,0.113753,0,0,0
-0.0472562,0,0.113519,0,0,0
-0.0474854,0,0.113284,0,0,0
-0.0477134,0,0.113048,0,0,0
-0.0479403,0,0.112813,0,0,0
-0.048166,0,0.112577,0,0,0
-0.0483906,0,0.11234,0,0,0
-0.048614,0,0.112104,0,0,0
-0.0488362,0,0.111867,0,0,0
-0.0490573,0,0.11163,0,0,0
-0.0492773,0,0.111392,0,0,0
-0.049496,0,0.111155,0,0,0
-0.0497137,0,0.110917,0,0,0
-0.0499302,0,0.110678,0,0,0
-0.0501455,0,0.11044,0,0,0
-0.0503597,0,0.110201,0,0,0
-0.0505727,0,0.109962,0,0,0
-0.0507846,0,0.109723,0,0,0
-0.0509954,0,0.109483,0,0,0
-0.051205,0,0.109243,0,0,0
-0.0514135,0,0.109003,0,0,0
-0.0516208,0,0.108763,0,0,0
-0.051827,0,0.108522,0,0,0
-0.0520321,0,0.108281,0,0,0
-0.052236,0,0.108041,0,0,0
-0.0524388,0,0.107799,0,0,0
-0.0526405,0,0.107558,0,0,0
-0.052841,0,0.107316,0,0,0
-0.0530404,0,0.107074,0,0,0
-0.0532387,0,0.106832,0,0,0
-0.0534358,0,0.10659,0,0,0
-0.0536318,0,0.106348,0,0,0
-0.0538267,0,0.106105,0,0,0
-0.0540205,0,0.105862,0,0,0
-0.0542131,0,0.105619,0,0,0
-0.0544047,0,0.105376,0,0,0
-0.0545951,0,0.105133,0,0,0
-0.0547844,0,0.104889,0,0,0
-0.0549725,0,0.104646,0,0,0
-0.0551596,0,0.104402,0,0,0
-0.0553456,0,0.104158,0,0,0
-0.0555304,0,0.103914,0,0,0
-0.0557141,0,0.103669,0,0,0
-0.0558967,0,0.103425,0,0,0
-0.0560782,0,0.10318,0,0,0
-0.0562587,0,0.102936,0,0,0
-0.056438,0,0.102691,0,0,0
-0.0566162,0,0.102446,0,0,0
-0.0567933,0,0.102201,0,0,0
-0.0569693,0,0.101955,0,0,0
-0.0571442,0,0.10171,0,0,0
-0.057318,0,0.101465,0,0,0
-0.0574907,0,0.101219,0,0,0
-0.0576623,0,0.100973,0,0,0
-0.0578329,0,0.100728,0,0,0
-0.0580023,0,0.100482,0,0,0
-0.0581707,0,0.100236,0,0,0
-0.0583379,0,0.0999898,0,0,0
-0.0585041,0,0.0997437,0,0,0
-0.0586692,0,0.0994975,0,0,0
-0.0588333,0,0.0992512,0,0,0
-0.0589962,0,0.0990048,0,0,0
-0.0591581,0,0.0987584,0,0,0
-0.0593189,0,0.0985119,0,0,0
-0.0594786,0,0.0982653,0,0,0
-0.0596372,0,0.0980187,0,0,0
-0.0597948,0,0.097772,0,0,0
-0.0599513,0,0.0975252,0,0,0
-0.0601068,0,0.0972784,0,0,0
-0.0602612,0,0.0970316,0,0,0
-0.0604145,0,0.0967847,0,0,0
-0.0605667,0,0.0965378,0,0,0
-0.0607179,0,0.0962909,0,0,0
-0.0608681,0,0.0960439,0,0,0
-0.0610171,0,0.0957969,0,0,0
-0.0611652,0,0.0955498,0,0,0
-0.0613122,0,0.0953028,0,0,0
-0.0614581,0,0.0950557,0,0,0
-0.061603,0,0.0948087,0,0,0
-0.0617468,0,0.0945616,0,0,0
-0.0618896,0,0.0943145,0,0,0
-0.0620313,0,0.0940674,0,0,0
-0.062172,0,0.0938203,0,0,0
-0.0623117,0,0.0935732,0,0,0
-0.0624503,0,0.0933261,0,0,0
-0.0625879,0,0.093079,0,0,0
-0.0627245,0,0.092832,0,0,0
-0.06286,0,0.0925849,0,0,0
-0.0629945,0,0.0923379,0,0,0
-0.063128,0,0.0920909,0,0,0
-0.0632605,0,0.0918439,0,0,0
-0.0633919,0,0.091597,0,0,0
-0.0635223,0,0.0913501,0,0,0
-0.0636517,0,0.0911032,0,0,0
-0.0637801,0,0.0908563,0,0,0
-0.0639075,0,0.0906095,0,0,0
-0.0640338,0,0.0903628,0,0,0
-0.0641591,0,0.0901161,0,0,0
-0.0642835,0,0.0898695,0,0,0
-0.0644068,0,0.0896229,0,0,0
-0.0645291,0,0.0893764,0,0,0
-0.0646504,0,0.0891299,0,0,0
-0.0647707,0,0.0888835,0,0,0
-0.06489,0,0.0886372,0,0,0
-0.0650083,0,0.088391,0,0,0
-0.0651256,0,0.0881448,0,0,0
-0.065242,0,0.0878987,0,0,0
-0.0653573,0,0.0876527,0,0,0
-0.0654716,0,0.0874068,0,0,0
-0.065585,0,0.087161,0,0,0
-0.0656974,0,0.0869152,0,0,0
-0.0658088,0,0.0866696,0,0,0
-0.0659192,0,0.086424,0,0,0
-0.0660286,0,0.0861785,0,0,0
-0.0661371,0,0.0859332,0,0,0
-0.0662446,0,0.085688,0,0,0
-0.0663511,0,0.0854428,0,0,0
-0.0664566,0,0.0851978,0,0,0
-0.0665612,0,0.0849529,0,0,0
-0.0666648,0,0.0847081,0,0,0
-0.0667678,0,0.0844625,0,0,0
-0.0668695,0,0.084218,0,0,0
-0.0669702,0,0.0839736,0,0,0
-0.06707,0,0.0837293,0,0,0
-0.0671688,0,0.0834851,0,0,0
-0.0672667,0,0.0832411,0,0,0
-0.0673636,0,0.0829972,0,0,0
-0.0674595,0,0.0827534,0,0,0
-0.0675546,0,0.0825098,0,0,0
-0.0676486,0,0.0822664,0,0,0
-0.0677418,0,0.0820231,0,0,0
-0.067834,0,0.0817799,0,0,0
-0.0679252,0,0.0815369,0,0,0
-0.068016,0,0.0812928,0,0,0
-0.0681054,0,0.0810501,0,0,0
-0.0681938,0,0.0808076,0,0,0
-0.0682814,0,0.0805652,0,0,0
-0.068368,0,0.080323,0,0,0
-0.0684536,0,0.080081,0,0,0
-0.0685384,0,0.0798391,0,0,0
-0.0686222,0,0.0795975,0,0,0
-0.0687051,0,0.079356,0,0,0
-0.0687876,0,0.0791132,0,0,0
-0.0688687,0,0.0788721,0,0,0
-0.0689489,0,0.0786311,0,0,0
-0.0690281,0,0.0783904,0,0,0
-0.0691065,0,0.0781498,0,0,0
-0.069184,0,0.0779094,0,0,0
-0.0692605,0,0.0776692,0,0,0
-0.0693362,0,0.0774292,0,0,0
-0.0694109,0,0.0771894,0,0,0
-0.0694848,0,0.0769499,0,0,0
-0.0695578,0,0.0767105,0,0,0
-0.0696299,0,0.0764713,0,0,0
-0.069701,0,0.0762323,0,0,0
-0.0697714,0,0.0759936,0,0,0
-0.0698408,0,0.0757551,0,0,0
-0.0699093,0,0.0755167,0,0,0
-0.069977,0,0.0752786,0,0,0
-0.0700438,0,0.0750408,0,0,0
-0.0701097,0,0.0748031,0,0,0
-0.0701747,0,0.0745657,0,0,0
-0.0702389,0,0.0743285,0,0,0
-0.0703022,0,0.0740915,0,0,0
-0.0703647,0,0.0738548,0,0,0
-0.0704263,0,0.0736183,0,0,0
-0.070487,0,0.073382,0,0,0
-0.0705468,0,0.073146,0,0,0
-0.0706058,0,0.0729102,0,0,0
-0.070664,0,0.0726747,0,0,0
-0.0707213,0,0.0724394,0,0,0
-0.0707778,0,0.0722044,0,0,0
-0.0708334,0,0.0719696,0,0,0
-0.0708881,0,0.071735,0,0,0
-0.0709421,0,0.0715007,0,0,0
-0.0709951,0,0.0712667,0,0,0
-0.0710474,0,0.0710329,0,0,0
-0.0710988,0,0.0707994,0,0,0
-0.0711494,0,0.0705662,0,0,0
-0.0711991,0,0.0703332,0,0,0
-0.071248,0,0.0701005,0,0,0
-0.0712961,0,0.0698681,0,0,0
-0.0713434,0,0.0696359,0,0,0
-0.0713899,0,0.069404,0,0,0
-0.0714355,0,0.0691724,0,0,0
-0.0714803,0,0.068941,0,0,0
-0.0715243,0,0.06871,0,0,0
-0.0715676,0,0.0684787,0,0,0
-0.07161,0,0.0682482,0,0,0
-0.0716516,0,0.068018,0,0,0
-0.0716923,0,0.0677881,0,0,0
-0.0717323,0,0.0675584,0,0,0
-0.0717715,0,0.0673291,0,0,0
-0.0718099,0,0.0671,0,0,0
-0.0718474,0,0.0668713,0,0,0
-0.0718842,0,0.0666428,0,0,0
-0.0719202,0,0.0664147,0,0,0
-0.0719554,0,0.0661868,0,0,0
-0.0719898,0,0.0659592,0,0,0
-0.0720235,0,0.065732,0,0,0
-0.0720563,0,0.065505,0,0,0
-0.0720884,0,0.0652784,0,0,0
-0.0721197,0,0.065052,0,0,0
-0.0721502,0,0.064826,0,0,0
-0.07218,0,0.0646003,0,0,0
-0.072209,0,0.0643749,0,0,0
-0.0722372,0,0.0641498,0,0,0
-0.0722647,0,0.063925,0,0,0
-0.0722914,0,0.0637006,0,0,0
-0.0723173,0,0.0634765,0,0,0
-0.0723425,0,0.0632526,0,0,0
-0.0723669,0,0.0630292,0,0,0
-0.0723906,0,0.062806,0,0,0
-0.0724135,0,0.0625832,0,0,0
-0.0724357,0,0.0623607,0,0,0
-0.0724571,0,0.0621385,0,0,0
-0.0724778,0,0.0619167,0,0,0
-0.0724977,0,0.0616952,0,0,0
-0.0725169,0,0.061474,0,0,0
-0.0725354,0,0.0612532,0,0,0
-0.0725531,0,0.0610327,0,0,0
-0.0725701,0,0.0608126,0,0,0
-0.0725864,0,0.0605927,0,0,0
-0.0726019,0,0.0603733,0,0,0
-0.0726168,0,0.0601542,0,0,0
-0.0726309,0,0.0599354,0,0,0
-0.0726442,0,0.059717,0,0,0
-0.0726569,0,0.0594989,0,0,0
-0.0726689,0,0.0592812,0,0,0
-0.0726801,0,0.0590638,0,0,0
-0.0726906,0,0.0588468,0,0,0
-0.0727004,0,0.0586301,0,0,0
-0.0727095,0,0.0584138,0,0,0
-0.072718,0,0.0581958,0,0,0
-0.0727257,0,0.0579802,0,0,0
-0.0727327,0,0.057765,0,0,0
-0.072739,0,0.0575501,0,0,0
-0.0727446,0,0.0573356,0,0,0
-0.0727495,0,0.0571214,0,0,0
-0.0727538,0,0.0569077,0,0,0
-0.0727573,0,0.0566943,0,0,0
-0.0727602,0,0.0564812,0,0,0
-0.0727623,0,0.0562685,0,0,0
-0.0727638,0,0.0560562,0,0,0
-0.0727646,0,0.0558443,0,0,0
-0.0727648,0,0.0556328,0,0,0
-0.0727642,0,0.0554216,0,0,0
-0.072763,0,0.0552108,0,0,0
-0.0727612,0,0.0550003,0,0,0
-0.0727586,0,0.0547903,0,0,0
-0.0727554,0,0.0545806,0,0,0
-0.0727516,0,0.0543713,0,0,0
-0.072747,0,0.0541624,0,0,0
-0.0727418,0,0.0539539,0,0,0
-0.072736,0,0.0537458,0,0,0
-0.0727295,0,0.053538,0,0,0
-0.0727224,0,0.0533306,0,0,0
-0.0727146,0,0.0531236,0,0,0
-0.0727062,0,0.052917,0,0,0
-0.0726971,0,0.0527108,0,0,0
-0.0726874,0,0.052505,0,0,0
-0.072677,0,0.0522996,0,0,0
-0.072666,0,0.0520946,0,0,0
-0.0726544,0,0.0518899,0,0,0
-0.0726421,0,0.0516857,0,0,0
-0.0726292,0,0.0514818,0,0,0
-0.0726157,0,0.0512784,0,0,0
-0.0726016,0,0.0510753,0,0,0
-0.0725868,0,0.0508727,0,0,0
-0.0725714,0,0.0506704,0,0,0
-0.0725554,0,0.0504682,0,0,0
-0.0725388,0,0.0502667,0,0,0
-0.0725216,0,0.0500657,0,0,0
-0.0725037,0,0.049865,0,0,0
-0.0724853,0,0.0496648,0,0,0
-0.0724662,0,0.049465,0,0,0
-0.0724465,0,0.0492655,0,0,0
-0.0724263,0,0.0490665,0,0,0
-0.0724054,0,0.0488679,0,0,0
-0.0723839,0,0.0486697,0,0,0
-0.0723619,0,0.0484719,0,0,0
-0.0723392,0,0.0482745,0,0,0
-0.072316,0,0.0480776,0,0,0
-0.0722921,0,0.047881,0,0,0
-0.0722677,0,0.0476849,0,0,0
-0.0722427,0,0.0474892,0,0,0
-0.0722171,0,0.0472938,0,0,0
-0.072191,0,0.0470989,0,0,0
-0.0721642,0,0.0469045,0,0,0
-0.0721369,0,0.0467104,0,0,0
-0.072109,0,0.0465168,0,0,0
-0.0720805,0,0.0463235,0,0,0
-0.0720515,0,0.0461307,0,0,0
-0.0720219,0,0.0459384,0,0,0
-0.0719917,0,0.0457464,0,0,0
-0.071961,0,0.0455549,0,0,0
-0.0719297,0,0.0453637,0,0,0
-0.0718979,0,0.045173,0,0,0
-0.0718655,0,0.0449828,0,0,0
-0.0718325,0,0.0447929,0,0,0
-0.071799,0,0.0446035,0,0,0
-0.071765,0,0.0444145,0,0,0
-0.0717303,0,0.044226,0,0,0
-0.0716952,0,0.0440378,0,0,0
-0.0716595,0,0.0438501,0,0,0
-0.0716233,0,0.0436628,0,0,0
-0.0715865,0,0.043476,0,0,0
-0.0715492,0,0.0432896,0,0,0
-0.0715114,0,0.0431036,0,0,0
-0.071473,0,0.042918,0,0,0
-0.0714341,0,0.0427329,0,0,0
-0.0713947,0,0.0425482,0,0,0
-0.0713547,0,0.0423639,0,0,0
-0.0713142,0,0.0421801,0,0,0
-0.0712732,0,0.0419967,0,0,0
-0.0712317,0,0.0418137,0,0,0
-0.0711897,0,0.0416312,0,0,0
-0.0711471,0,0.0414491,0,0,0
-0.0711037,0,0.0412658,0,0,0
-0.0710601,0,0.0410846,0,0,0
-0.071016,0,0.0409038,0,0,0
-0.0709714,0,0.0407235,0,0,0
-0.0709263,0,0.0405436,0,0,0
-0.0708807,0,0.0403641,0,0,0
-0.0708346,0,0.0401851,0,0,0
-0.070788,0,0.0400065,0,0,0
-0.0707409,0,0.0398284,0,0,0
-0.0706934,0,0.0396507,0,0,0
-0.0706453,0,0.0394734,0,0,0
-0.0705967,0,0.0392966,0,0,0
-0.0705477,0,0.0391202,0,0,0
-0.0704981,0,0.0389443,0,0,0
-0.0704481,0,0.0387688,0,0,0
-0.0703976,0,0.0385937,0,0,0
-0.0703466,0,0.0384191,0,0,0
-0.0702952,0,0.038245,0,0,0
-0.0702432,0,0.0380713,0,0,0
-0.0701908,0,0.037898,0,0,0
-0.0701379,0,0.0377252,0,0,0
-0.0700846,0,0.0375528,0,0,0
-0.0700308,0,0.0373808,0,0,0
-0.0699765,0,0.0372093,0,0,0
-0.0699218,0,0.0370383,0,0,0
-0.0698665,0,0.0368677,0,0,0
-0.0698109,0,0.0366976,0,0,0
-0.0697548,0,0.0365279,0,0,0
-0.0696982,0,0.0363586,0,0,0
-0.0696412,0,0.0361898,0,0,0
-0.0695837,0,0.0360214,0,0,0
-0.0695258,0,0.0358535,0,0,0
-0.0694674,0,0.0356861,0,0,0
-0.0694086,0,0.035519,0,0,0
-0.0693493,0,0.0353525,0,0,0
-0.0692896,0,0.0351864,0,0,0
-0.0692295,0,0.0350207,0,0,0
-0.0691689,0,0.0348555,0,0,0
-0.0691079,0,0.0346907,0,0,0
-0.0690465,0,0.0345264,0,0,0
-0.0689846,0,0.0343625,0,0,0
-0.0689221,0,0.0341986,0,0,0
-0.0688593,0,0.0340356,0,0,0
-0.0687956,0,0.0338717,0,0,0
-0.0687321,0,0.0337096,0,0,0
-0.0686681,0,0.033548,0,0,0
-0.0686036,0,0.0333869,0,0,0
-0.0685388,0,0.0332261,0,0,0
-0.0684735,0,0.0330659,0,0,0
-0.0684079,0,0.0329061,0,0,0
-0.0683418,0,0.0327467,0,0,0
-0.0682753,0,0.0325878,0,0,0
-0.0682084,0,0.0324294,0,0,0
-0.0681411,0,0.0322714,0,0,0
-0.0680734,0,0.0321139,0,0,0
-0.0680053,0,0.0319568,0,0,0
-0.0679368,0,0.0318001,0,0,0
-0.0678679,0,0.0316439,0,0,0
-0.0677986,0,0.0314882,0,0,0
-0.0677289,0,0.0313329,0,0,0
-0.0676588,0,0.0311781,0,0,0
-0.0675883,0,0.0310237,0,0,0
-0.0675174,0,0.0308698,0,0,0
-0.0674462,0,0.0307163,0,0,0
-0.0673745,0,0.0305633,0,0,0
-0.0673025,0,0.0304107,0,0,0
-0.0672301,0,0.0302586,0,0,0
-0.0671573,0,0.030107,0,0,0
-0.0670842,0,0.0299558,0,0,0
-0.0670106,0,0.029805,0,0,0
-0.0669367,0,0.0296547,0,0,0
-0.0668624,0,0.0295049,0,0,0
-0.0667878,0,0.0293555,0,0,0
-0.0667127,0,0.0292065,0,0,0
-0.0666373,0,0.029058,0,0,0
-0.0665616,0,0.02891,0,0,0
-0.0664855,0,0.0287624,0,0,0
-0.066409,0,0.0286153,0,0,0
-0.0663322,0,0.0284686,0,0,0
-0.066255,0,0.0283224,0,0,0
-0.0661774,0,0.0281766,0,0,0
-0.0660995,0,0.0280313,0,0,0
-0.0660212,0,0.0278864,0,0,0
-0.0659426,0,0.027742,0,0,0
-0.0658637,0,0.027598,0,0,0
-0.0657844,0,0.0274545,0,0,0
-0.0657047,0,0.0273114,0,0,0
-0.0656247,0,0.0271688,0,0,0
-0.0655444,0,0.0270266,0,0,0
-0.0654637,0,0.0268849,0,0,0
-0.0653827,0,0.0267437,0,0,0
-0.0653013,0,0.0266028,0,0,0
-0.0652196,0,0.0264625,0,0,0
-0.0651371,0,0.0263217,0,0,0
-0.0650548,0,0.0261823,0,0,0
-0.0649721,0,0.0260433,0,0,0
-0.0648881,0,0.0259031,0,0,0
-0.0648047,0,0.025765,0,0,0
-0.0647211,0,0.0256273,0,0,0
-0.0646371,0,0.0254901,0,0,0
-0.0645528,0,0.0253534,0,0,0
-0.0644681,0,0.0252171,0,0,0
-0.0643832,0,0.0250812,0,0,0
-0.0642974,0,0.024945,0,0,0
-0.0642118,0,0.02481,0,0,0
-0.0641259,0,0.0246755,0,0,0
-0.0640397,0,0.0245414,0,0,0
-0.0639531,0,0.0244078,0,0,0
-0.0638663,0,0.0242747,0,0,0
-0.0637792,0,0.0241419,0,0,0
-0.0636917,0,0.0240097,0,0,0
-0.063604,0,0.0238779,0,0,0
-0.063516,0,0.0237465,0,0,0
-0.0634276,0,0.0236156,0,0,0
-0.063339,0,0.0234851,0,0,0
-0.06325,0,0.023355,0,0,0
-0.0631608,0,0.0232254,0,0,0
-0.0630713,0,0.0230963,0,0,0
-0.0629815,0,0.0229676,0,0,0
-0.0628914,0,0.0228393,0,0,0
-0.062801,0,0.0227115,0,0,0
-0.0627103,0,0.0225841,0,0,0
-0.0626193,0,0.0224572,0,0,0
-0.062528,0,0.0223307,0,0,0
-0.0624365,0,0.0222047,0,0,0
-0.0623447,0,0.0220791,0,0,0
-0.0622526,0,0.0219539,0,0,0
-0.0621602,0,0.0218292,0,0,0
-0.0620676,0,0.0217049,0,0,0
-0.0619746,0,0.0215811,0,0,0
-0.0618814,0,0.0214577,0,0,0
-0.061788,0,0.0213348,0,0,0
-0.0616932,0,0.0212109,0,0,0
-0.0615992,0,0.0210888,0,0,0
-0.0615049,0,0.0209672,0,0,0
-0.0614103,0,0.020846,0,0,0
-0.0613155,0,0.0207253,0,0,0
-0.0612205,0,0.020605,0,0,0
-0.0611251,0,0.0204851,0,0,0
-0.0610295,0,0.0203656,0,0,0
-0.0609337,0,0.0202466,0,0,0
-0.0608376,0,0.0201281,0,0,0
-0.0607412,0,0.02001,0,0,0
-0.0606446,0,0.0198923,0,0,0
-0.0605477,0,0.019775,0,0,0
-0.0604506,0,0.0196582,0,0,0
-0.0603532,0,0.0195418,0,0,0
-0.0602556,0,0.0194259,0,0,0
-0.0601578,0,0.0193103,0,0,0
-0.0600597,0,0.0191952,0,0,0
-0.0599613,0,0.0190806,0,0,0
-0.0598627,0,0.0189664,0,0,0
-0.0597639,0,0.0188526,0,0,0
-0.0596648,0,0.0187392,0,0,0
-0.0595655,0,0.0186263,0,0,0
-0.0594659,0,0.0185138,0,0,0
-0.0593662,0,0.0184017,0,0,0
-0.0592661,0,0.0182901,0,0,0
-0.0591659,0,0.0181789,0,0,0
-0.0590654,0,0.0180681,0,0,0
-0.0589647,0,0.0179578,0,0,0
-0.0588638,0,0.0178478,0,0,0
-0.0587626,0,0.0177383,0,0,0
-0.0586612,0,0.0176293,0,0,0
-0.0585596,0,0.0175206,0,0,0
-0.0584578,0,0.0174124,0,0,0
-0.0583557,0,0.0173046,0,0,0
-0.0582534,0,0.0171972,0,0,0
-0.0581509,0,0.0170903,0,0,0
-0.0580482,0,0.0169838,0,0,0
-0.0579453,0,0.0168777,0,0,0
-0.0578421,0,0.016772,0,0,0
-0.0577388,0,0.0166667,0,0,0
-0.0576352,0,0.0165619,0,0,0
-0.0575314,0,0.0164575,0,0,0
-0.0574274,0,0.0163535,0,0,0
-0.0573233,0,0.0162499,0,0,0
-0.0572188,0,0.0161468,0,0,0
-0.0571142,0,0.016044,0,0,0
-0.0570094,0,0.0159417,0,0,0
-0.0569044,0,0.0158398,0,0,0
-0.0567992,0,0.0157383,0,0,0
-0.0566938,0,0.0156372,0,0,0
-0.0565882,0,0.0155366,0,0,0
-0.0564823,0,0.0154364,0,0,0
-0.056376,0,0.0153363,0,0,0
-0.0562698,0,0.0152369,0,0,0
-0.0561634,0,0.0151379,0,0,0
-0.0560568,0,0.0150393,0,0,0
-0.0559501,0,0.0149411,0,0,0
-0.0558431,0,0.0148433,0,0,0
-0.0557359,0,0.014746,0,0,0
-0.0556286,0,0.0146491,0,0,0
-0.055521,0,0.0145525,0,0,0
-0.0554133,0,0.0144564,0,0,0
-0.0553054,0,0.0143607,0,0,0
-0.0551973,0,0.0142654,0,0,0
-0.055089,0,0.0141705,0,0,0
-0.0549806,0,0.014076,0,0,0
-0.0548719,0,0.0139819,0,0,0
-0.0547631,0,0.0138882,0,0,0
-0.0546541,0,0.013795,0,0,0
-0.0545439,0,0.0137012,0,0,0
-0.0544346,0,0.0136088,0,0,0
-0.0543251,0,0.0135167,0,0,0
-0.0542154,0,0.013425,0,0,0
-0.0541055,0,0.0133338,0,0,0
-0.0539955,0,0.0132429,0,0,0
-0.0538853,0,0.0131525,0,0,0
-0.0537749,0,0.0130624,0,0,0
-0.0536644,0,0.0129728,0,0,0
-0.0535537,0,0.0128835,0,0,0
-0.0534428,0,0.0127946,0,0,0
-0.0533317,0,0.0127061,0,0,0
-0.0532205,0,0.012618,0,0,0
-0.0531092,0,0.0125303,0,0,0
-0.0529977,0,0.0124431,0,0,0
-0.052886,0,0.0123562,0,0,0
-0.0527742,0,0.0122697,0,0,0
-0.0526622,0,0.0121836,0,0,0
-0.0525501,0,0.0120979,0,0,0
-0.0524378,0,0.0120126,0,0,0
-0.0523253,0,0.0119276,0,0,0
-0.0522128,0,0.0118431,0,0,0
-0.0521,0,0.011759,0,0,0
-0.0519871,0,0.0116752,0,0,0
-0.0518741,0,0.0115918,0,0,0
-0.0517609,0,0.0115088,0,0,0
-0.0516475,0,0.0114262,0,0,0
-0.051534,0,0.011344,0,0,0
-0.0514204,0,0.0112622,0,0,0
-0.0513066,0,0.0111808,0,0,0
-0.0511927,0,0.0110997,0,0,0
-0.0510786,0,0.011019,0,0,0
-0.0509644,0,0.0109387,0,0,0
-0.0508501,0,0.0108588,0,0,0
-0.0507356,0,0.0107793,0,0,0
-0.050621,0,0.0107001,0,0,0
-0.0505063,0,0.0106213,0,0,0
-0.0503914,0,0.010543,0,0,0
-0.0502763,0,0.0104649,0,0,0
-0.0501612,0,0.0103873,0,0,0
-0.0500459,0,0.01031,0,0,0
-0.0499305,0,0.0102331,0,0,0
-0.0498149,0,0.0101566,0,0,0
-0.0496992,0,0.0100805,0,0,0
-0.0495834,0,0.0100047,0,0,0
-0.0494674,0,0.00992927,0,0,0
-0.0493514,0,0.00985424,0,0,0
-0.0492352,0,0.00977958,0,0,0
-0.0491188,0,0.0097053,0,0,0
-0.0490024,0,0.00963138,0,0,0
-0.0488858,0,0.00955783,0,0,0
-0.0487691,0,0.00948465,0,0,0
-0.0486523,0,0.00941183,0,0,0
-0.0485354,0,0.00933939,0,0,0
-0.0484184,0,0.0092673,0,0,0
-0.0483012,0,0.00919558,0,0,0
-0.0481839,0,0.00912423,0,0,0
-0.0480665,0,0.00905323,0,0,0
-0.047949,0,0.0089826,0,0,0
-0.0478314,0,0.00891233,0,0,0
-0.0477136,0,0.00884242,0,0,0
-0.0475957,0,0.00877288,0,0,0
-0.0474778,0,0.00870368,0,0,0
-0.0473597,0,0.00863485,0,0,0
-0.0472415,0,0.00856638,0,0,0
-0.0471232,0,0.00849826,0,0,0
-0.0470048,0,0.00843049,0,0,0
-0.0468863,0,0.00836309,0,0,0
-0.0467676,0,0.00829603,0,0,0
-0.0466489,0,0.00822933,0,0,0
-0.0465301,0,0.00816298,0,0,0
-0.0464111,0,0.00809698,0,0,0
-0.0462921,0,0.00803134,0,0,0
-0.0461729,0,0.00796604,0,0,0
-0.0460537,0,0.00790109,0,0,0
-0.0459343,0,0.00783649,0,0,0
-0.0458149,0,0.00777224,0,0,0
-0.0456953,0,0.00770833,0,0,0
-0.0455756,0,0.00764477,0,0,0
-0.0454559,0,0.00758156,0,0,0
-0.045336,0,0.00751869,0,0,0
-0.0452161,0,0.00745616,0,0,0
-0.0450961,0,0.00739398,0,0,0
-0.0449759,0,0.00733213,0,0,0
-0.0448557,0,0.00727063,0,0,0
-0.0447354,0,0.00720947,0,0,0
-0.044615,0,0.00714865,0,0,0
-0.0444945,0,0.00708816,0,0,0
-0.0443739,0,0.00702801,0,0,0
-0.0442532,0,0.0069682,0,0,0
-0.0441324,0,0.00690873,0,0,0
-0.0440116,0,0.00684959,0,0,0
-0.0438906,0,0.00679078,0,0,0
-0.0437696,0,0.00673231,0,0,0
-0.0436484,0,0.00667417,0,0,0
-0.0435272,0,0.00661636,0,0,0
-0.0434059,0,0.00655888,0,0,0
-0.0432846,0,0.00650173,0,0,0
-0.0431631,0,0.00644491,0,0,0
-0.0430416,0,0.00638842,0,0,0
-0.0429185,0,0.00633161,0,0,0
-0.0427961,0,0.00627546,0,0,0
-0.0426744,0,0.00621996,0,0,0
-0.0425525,0,0.00616477,0,0,0
-0.0424305,0,0.00610991,0,0,0
-0.0423085,0,0.00605537,0,0,0
-0.0421864,0,0.00600116,0,0,0
-0.0420642,0,0.00594726,0,0,0
-0.041942,0,0.00589369,0,0,0
-0.0418179,0,0.00583969,0,0,0
-0.0416955,0,0.00578675,0,0,0
-0.041573,0,0.00573414,0,0,0
-0.0414505,0,0.00568184,0,0,0
-0.0413278,0,0.00562986,0,0,0
-0.0412051,0,0.00557819,0,0,0
-0.0410824,0,0.00552684,0,0,0
-0.0409595,0,0.0054758,0,0,0
-0.0408366,0,0.00542507,0,0,0
-0.0407136,0,0.00537465,0,0,0
-0.0405906,0,0.00532454,0,0,0
-0.0404675,0,0.00527475,0,0,0
-0.0403443,0,0.00522526,0,0,0
-0.040221,0,0.00517608,0,0,0
-0.0400977,0,0.0051272,0,0,0
-0.0399743,0,0.00507863,0,0,0
-0.0398509,0,0.00503037,0,0,0
-0.0397273,0,0.00498241,0,0,0
-0.0396038,0,0.00493475,0,0,0
-0.0394801,0,0.0048874,0,0,0
-0.0393564,0,0.00484035,0,0,0
-0.0392326,0,0.00479359,0,0,0
-0.0391088,0,0.00474714,0,0,0
-0.0389849,0,0.00470099,0,0,0
-0.038861,0,0.00465513,0,0,0
-0.038737,0,0.00460957,0,0,0
-0.0386129,0,0.00456431,0,0,0
-0.0384888,0,0.00451934,0,0,0
-0.0383646,0,0.00447467,0,0,0
-0.0382403,0,0.00443029,0,0,0
-0.038116,0,0.0043862,0,0,0
-0.0379917,0,0.0043424,0,0,0
-0.0378673,0,0.00429889,0,0,0
-0.0377428,0,0.00425568,0,0,0
-0.0376183,0,0.00421275,0,0,0
-0.0374937,0,0.00417011,0,0,0
-0.0373691,0,0.00412775,0,0,0
-0.0372444,0,0.00408568,0,0,0
-0.0371196,0,0.0040439,0,0,0
-0.0369949,0,0.0040024,0,0,0
-0.03687,0,0.00396118,0,0,0
-0.0367451,0,0.00392025,0,0,0
-0.0366202,0,0.0038796,0,0,0
-0.0364952,0,0.00383922,0,0,0
-0.0363702,0,0.00379913,0,0,0
-0.0362451,0,0.00375932,0,0,0
-0.0361199,0,0.00371978,0,0,0
-0.0359948,0,0.00368052,0,0,0
-0.0358695,0,0.00364153,0,0,0
-0.0357442,0,0.00360282,0,0,0
-0.0356189,0,0.00356439,0,0,0
-0.0354923,0,0.00352586,0,0,0
-0.0353669,0,0.00348797,0,0,0
-0.0352415,0,0.00345035,0,0,0
-0.035116,0,0.003413,0,0,0
-0.0349904,0,0.00337592,0,0,0
-0.0348648,0,0.00333911,0,0,0
-0.0347392,0,0.00330257,0,0,0
-0.0346135,0,0.00326629,0,0,0
-0.0344878,0,0.00323028,0,0,0
-0.034362,0,0.00319453,0,0,0
-0.0342362,0,0.00315905,0,0,0
-0.0341104,0,0.00312383,0,0,0
-0.0339845,0,0.00308887,0,0,0
-0.0338586,0,0.00305417,0,0,0
-0.0337326,0,0.00301973,0,0,0
-0.0336066,0,0.00298555,0,0,0
-0.0334806,0,0.00295163,0,0,0
-0.0333545,0,0.00291796,0,0,0
-0.0332284,0,0.00288455,0,0,0
-0.0331022,0,0.0028514,0,0,0
-0.0329761,0,0.0028185,0,0,0
-0.0328498,0,0.00278585,0,0,0
-0.0327236,0,0.00275345,0,0,0
-0.0325973,0,0.00272131,0,0,0
-0.0324709,0,0.00268942,0,0,0
-0.0323446,0,0.00265777,0,0,0
-0.0322182,0,0.00262637,0,0,0
-0.0320918,0,0.00259523,0,0,0
-0.0319653,0,0.00256432,0,0,0
-0.0318388,0,0.00253367,0,0,0
-0.0317123,0,0.00250325,0,0,0
-0.0315857,0,0.00247308,0,0,0
-0.0314591,0,0.00244316,0,0,0
-0.0313325,0,0.00241347,0,0,0
-0.0312058,0,0.00238403,0,0,0
-0.0310791,0,0.00235482,0,0,0
-0.0309524,0,0.00232586,0,0,0
-0.0308257,0,0.00229713,0,0,0
-0.0306989,0,0.00226864,0,0,0
-0.0305721,0,0.00224038,0,0,0
-0.0304445,0,0.00221219,0,0,0
-0.0303176,0,0.0021844,0,0,0
-0.0301907,0,0.00215685,0,0,0
-0.0300638,0,0.00212953,0,0,0
-0.0299368,0,0.00210244,0,0,0
-0.0298099,0,0.00207558,0,0,0
-0.0296829,0,0.00204896,0,0,0
-0.0295558,0,0.00202255,0,0,0
-0.0294288,0,0.00199638,0,0,0
-0.0293017,0,0.00197043,0,0,0
-0.0291746,0,0.00194471,0,0,0
-0.0290475,0,0.00191921,0,0,0
-0.0289203,0,0.00189394,0,0,0
-0.0287931,0,0.00186889,0,0,0
-0.0286659,0,0.00184406,0,0,0
-0.0285387,0,0.00181944,0,0,0
-0.0284115,0,0.00179505,0,0,0
-0.0282842,0,0.00177088,0,0,0
-0.0281569,0,0.00174693,0,0,0
-0.0280296,0,0.00172319,0,0,0
-0.0279023,0,0.00169967,0,0,0
-0.0277749,0,0.00167636,0,0,0
-0.0276475,0,0.00165326,0,0,0
-0.0275201,0,0.00163038,0,0,0
-0.0273927,0,0.00160771,0,0,0
-0.0272652,0,0.00158525,0,0,0
-0.0271378,0,0.00156301,0,0,0
-0.0270103,0,0.00154097,0,0,0
-0.0268828,0,0.00151913,0,0,0
-0.0267553,0,0.00149751,0,0,0
-0.0266277,0,0.00147609,0,0,0
-0.0265002,0,0.00145487,0,0,0
-0.0263726,0,0.00143386,0,0,0
-0.026245,0,0.00141306,0,0,0
-0.0261174,0,0.00139245,0,0,0
-0.0259897,0,0.00137204,0,0,0
-0.0258621,0,0.00135184,0,0,0
-0.0257344,0,0.00133183,0,0,0
-0.0256067,0,0.00131203,0,0,0
-0.025479,0,0.00129242,0,0,0
-0.0253513,0,0.001273,0,0,0
-0.0252235,0,0.00125378,0,0,0
-0.0250958,0,0.00123476,0,0,0
-0.024968,0,0.00121593,0,0,0
-0.0248402,0,0.00119729,0,0,0
-0.0247124,0,0.00117884,0,0,0
-0.0245846,0,0.00116058,0,0,0
-0.0244568,0,0.00114252,0,0,0
-0.0243289,0,0.00112464,0,0,0
-0.0242011,0,0.00110694,0,0,0
-0.0240732,0,0.00108944,0,0,0
-0.0239453,0,0.00107212,0,0,0
-0.0238174,0,0.00105498,0,0,0
-0.0236895,0,0.00103803,0,0,0
-0.0235616,0,0.00102126,0,0,0
-0.0234336,0,0.00100467,0,0,0
-0.0233057,0,0.000988259,0,0,0
-0.0231777,0,0.00097203,0,0,0
-0.0230497,0,0.00095598,0,0,0
-0.0229217,0,0.000940107,0,0,0
-0.0227937,0,0.000924411,0,0,0
-0.0226657,0,0.00090889,0,0,0
-0.0225377,0,0.000893544,0,0,0
-0.0224097,0,0.000878372,0,0,0
-0.0222806,0,0.000863255,0,0,0
-0.0221525,0,0.000848428,0,0,0
-0.0220245,0,0.000833772,0,0,0
-0.0218964,0,0.000819286,0,0,0
-0.0217683,0,0.000804968,0,0,0
-0.0216402,0,0.000790818,0,0,0
-0.0215121,0,0.000776835,0,0,0
-0.0213839,0,0.000763018,0,0,0
-0.0212558,0,0.000749365,0,0,0
-0.0211277,0,0.000735876,0,0,0
-0.0209995,0,0.00072255,0,0,0
-0.0208713,0,0.000709386,0,0,0
-0.0207432,0,0.000696383,0,0,0
-0.020615,0,0.000683539,0,0,0
-0.0204868,0,0.000670855,0,0,0
-0.0203586,0,0.000658328,0,0,0
-0.0202304,0,0.000645958,0,0,0
-0.0201022,0,0.000633744,0,0,0
-0.019974,0,0.000621685,0,0,0
-0.0198457,0,0.00060978,0,0,0
-0.0197175,0,0.000598028,0,0,0
-0.0195892,0,0.000586428,0,0,0
-0.019461,0,0.000574979,0,0,0
-0.0193327,0,0.00056368,0,0,0
-0.0192045,0,0.00055253,0,0,0
-0.0190762,0,0.000541528,0,0,0
-0.0189479,0,0.000530673,0,0,0
-0.0188196,0,0.000519964,0,0,0
-0.0186913,0,0.0005094,0,0,0
-0.018563,0,0.00049898,0,0,0
-0.0184347,0,0.000488704,0,0,0
-0.0183064,0,0.000478569,0,0,0
-0.0181781,0,0.000468576,0,0,0
-0.0180497,0,0.000458722,0,0,0
-0.0179212,0,0.000448995,0,0,0
-0.0177929,0,0.000439419,0,0,0
-0.0176645,0,0.00042998,0,0,0
-0.0175362,0,0.000420677,0,0,0
-0.0174078,0,0.00041151,0,0,0
-0.0172795,0,0.000402477,0,0,0
-0.0171511,0,0.000393577,0,0,0
-0.0170227,0,0.000384809,0,0,0
-0.0168944,0,0.000376173,0,0,0
-0.016766,0,0.000367667,0,0,0
-0.0166376,0,0.00035929,0,0,0
-0.0165092,0,0.000351041,0,0,0
-0.0163808,0,0.00034292,0,0,0
-0.0162524,0,0.000334925,0,0,0
-0.016124,0,0.000327055,0,0,0
-0.0159956,0,0.00031931,0,0,0
-0.0158672,0,0.000311688,0,0,0
-0.0157388,0,0.000304188,0,0,0
-0.0156104,0,0.000296809,0,0,0
-0.0154819,0,0.000289551,0,0,0
-0.0153528,0,0.000282372,0,0,0
-0.0152243,0,0.000275353,0,0,0
-0.0150959,0,0.00026845,0,0,0
-0.0149675,0,0.000261665,0,0,0
-0.014839,0,0.000254994,0,0,0
-0.0147106,0,0.000248438,0,0,0
-0.0145821,0,0.000241996,0,0,0
-0.0144537,0,0.000235665,0,0,0
-0.0143252,0,0.000229447,0,0,0
-0.0141968,0,0.000223339,0,0,0
-0.0140683,0,0.00021734,0,0,0
-0.0139399,0,0.00021145,0,0,0
-0.0138114,0,0.000205667,0,0,0
-0.0136829,0,0.00019999,0,0,0
-0.0135545,0,0.00019442,0,0,0
-0.0134231,0,0.000188831,0,0,0
-0.0132946,0,0.000183471,0,0,0
-0.0131661,0,0.000178213,0,0,0
-0.0130376,0,0.000173057,0,0,0
-0.0129092,0,0.000168001,0,0,0
-0.0127807,0,0.000163044,0,0,0
-0.0126522,0,0.000158186,0,0,0
-0.0125237,0,0.000153425,0,0,0
-0.0123952,0,0.000148762,0,0,0
-0.0122667,0,0.000144194,0,0,0
-0.0121382,0,0.00013972,0,0,0
-0.0120097,0,0.000135341,0,0,0
-0.0118812,0,0.000131054,0,0,0
-0.0117527,0,0.000126858,0,0,0
-0.0116242,0,0.000122753,0,0,0
-0.0114957,0,0.000118738,0,0,0
-0.0113672,0,0.000114811,0,0,0
-0.0111449,0,0.000108227,0,0,0
-0.0110164,0,0.000104537,0,0,0
-0.0108879,0,0.000100933,0,0,0
-0.0107594,0,9.7412e-05,0,0,0
-0.0106309,0,9.39742e-05,0,0,0
-0.0105024,0,9.06184e-05,0,0,0
-0.0103739,0,8.73436e-05,0,0,0
-0.0102454,0,8.41489e-05,0,0,0
-0.0101168,0,8.10331e-05,0,0,0
-0.00998833,0,7.79953e-05,0,0,0
-0.00985981,0,7.50346e-05,0,0,0
-0.00973129,0,7.21499e-05,0,0,0
-0.00960277,0,6.93403e-05,0,0,0
-0.00947425,0,6.66047e-05,0,0,0
-0.00934573,0,6.39422e-05,0,0,0
-0.00921721,0,6.13518e-05,0,0,0
-0.00908868,0,5.88324e-05,0,0,0
-0.00896016,0,5.63832e-05,0,0,0
-0.00883163,0,5.4003e-05,0,0,0
-0.00870311,0,5.16909e-05,0,0,0
-0.00857458,0,4.9446e-05,0,0,0
-0.00844605,0,4.72672e-05,0,0,0
-0.00831753,0,4.51535e-05,0,0,0
-0.008189,0,4.3104e-05,0,0,0
-0.00806047,0,4.11177e-05,0,0,0
-0.00793194,0,3.91934e-05,0,0,0
-0.00780341,0,3.73304e-05,0,0,0
-0.00767488,0,3.55276e-05,0,0,0
-0.00754635,0,3.37839e-05,0,0,0
-0.00741782,0,3.20984e-05,0,0,0
-0.00728929,0,3.04702e-05,0,0,0
-0.00716075,0,2.88981e-05,0,0,0
-0.00703222,0,2.73813e-05,0,0,0
-0.00690367,0,2.59186e-05,0,0,0
-0.00677514,0,2.45093e-05,0,0,0
-0.00664661,0,2.31522e-05,0,0,0
-0.00651807,0,2.18464e-05,0,0,0
-0.00638954,0,2.05908e-05,0,0,0
-0.00626101,0,1.93845e-05,0,0,0
-0.00613247,0,1.82266e-05,0,0,0
-0.00600394,0,1.71159e-05,0,0,0
-0.0058754,0,1.60515e-05,0,0,0
-0.00574687,0,1.50324e-05,0,0,0
-0.00561833,0,1.40576e-05,0,0,0
-0.0054898,0,1.31262e-05,0,0,0
-0.00536126,0,1.22371e-05,0,0,0
-0.00523272,0,1.13894e-05,0,0,0
-0.00510419,0,1.0582e-05,0,0,0
-0.00497565,0,9.81396e-06,0,0,0
-0.00484711,0,9.08432e-06,0,0,0
-0.00471858,0,8.39205e-06,0,0,0
-0.00459004,0,7.73617e-06,0,0,0
-0.00446151,0,7.1157e-06,0,0,0
-0.00433297,0,6.52963e-06,0,0,0
-0.00420443,0,5.97698e-06,0,0,0
-0.00407589,0,5.45675e-06,0,0,0
-0.00394736,0,4.96796e-06,0,0,0
-0.00381882,0,4.50962e-06,0,0,0
-0.00369028,0,4.08072e-06,0,0,0
-0.00356175,0,3.68028e-06,0,0,0
-0.00343321,0,3.30732e-06,0,0,0
-0.00330467,0,2.96083e-06,0,0,0
-0.00317613,0,2.63982e-06,0,0,0
-0.0030476,0,2.34332e-06,0,0,0
-0.00291906,0,2.07031e-06,0,0,0
-0.00279052,0,1.81982e-06,0,0,0
-0.00266199,0,1.59085e-06,0,0,0
-0.00253345,0,1.38241e-06,0,0,0
-0.00240491,0,1.19351e-06,0,0,0
-0.00227637,0,1.02316e-06,0,0,0
-0.00214784,0,8.70359e-07,0,0,0
-0.0020193,0,7.34125e-07,0,0,0
-0.00189076,0,6.13465e-07,0,0,0
-0.00176222,0,5.07387e-07,0,0,0
-0.00163369,0,4.14899e-07,0,0,0
-0.00150515,0,3.35011e-07,0,0,0
-0.0013766,0,2.66725e-07,0,0,0
-0.00124806,0,2.09062e-07,0,0,0
-0.00111952,0,1.61025e-07,0,0,0
-0.000990986,0,1.21622e-07,0,0,0
-0.000862448,0,8.98623e-08,0,0,0
-0.000733911,0,6.47536e-08,0,0,0
-0.000605373,0,4.53049e-08,0,0,0
-0.000476836,0,3.05251e-08,0,0,0
-0.000348298,0,1.94227e-08,0,0,0
-0.000219761,0,1.10065e-08,0,0,0
-9.12231e-05,0,4.28513e-09,0,0,0
3.73144e-05,0,-1.7327e-09,0,0,0
