-0.293107,0.922073,29.8611,0.0176004,0.0625916,-0.270665
-0.447927,1.22101,29.2708,0.0162519,0.0416211,-0.279932
-0.574734,1.2153,29.0599,0.0140954,0.0268102,-0.284656
-0.670523,1.06593,28.9383,0.0113926,0.0152735,-0.287565
-0.719219,0.784152,28.9367,0.0103963,0.00603295,-0.289101
-0.703012,0.560275,28.9254,0.0124049,0.000304738,-0.290645
-0.671411,0.343937,28.9075,0.0126848,-0.00361649,-0.291295
-0.667113,-0.0928641,28.5596,0.00988861,-0.00200547,-0.286463
-0.587809,-0.115408,28.6224,0.0141118,-0.00431752,-0.287802
-0.492201,-0.129605,28.6372,0.017675,-0.00505767,-0.288236
-0.413673,-0.172515,28.7125,0.0189106,-0.00439432,-0.288695
-0.319485,-0.1348,28.7632,0.0199714,-0.0042145,-0.289156
-0.241021,-0.0706834,28.7902,0.0204771,-0.00431911,-0.290307
-0.225415,-0.0786989,28.8382,0.0208313,-0.00296733,-0.290546
-0.210418,-0.0502577,28.9321,0.0214523,-0.00200938,-0.291244
-0.238793,-0.273916,28.5701,0.0154404,0.00189351,-0.286457
-0.207594,-0.145048,28.6457,0.0178216,0.00171779,-0.28737
-0.192114,-0.0257489,28.6986,0.0197547,0.000606239,-0.289197
-0.193876,0.00991975,28.8072,0.01896,0.000868897,-0.28898
-0.178731,0.0194338,28.8548,0.0190564,0.000351508,-0.290128
-0.210572,0.0556044,28.8774,0.0192915,-0.000241229,-0.290584
-0.180835,0.0737479,28.9897,0.0187557,-0.000843504,-0.291509
-0.212403,0.0742717,29.0144,0.0191184,-0.000830675,-0.292196
-0.287873,-0.193727,28.677,0.0138651,0.0031616,-0.287173
-0.287926,-0.0656834,28.7064,0.0158338,0.0017432,-0.288766
-0.272411,-0.0179799,28.7838,0.0180087,0.00100723,-0.290361
-0.241821,0.0369449,28.8527,0.0187791,0.0001855,-0.290357
-0.210999,0.0373115,28.8995,0.0188151,-0.000448806,-0.291045
-0.226849,0.0650439,28.9245,0.0193724,-0.000534935,-0.291732
-0.244254,0.0559042,29.036,0.0186264,-0.000814568,-0.292657
-0.196913,0.0468113,29.0144,0.0185744,-0.00157658,-0.292882
-0.275907,0.0369342,29.0333,0.0174118,4.81758e-05,-0.293128
-0.273758,-0.219659,28.816,0.0141124,0.00242619,-0.288549
-0.258432,-0.0810411,28.9168,0.0172767,0.00152075,-0.289913
-0.273978,-0.0162396,28.9456,0.0188161,0.00144032,-0.291055
-0.228376,-0.00725935,29.035,0.0185572,-0.000336068,-0.29151
-0.244275,0.0202816,29.0585,0.0191057,-0.000423367,-0.291507
-0.212706,0.0211258,29.0645,0.019501,-0.00127815,-0.293568
-0.228766,0.0306961,29.111,0.0195935,-0.000316061,-0.294035
-0.230788,0.0298779,29.2189,0.0185321,-0.00132716,-0.29404
-0.274336,-0.201384,28.8621,0.0139071,0.00265916,-0.289474
-0.243305,-0.0899007,28.963,0.0168923,0.00162899,-0.290837
-0.243621,0.0199854,29.0131,0.0187407,0.000623037,-0.291515
-0.26059,-0.00702597,29.1029,0.0182249,0.000534192,-0.292209
-0.229901,0.0482816,29.175,0.0190128,-0.000285201,-0.293583
-0.244928,0.0575238,29.132,0.0194149,-0.000391103,-0.294037
-0.231125,0.0306877,29.2669,0.0189263,-0.00111542,-0.29473
-0.231246,0.0492685,29.2919,0.0190787,-0.000682688,-0.295653
-0.275106,-0.182898,28.931,0.0137179,0.00331471,-0.290403
-0.275086,-0.107343,29.0099,0.0171435,0.00205543,-0.291298
-0.291982,-0.0252827,29.1026,0.0177373,0.00138468,-0.292675
-0.276889,-0.0157645,29.1494,0.0181782,0.000231507,-0.293127
-0.261298,0.0304159,29.1763,0.0192319,-0.000703938,-0.294037
-0.246394,0.03995,29.2451,0.0193356,-0.000799911,-0.294499
-0.23209,0.0495806,29.3594,0.0191064,-0.000671894,-0.295655
-0.232259,0.0321965,29.3847,0.0197104,-0.00152634,-0.296105
-0.232684,0.0137081,29.406,0.0188807,-0.0010993,-0.296573
-0.291966,-0.172434,29.0481,0.0145535,0.00301955,-0.291549
-0.30894,-0.106099,29.2151,0.0172287,0.00231384,-0.292685
-0.277194,-0.0331369,29.1976,0.0181004,0.00107004,-0.294283
-0.263194,0.0303228,29.3096,0.0182158,-3.43103e-05,-0.294743
-0.263347,0.0670857,29.3344,0.0188402,-0.000228377,-0.2952
-0.248008,0.0587481,29.3815,0.019174,-0.000133561,-0.29543
-0.20187,0.0502393,29.4524,0.0191629,-0.00171682,-0.297031
-0.233649,0.032601,29.4985,0.0190608,-0.000655774,-0.297499
-0.277249,-0.198657,29.1408,0.0147803,0.00269476,-0.292237
-0.293606,-0.0610228,29.238,0.0168487,0.00265987,-0.293613
-0.246768,0.00401273,29.2903,0.0187681,0.000663086,-0.294742
-0.263005,0.0323635,29.3617,0.0197108,0.000787519,-0.29543
-0.216722,0.0232564,29.4075,0.0193215,-0.000584887,-0.296345
-0.249209,0.0591366,29.4732,0.0188617,-0.000320194,-0.296813
-0.234472,0.0510911,29.5666,0.019216,-0.000636,-0.297731
-0.250169,0.0420605,29.5669,0.0191489,-0.000528063,-0.297961
-0.266774,0.0320262,29.6078,0.0176597,0.000449562,-0.298208
-0.279294,-0.197956,29.3001,0.0144957,0.00251892,-0.293623
-0.279441,-0.0867629,29.3786,0.0171048,0.00192564,-0.295679
-0.295904,-0.0398229,29.4734,0.0188889,0.00121124,-0.295898
-0.249315,-0.0120564,29.522,0.0191284,0.000479147,-0.297275
-0.250187,0.023687,29.5655,0.018668,9.75695e-05,-0.297738
-0.234393,0.0332958,29.5692,0.0191061,-0.000642639,-0.29888
-0.235073,0.0513832,29.6129,0.0192365,-0.00104662,-0.29842
-0.220507,0.061727,29.7296,0.0197344,-0.000930863,-0.299572
-0.264551,-0.206393,29.3919,0.0141434,0.00347234,-0.294555
-0.280285,-0.0864507,29.446,0.0171325,0.00193643,-0.295681
-0.280593,-0.0127293,29.4964,0.0187346,0.000913685,-0.296589
-0.265913,0.032643,29.5647,0.0187196,0.000213316,-0.297509
-0.219537,0.042443,29.6356,0.0188476,-0.00010517,-0.298659
-0.235864,0.0516911,29.6812,0.0189197,-0.000400046,-0.299118
-0.221613,0.0613259,29.7946,0.019035,-0.000907812,-0.299579
-0.236824,0.034615,29.7748,0.0192069,-0.000607915,-0.300267
-0.265327,-0.187516,29.4623,0.0146607,0.00285867,-0.29547
-0.296918,-0.0945751,29.5397,0.0171268,0.00248009,-0.297296
-0.266107,-0.0578483,29.5869,0.0177624,0.00122796,-0.297748
-0.265764,0.0157724,29.5926,0.0193528,0.000617007,-0.298656
-0.26721,0.0163766,29.7063,0.019401,0.000217179,-0.299347
-0.25212,0.0616683,29.7512,0.0193816,0.000350019,-0.299583
-0.23656,0.0351327,29.7765,0.0195806,1.44389e-05,-0.300269
-0.253323,0.0622525,29.8437,0.0194225,-0.000471226,-0.300959
-0.25371,0.0628709,29.8901,0.0198079,-0.000260664,-0.30096
-0.2672,-0.205205,29.5981,0.0142326,0.00225127,-0.296622
-0.266725,-0.0761253,29.631,0.0169487,0.00207758,-0.298219
-0.251528,0.00683813,29.7039,0.018634,0.00136949,-0.298901
-0.252392,0.00641693,29.7477,0.0179274,0.00097112,-0.299593
-0.221685,0.0626534,29.8443,0.019803,-7.37253e-05,-0.300271
-0.221586,0.0630361,29.8475,0.0198206,-7.13843e-05,-0.30165
-0.223366,0.0447533,29.9573,0.0193588,-0.00110372,-0.30142
-0.239042,0.0539006,29.9582,0.0194192,-0.0009868,-0.30188
-0.314229,-0.195207,29.6238,0.0150205,0.0030022,-0.297082
-0.267083,-0.0934935,29.6783,0.0172154,0.00228033,-0.29868
-0.267391,-0.0197721,29.7287,0.0188175,0.00125759,-0.299587
-0.26928,0.0348684,29.8638,0.0188818,0.000683761,-0.30028
-0.238197,0.0359483,29.913,0.0196449,3.71976e-05,-0.300963
-0.223081,0.0634489,29.9596,0.01986,-0.000472383,-0.301652
-0.2394,0.0365324,30.0055,0.0196859,-0.000784047,-0.30234
-0.224497,0.0460665,30.0743,0.0197895,-0.00088002,-0.302802
-0.240599,0.0367254,30.0965,0.0190202,-0.000336068,-0.303729
-0.284809,-0.158076,29.7848,0.0150065,0.00262063,-0.298927
-0.284832,-0.0656588,29.8375,0.0171099,0.00222922,-0.300066
-0.285304,-0.00971256,29.9116,0.0186093,0.00162125,-0.301436
-0.25433,0.0447894,29.935,0.0193476,-4.56535e-05,-0.301425
-0.239561,0.0185617,30.0285,0.0192299,0.000265343,-0.302809
-0.177997,0.0370902,30.1194,0.0194119,-0.00099663,-0.303036
-0.256805,0.0273928,30.1171,0.0189399,-0.00106368,-0.303265
-0.241453,0.0733977,30.1644,0.0196475,-0.000943097,-0.303496
-0.316632,-0.211875,29.8304,0.0150026,0.00302911,-0.298928
-0.285385,-0.08262,29.9084,0.0177459,0.00221995,-0.300523
-0.286334,-0.045158,30.003,0.0187602,0.00140324,-0.301666
-0.286952,0.0274632,30.0486,0.0192731,0.00102619,-0.301895
-0.271615,0.0367658,30.0734,0.0193535,8.62132e-05,-0.303039
-0.256711,0.0462999,30.1422,0.0194572,-9.75978e-06,-0.303501
-0.210019,0.0371121,30.1645,0.0190635,-0.000548957,-0.303732
-0.242023,0.0555076,30.2109,0.0191959,-0.000726917,-0.30465
-0.319301,-0.0849434,30.0117,0.0148704,0.00209283,-0.301234
-0.270735,-0.109964,29.9751,0.0168763,0.00211945,-0.30122
-0.302488,-0.0544949,30.0244,0.0183354,0.00131141,-0.301898
-0.27202,0.0190107,30.1184,0.0192581,0.000922407,-0.302817
-0.256805,0.0294494,30.1912,0.0200976,0.000815348,-0.303963
-0.272554,0.0378676,30.1676,0.0197682,-0.000112677,-0.304417
-0.258128,0.0289175,30.2569,0.0193867,-0.000417396,-0.304651
-0.24318,0.0746119,30.3262,0.0193921,0.0001392,-0.30558
-0.243562,0.0392613,30.3737,0.0198846,-0.000301637,-0.305803
-0.271698,-0.201666,30.0142,0.0148255,0.00294541,-0.300776
-0.256587,-0.0633747,30.115,0.0176249,0.00141878,-0.302827
-0.272803,-0.016846,30.187,0.0186951,0.0015522,-0.303745
-0.257687,0.0106547,30.2336,0.0189102,0.00104262,-0.304433
-0.241951,0.0562367,30.2354,0.0195857,0.000318024,-0.304656
-0.242744,0.0567402,30.3044,0.0196223,0.000329989,-0.305348
-0.243774,0.0387394,30.3728,0.0191664,-0.00028821,-0.306497
-0.228417,0.0487753,30.4213,0.019981,-0.000819026,-0.306951
-0.288625,-0.192321,30.1053,0.0145647,0.00287452,-0.30193
-0.304063,-0.0900436,30.1613,0.0174556,0.00258777,-0.303524
-0.289974,-0.00728572,30.3,0.0187949,0.00126811,-0.304206
-0.28945,0.0115854,30.2819,0.0196422,0.00084342,-0.305117
-0.228292,0.029999,30.3955,0.0194753,-0.000617151,-0.306035
-0.212118,0.0575139,30.3747,0.0200277,-0.000516342,-0.306033
-0.260681,0.0488174,30.4875,0.0196399,5.0063e-05,-0.306961
-0.21397,0.0580031,30.5112,0.019727,-0.00111477,-0.307415
-0.245728,0.0585428,30.5579,0.0197524,-4.47394e-05,-0.308112
-0.290041,-0.209704,30.22,0.0144942,0.00246688,-0.30308
-0.305944,-0.0715677,30.2968,0.0172736,0.00199715,-0.304447
-0.274565,0.00274598,30.3493,0.019265,0.00137308,-0.305356
-0.275968,0.0397061,30.4643,0.0195683,0.000991209,-0.306506
-0.26066,0.0669953,30.4881,0.0197674,5.90422e-05,-0.307191
-0.2294,0.0492947,30.5124,0.0196803,0.000250136,-0.307653
-0.215218,0.0580048,30.6006,0.0190525,-0.000667959,-0.308115
-0.230803,0.0862548,30.6273,0.0199835,-0.000131733,-0.308804
-0.290529,-0.172327,30.292,0.0151596,0.00311916,-0.304234
-0.275527,-0.0889562,30.3885,0.0172142,0.00219904,-0.304912
-0.276269,0.00244136,30.4598,0.0182329,0.00162012,-0.306058
-0.275726,0.0396861,30.4431,0.0195611,0.000569793,-0.307192
-0.245575,0.0217799,30.5331,0.0191279,0.000149327,-0.307655
-0.262463,0.0502313,30.6492,0.0200823,-0.000138033,-0.308342
-0.231447,0.050191,30.6724,0.019749,-0.000560314,-0.309032
-0.247996,0.0776371,30.7397,0.0199558,-0.000424794,-0.309036
-0.276746,-0.0894965,30.4558,0.0158143,0.00223786,-0.306992
-0.307562,-0.143277,30.4333,0.0164921,0.00262095,-0.305607
-0.276845,-0.0325022,30.5309,0.0190947,0.000967257,-0.306279
-0.292696,-0.0047699,30.556,0.019652,0.000881128,-0.306966
-0.261812,0.0501306,30.6045,0.0200706,0.00027376,-0.308343
-0.246695,0.0776313,30.6512,0.0202858,-0.000235821,-0.309031
-0.232435,0.0511015,30.765,0.0201549,-0.000760374,-0.309722
-0.217337,0.0602285,30.8102,0.0198892,-0.000644322,-0.310187
-0.217267,0.0785979,30.8124,0.0200255,-0.000634172,-0.311106
-0.308655,-0.180234,30.4971,0.0148399,0.00389643,-0.305857
-0.293128,-0.0779921,30.5755,0.0177419,0.00255162,-0.307446
-0.278197,0.00445369,30.6467,0.0190535,0.00122117,-0.308125
-0.246898,0.0233046,30.6729,0.0195747,0.000795611,-0.309041
-0.263998,0.0512341,30.7882,0.0198109,0.000521678,-0.310422
-0.248587,0.041569,30.7856,0.0193767,-0.000217593,-0.30996
-0.249362,0.0604461,30.856,0.0198941,-0.00083126,-0.310875
-0.249982,0.0423646,30.9009,0.0194338,-0.00061625,-0.31134
-0.293533,-0.188702,30.5448,0.0151621,0.00273545,-0.306768
-0.294408,-0.0598082,30.6646,0.0175395,0.00237162,-0.307681
-0.293865,-0.0225635,30.6479,0.0188677,0.0013213,-0.308815
-0.27933,0.00596252,30.7645,0.0198376,0.000810255,-0.309501
-0.264051,0.0512383,30.7873,0.0201554,-0.000114104,-0.309726
-0.248633,0.0251055,30.837,0.0203793,-2.59262e-05,-0.311105
-0.233828,0.0517015,30.8796,0.0198586,-0.00052442,-0.311108
-0.218808,0.0625471,30.976,0.0210675,-0.000843504,-0.312252
-0.251308,0.0440849,31.0415,0.0202339,-0.000604578,-0.31272
-0.295391,-0.169688,30.7032,0.0153611,0.00318861,-0.307007
-0.311286,-0.0677169,30.7803,0.0178943,0.00270209,-0.308604
-0.312455,0.00538778,30.8737,0.0184365,0.00191559,-0.31021
-0.296847,0.0524971,30.9251,0.0205778,0.000754693,-0.310424
-0.250706,0.0437928,30.9953,0.0202134,-0.000193956,-0.312031
-0.251762,0.043583,31.0618,0.0195229,-0.000169734,-0.312728
-0.283196,0.0798686,31.0618,0.0201069,-0.000563874,-0.312493
-0.236384,0.0717969,31.1109,0.0204651,-0.000691572,-0.313412
-0.311659,-0.196609,30.7499,0.0148425,0.00351273,-0.308391
-0.328407,-0.0579653,30.895,0.0180029,0.00241918,-0.309755
-0.281219,-0.0302953,30.8981,0.0185752,0.00146309,-0.310436
-0.282371,0.0437383,31.016,0.0202051,0.000451144,-0.311347
-0.250992,0.0250971,30.9929,0.0197121,-0.00082529,-0.3118
-0.251936,0.062168,31.086,0.0200198,-0.00037278,-0.312955
-0.25253,0.0262955,31.1327,0.019794,-0.00080019,-0.313873
-0.221472,0.0451664,31.1801,0.0203225,-0.000804333,-0.314103
-0.298119,-0.0961187,30.9126,0.015251,0.00201805,-0.311377
-0.297038,-0.131145,30.8709,0.0167829,0.00175159,-0.310213
-0.282013,-0.0297918,30.9672,0.0186118,0.00147506,-0.311128
-0.266352,0.0173134,31.0194,0.0204085,0.000949943,-0.312037
-0.251692,0.0445077,31.0871,0.020266,0.000240595,-0.312727
-0.236402,0.0534234,31.1096,0.0199842,-6.59396e-05,-0.313188
-0.237847,0.0540276,31.2233,0.0200324,-0.000465768,-0.313879
-0.237149,0.0543138,31.181,0.0203829,-0.000687416,-0.314563
-0.238591,0.0547224,31.2939,0.0200778,-0.000452633,-0.31526
-0.314235,-0.194692,30.9807,0.0153214,0.0033366,-0.310465
-0.31424,-0.083901,31.0348,0.0179057,0.00231955,-0.311827
-0.267408,0.0171036,31.086,0.019718,0.000974165,-0.312734
-0.268201,0.0176071,31.1551,0.0197545,0.00098613,-0.313426
-0.284967,0.0449224,31.2231,0.0199498,-0.000134146,-0.31411
-0.254312,0.0277094,31.2944,0.0202365,-0.000988286,-0.315254
-0.254055,0.0643917,31.2957,0.0208564,-0.000349144,-0.315026
-0.255106,0.0282129,31.3634,0.020273,-0.000976321,-0.315946
-0.298937,-0.221941,31.0035,0.0147935,0.00301327,-0.311155
-0.315031,-0.083593,31.1031,0.0175889,0.00296613,-0.312526
-0.268222,-0.000570891,31.1544,0.019627,0.00097715,-0.313196
-0.252628,0.045414,31.1806,0.0203274,0.000676317,-0.314112
-0.253908,0.0635978,31.2698,0.0201249,0.000496322,-0.314347
-0.270186,0.0730373,31.3169,0.0202058,0.000202617,-0.315495
-0.25576,0.0640871,31.4062,0.0198243,-0.000102103,-0.315729
-0.239733,0.0923958,31.4114,0.0211081,-0.000846759,-0.316407
-0.272033,0.0375575,31.4545,0.0200122,-0.00104721,-0.317099
-0.316045,-0.157846,31.1183,0.0152758,0.00275613,-0.312306
-0.285858,-0.0460506,31.2867,0.0182887,0.00173676,-0.313672
-0.270031,0.0186341,31.3144,0.0198348,0.00143147,-0.314124
-0.270614,0.0372997,31.362,0.0203362,0.00039522,-0.315036
-0.286698,0.0463322,31.3856,0.0200477,0.00031354,-0.316187
-0.256263,0.0473172,31.4787,0.0204691,-0.000110204,-0.316875
-0.240324,0.0563278,31.4572,0.020529,-0.000639558,-0.317331
-0.241767,0.0567364,31.5702,0.0202239,-0.000404774,-0.318028
-0.301305,-0.166087,31.2109,0.0152768,0.00307493,-0.313231
-0.301718,-0.0728564,31.3108,0.0181189,0.00225947,-0.314365
-0.286472,0.0102984,31.3853,0.0198131,0.00155255,-0.315735
-0.255661,0.0470252,31.4324,0.0204487,0.000300418,-0.316187
-0.287473,0.0652092,31.4561,0.0205651,-0.000300128,-0.317102
-0.256894,0.0655959,31.524,0.0206083,-0.000513018,-0.317104
-0.257493,0.0656924,31.5695,0.0202755,-0.000289028,-0.317799
-0.274015,0.0753475,31.6386,0.0207169,-0.000795929,-0.318255
-0.288093,-0.0276938,31.4457,0.0174134,0.00158333,-0.315982
-0.28711,-0.136556,31.3762,0.0169943,0.00214101,-0.314601
-0.30226,-0.0178348,31.3597,0.0188753,0.00124118,-0.315736
-0.272191,0.00194658,31.4998,0.0198097,0.00103697,-0.316656
-0.256647,0.0477401,31.5243,0.0205012,0.000734969,-0.316883
-0.257036,0.0659987,31.5484,0.0206332,-8.92605e-05,-0.317797
-0.258045,0.0487312,31.6404,0.0209116,-0.0002983,-0.318256
-0.290786,0.0477336,31.7041,0.0194785,-3.81374e-05,-0.318958
-0.290698,0.0670319,31.7307,0.0207024,-0.00025344,-0.319181
-0.318133,-0.173805,31.3282,0.0156404,0.00340657,-0.314843
-0.287562,-0.0624319,31.451,0.0186213,0.00154202,-0.316202
-0.303807,0.00208346,31.5221,0.0198102,0.00168324,-0.31666
-0.273138,0.039213,31.5936,0.0204706,0.000854871,-0.317805
-0.289461,0.0124921,31.6403,0.0206498,-9.14042e-05,-0.318486
-0.25845,0.0484207,31.6623,0.0202094,0.000137714,-0.318954
-0.259633,0.0497382,31.7785,0.0209846,-0.000274371,-0.31964
-0.260019,0.0678013,31.8018,0.0207633,-0.000463989,-0.320561
-0.335256,-0.181498,31.4659,0.0163558,0.00352384,-0.315074
-0.303593,-0.0708483,31.4985,0.0185951,0.0024963,-0.317128
-0.273849,0.00202888,31.6126,0.0191397,0.000650573,-0.318041
-0.273769,0.0574917,31.6389,0.0206098,0.000452058,-0.318034
-0.25845,0.0484207,31.6623,0.0202094,0.000137714,-0.318954
-0.259508,0.0484065,31.7297,0.0198722,-0.000472675,-0.319644
-0.228591,0.0319068,31.8034,0.0208859,-0.00133907,-0.320783
-0.228933,0.0686856,31.8503,0.0211731,-0.00047594,-0.321251
-0.261657,0.0686169,31.9384,0.0208275,-0.00044123,-0.321256
-0.289307,-0.189991,31.5588,0.0160074,0.00299777,-0.316686
-0.336889,-0.0886115,31.6338,0.0181513,0.00211258,-0.318281
-0.305772,-0.0150111,31.6839,0.0194157,0.00150077,-0.319194
-0.291054,0.0494681,31.7773,0.0206158,0.000583924,-0.319648
-0.27552,0.0407235,31.8008,0.0205802,0.000890765,-0.319881
-0.291614,0.0861161,31.8248,0.0208913,0.000191261,-0.320796
-0.261005,0.0685162,31.8937,0.0208159,-2.94377e-05,-0.321257
-0.230591,0.0687679,31.9631,0.020503,-0.000862341,-0.322636
-0.306935,-0.180737,31.6929,0.0157495,0.00251392,-0.31715
-0.306219,-0.0691222,31.7277,0.0190652,0.002319,-0.318512
-0.291285,0.013128,31.7981,0.0200235,0.00162316,-0.319198
-0.276119,0.04082,31.8463,0.0202474,0.00111475,-0.320575
-0.292062,0.0496452,31.8463,0.0202874,-2.5295e-05,-0.321027
-0.277351,0.0593907,31.9379,0.0204071,0.000301319,-0.321493
-0.247039,0.0594553,32.0049,0.02043,-0.00116854,-0.321486
-0.278941,0.0605933,32.0768,0.0208335,-0.000309364,-0.32287
-0.247954,0.0785396,32.0989,0.0206189,-0.000723836,-0.323101
-0.323424,-0.189459,31.7615,0.0153656,0.00326844,-0.318078
-0.275976,-0.0504811,31.8205,0.0188959,0.00191767,-0.320125
-0.29205,-0.0043551,31.8681,0.0199413,0.00162732,-0.320349
-0.292807,0.0328955,31.94,0.0209395,0.00038802,-0.321488
-0.261983,0.0330665,31.9859,0.0206222,0.000388326,-0.322182
-0.247477,0.0970238,32.0785,0.0211041,-0.000515089,-0.323329
-0.27954,0.0606898,32.1223,0.0205007,-8.53742e-05,-0.323565
-0.264904,0.0699018,32.1901,0.0205839,-0.00143831,-0.324018
-0.308839,-0.160742,31.8797,0.0163444,0.00275856,-0.319454
-0.308211,-0.0684257,31.8877,0.0184361,0.00277895,-0.320594
-0.293617,0.0148299,32.0069,0.0201419,0.00166023,-0.321963
-0.261983,0.0330665,31.9859,0.0206222,0.000388326,-0.322182
-0.263001,0.0519636,32.0776,0.0211468,0.000196074,-0.322412
-0.27954,0.0606898,32.1223,0.0205007,-8.53742e-05,-0.323565
-0.248914,0.0614634,32.1926,0.0209061,-0.000931705,-0.32425
-0.265455,0.052745,32.2603,0.0208667,-0.000812973,-0.324482
-0.340799,-0.106186,31.9265,0.0163785,0.00323318,-0.320839
-0.309319,-0.0686312,31.9535,0.0180901,0.00216739,-0.320595
-0.293609,-0.0213347,32.0073,0.0198957,0.00164344,-0.322193
-0.27869,0.00676845,32.0782,0.0208335,0.000287224,-0.322871
-0.279279,0.0614031,32.1247,0.0212277,-9.76314e-05,-0.32356
-0.264661,0.0522415,32.1912,0.0208301,-0.000824938,-0.32379
-0.233642,0.0520055,32.2136,0.0201435,-0.000612607,-0.324487
-0.249687,0.0801449,32.2622,0.0210701,-0.000910761,-0.325171
-0.250478,0.0804528,32.3305,0.0207533,-0.000264185,-0.32587
-0.325755,-0.187758,31.9703,0.015484,0.0033055,-0.320843
-0.294898,-0.057689,32.0954,0.0189661,0.00207229,-0.322433
-0.326843,-0.00200869,32.1675,0.0204412,0.00168684,-0.323115
-0.264647,0.0156858,32.19,0.0198773,0.000427497,-0.324033
-0.234154,0.0539557,32.3088,0.0216413,-0.000203741,-0.324485
-0.266243,0.0528573,32.3278,0.0201966,0.000468214,-0.325188
-0.250649,0.0988422,32.354,0.0208969,0.000167381,-0.326104
-0.267021,0.0719299,32.399,0.0210672,-0.000780065,-0.326096
-0.310997,-0.177625,32.0643,0.0159659,0.00299867,-0.321992
-0.31168,-0.0489428,32.1613,0.0183272,0.00221226,-0.322901
-0.280168,-0.0121254,32.1653,0.0189599,0.00137309,-0.324042
-0.280882,0.043841,32.2607,0.0204666,0.00118654,-0.324727
-0.265522,0.0536813,32.3084,0.020928,0.00129034,-0.325188
-0.282472,0.0450435,32.3996,0.020893,0.000575859,-0.326105
-0.267213,0.0721414,32.4218,0.0210833,-0.000357478,-0.3261
-0.236168,0.0541144,32.446,0.0206313,-0.000787568,-0.32725
-0.253366,0.0814657,32.5572,0.0204964,-0.00042923,-0.327259
-0.312806,-0.15842,32.2242,0.0161737,0.003453,-0.32292
-0.312396,-0.0836792,32.256,0.0188606,0.00261776,-0.323821
-0.313141,0.00791396,32.3281,0.0202326,0.00140423,-0.32496
-0.313465,0.0630663,32.3763,0.0210005,0.00164173,-0.325651
-0.267639,0.0536529,32.4431,0.0202536,6.95568e-05,-0.326568
-0.252017,0.0642065,32.4933,0.021442,0.000161094,-0.327023
-0.267981,0.0548538,32.4927,0.0213544,-0.000987934,-0.327245
-0.26925,0.0366775,32.5814,0.0205524,-0.000550105,-0.327715
-0.31278,-0.176211,32.226,0.0164083,0.00281058,-0.323373
-0.313291,-0.0659182,32.2996,0.0186261,0.0015926,-0.324048
-0.313587,-0.0287525,32.3488,0.0192753,0.00182229,-0.325198
-0.282643,0.0634329,32.423,0.0210366,0.00100743,-0.326338
-0.28305,0.063318,32.4457,0.0206877,0.000808828,-0.327029
-0.283826,0.082195,32.5162,0.0212051,0.00019516,-0.327945
-0.2694,0.0732449,32.6055,0.0208235,-0.00010956,-0.328179
-0.269999,0.0733414,32.651,0.0204907,0.00011443,-0.328874
-0.33069,-0.0754489,32.4095,0.0171734,0.00258219,-0.324987
-0.314702,-0.0836917,32.4127,0.0178489,0.00245418,-0.325212
-0.283518,-0.00897104,32.4889,0.0202097,0.00161808,-0.326117
-0.28406,0.0460505,32.5377,0.0209661,0.000599788,-0.327489
-0.2694,0.0732449,32.6055,0.0208235,-0.00010956,-0.328179
-0.269592,0.0734563,32.6283,0.0208396,0.000313027,-0.328183
-0.238558,0.0917894,32.6528,0.0209871,-0.000734886,-0.329096
-0.24067,0.0739253,32.809,0.0202128,-0.000286263,-0.32957
-0.303067,0.127692,32.7636,0.0201789,-2.252e-05,-0.33026
-0.315527,-0.155904,32.4801,0.0170309,0.00306601,-0.32568
-0.331346,-0.0554559,32.5069,0.0184427,0.00238002,-0.32659
-0.315421,-0.00783304,32.5608,0.0206132,0.00247726,-0.327501
-0.269515,0.0382164,32.6539,0.0213364,0.000706568,-0.328411
-0.286054,0.0469426,32.6986,0.0206903,0.00042512,-0.329564
-0.270747,0.0567871,32.7455,0.0214961,-0.000106867,-0.329328
-0.271782,0.0747553,32.8127,0.0209331,-7.36661e-05,-0.330255
-0.272171,0.0755693,32.8598,0.0216719,-0.000497716,-0.330249
-0.269048,-0.183059,32.5246,0.0165257,0.00294042,-0.325684
-0.316368,-0.0809661,32.6021,0.0193966,0.00204298,-0.327274
-0.300587,0.000776343,32.6043,0.0199738,0.00197096,-0.327964
-0.269727,0.0376945,32.653,0.0206182,0.000719996,-0.329105
-0.270072,0.0746688,32.7006,0.0212587,0.000948516,-0.329566
-0.271712,0.07568,32.8379,0.0216762,0.000336663,-0.330254
-0.272791,0.0574879,32.9047,0.0212115,-0.000282706,-0.330714
-0.257083,0.0301583,32.904,0.0206791,0.000227181,-0.33072
-0.300857,-0.16507,32.5475,0.0162888,0.00297449,-0.326606
-0.285378,-0.0632154,32.6235,0.0188287,0.00226312,-0.327512
-0.301576,0.00168683,32.6969,0.0203797,0.00177089,-0.328653
-0.302564,0.00259732,32.7896,0.0207856,0.00157083,-0.329342
-0.303223,0.0563073,32.8108,0.0204367,0.00077565,-0.330032
-0.271924,0.0751581,32.8371,0.020958,0.000350091,-0.330948
-0.257044,0.0667098,32.906,0.0212875,-0.000389473,-0.331173
-0.289456,0.0675457,32.9982,0.0216778,-0.000365849,-0.331863
-0.274641,0.0577816,33.0403,0.0205575,-0.000246519,-0.332103
-0.334468,-0.181486,32.7537,0.0166202,0.00384627,-0.327765
-0.334522,-0.0534419,32.7831,0.0185889,0.00242788,-0.329358
-0.287699,-0.00697548,32.8333,0.0196741,0.00169133,-0.330271
-0.303776,0.039346,32.8817,0.0210728,0.000766378,-0.330489
-0.272931,0.0576951,32.9283,0.0208831,0.000775663,-0.331414
-0.289116,0.0665404,32.9494,0.0209303,5.703e-05,-0.33118
-0.274163,0.0762658,33.0199,0.0210427,-3.77724e-05,-0.332331
-0.274765,0.0765579,33.0661,0.0210632,-0.000448395,-0.333019
-0.334709,-0.164021,32.7518,0.0160207,0.00386751,-0.328
-0.318389,-0.062283,32.7611,0.0188862,0.00251073,-0.328897
-0.303765,0.00298589,32.8813,0.0204733,0.0013842,-0.330725
-0.288494,0.0844263,32.9038,0.0210373,0.000476631,-0.330721
-0.289066,0.0667317,32.951,0.0209391,5.82005e-05,-0.331869
-0.274163,0.0762658,33.0199,0.0210427,-3.77724e-05,-0.332331
-0.275608,0.07687,33.1336,0.0210909,-0.0004376,-0.333022
-0.291285,0.0860174,33.1345,0.0211513,-0.000320684,-0.333482
-0.291689,0.0857069,33.1564,0.0204492,0.000115331,-0.334179
-0.335912,-0.163437,32.8444,0.0160617,0.00304626,-0.329376
-0.320575,-0.0611795,32.9448,0.0186264,0.00275865,-0.330975
-0.304507,0.00348517,32.9512,0.0201653,0.00203195,-0.332113
-0.290004,0.0501934,33.0676,0.0216072,0.000894102,-0.332334
-0.274928,0.0587827,33.0899,0.0209606,-3.36166e-05,-0.333482
-0.275315,0.0594011,33.1363,0.021346,0.000176945,-0.333483
-0.292058,0.104699,33.2041,0.0213154,-0.00029974,-0.334403
-0.260993,0.0874052,33.252,0.0215977,-0.000320671,-0.334863
-0.32091,-0.170965,32.9394,0.0167897,0.00335281,-0.330297
-0.289734,-0.0600795,33.0152,0.0193967,0.0025335,-0.330973
-0.306458,0.00359175,33.0844,0.019847,0.00143118,-0.332117
-0.291679,0.0319021,33.179,0.0204564,0.00113333,-0.333495
-0.276109,0.0599046,33.2053,0.0213825,0.00018891,-0.334175
-0.2601,0.0698398,33.2092,0.0221855,6.98856e-05,-0.334629
-0.261636,0.0513414,33.297,0.0213631,-0.000749251,-0.335091
-0.277289,0.0784712,33.2977,0.0211977,1.12563e-05,-0.335788
-0.32192,-0.188232,33.0314,0.0170681,0.00314377,-0.330756
-0.306489,-0.0691243,33.0828,0.0189924,0.00203105,-0.331893
-0.274924,0.0409469,33.1114,0.0208607,0.00163579,-0.332575
-0.275264,0.0419523,33.1602,0.0216082,0.00121291,-0.333259
-0.229152,0.0512346,33.2293,0.0213625,0.000272067,-0.334407
-0.2614,0.0698457,33.2977,0.0218555,-0.000119088,-0.334634
-0.292945,0.0883519,33.3223,0.0219924,0.000537332,-0.335558
-0.278539,0.0786684,33.3879,0.0208765,-0.000176547,-0.336482
-0.263395,0.0707377,33.4585,0.0215797,-0.000293756,-0.336709
-0.338286,-0.198091,33.0519,0.015925,0.00306537,-0.331681
-0.339072,-0.049899,33.1984,0.0195263,0.00248624,-0.332817
-0.307996,0.00479009,33.2242,0.0199289,0.00145628,-0.33419
-0.292784,0.0154244,33.2978,0.0211217,0.000714611,-0.33533
-0.308681,0.0427698,33.3205,0.0213169,0.00126192,-0.335334
-0.262531,0.0711589,33.4148,0.0222863,0.000104609,-0.336016
-0.278752,0.0607018,33.4101,0.0207651,0.000237061,-0.336255
-0.264218,0.0892279,33.5266,0.021735,-0.000273983,-0.336942
-0.354948,-0.188229,33.1446,0.016038,0.00361684,-0.332837
-0.32419,-0.0585429,33.2666,0.0195025,0.00238128,-0.333049
-0.339951,0.0059323,33.2952,0.0206769,0.00167967,-0.334878
-0.308276,0.0605249,33.2755,0.0214123,0.000425728,-0.335557
-0.277406,0.0436382,33.3469,0.0220639,0.000192773,-0.336013
-0.294623,0.0702562,33.4345,0.0211948,0.000141952,-0.336713
-0.280003,0.060899,33.5002,0.0204439,4.92575e-05,-0.336949
-0.265032,0.0715534,33.5951,0.021644,-0.000270998,-0.337404
-0.280939,0.0618053,33.5937,0.0205053,0.000484979,-0.338334
-0.308513,-0.141144,33.2412,0.0175087,0.00309086,-0.333751
-0.293633,-0.0391928,33.3627,0.0197157,0.00260347,-0.335352
-0.30928,0.0428663,33.366,0.0209841,0.00148591,-0.336029
-0.309646,0.0616627,33.413,0.021497,0.00170545,-0.33626
-0.295846,0.0350222,33.5487,0.0213617,0.00034652,-0.336946
-0.29686,0.0711683,33.6165,0.0209262,0.0003887,-0.338102
-0.264962,0.0899227,33.5973,0.0217803,-0.000260848,-0.338323
-0.297607,0.0720588,33.688,0.0213249,-0.000232776,-0.339477
-0.325652,-0.149766,33.3544,0.0171365,0.00343358,-0.334678
-0.341259,-0.0487955,33.382,0.0192666,0.00273416,-0.334895
-0.310401,-0.0116818,33.4315,0.0202643,0.000848585,-0.336029
-0.295456,0.0342082,33.5016,0.020623,0.00077057,-0.336951
-0.279592,0.0447417,33.5305,0.0218042,0.000440692,-0.338092
-0.265003,0.0535668,33.596,0.0215253,-0.000278806,-0.337863
-0.281482,0.0993822,33.6656,0.0218684,-0.000133137,-0.338786
-0.282267,0.0637211,33.7351,0.0216587,-0.00013796,-0.339707
-0.310404,-0.177206,33.3756,0.0165997,0.00310908,-0.33468
-0.326784,-0.0575543,33.4729,0.0188938,0.00243061,-0.335818
-0.326828,0.0166848,33.525,0.0208697,0.00203022,-0.336728
-0.29618,0.0356364,33.5959,0.0214026,0.00119286,-0.337642
-0.281064,0.063137,33.6425,0.0216178,0.000683284,-0.338331
-0.250263,0.0453257,33.6886,0.0215263,3.99988e-05,-0.338788
-0.266998,0.0544588,33.7569,0.0212495,-0.000453474,-0.339938
-0.282807,0.101102,33.8062,0.0226686,-0.000121465,-0.340165
-0.283515,0.0637228,33.8244,0.0209843,0.000308848,-0.340407
-0.311997,-0.14023,33.5126,0.0165656,0.00378441,-0.335841
-0.327679,-0.0377367,33.5907,0.019817,0.00328447,-0.336743
-0.32868,0.0171741,33.6614,0.020569,0.00143179,-0.33811
-0.312894,0.0629475,33.6648,0.0212533,0.00070837,-0.339022
-0.298136,0.07308,33.7587,0.0217352,0.000401543,-0.340171
-0.283568,0.063727,33.8236,0.0213288,-0.000326934,-0.339712
-0.284169,0.0640191,33.8699,0.0213493,-0.000737556,-0.3404
-0.283826,0.0467415,33.8742,0.0216131,-0.00012184,-0.34155
-0.359934,-0.166814,33.5816,0.0167453,0.00348441,-0.336527
-0.311898,-0.0824705,33.5941,0.0198814,0.00251849,-0.337884
-0.328843,-0.000601107,33.6852,0.0204664,0.00184657,-0.338573
-0.31428,0.00993831,33.8027,0.0213176,0.00132772,-0.339718
-0.282633,0.0825175,33.782,0.0221717,8.15805e-05,-0.339938
-0.252266,0.0823823,33.8491,0.0214967,-0.000117881,-0.340634
-0.252798,0.0835991,33.9206,0.0222603,-0.000118174,-0.341321
-0.28489,0.0826963,33.9404,0.0211688,-8.08304e-05,-0.342017
-0.254048,0.101241,33.9877,0.0213324,-0.000706157,-0.342935
-0.345804,-0.138599,33.7201,0.017013,0.00340938,-0.337911
-0.314171,-0.0274071,33.7748,0.0199777,0.00278984,-0.338585
-0.329139,0.0365646,33.7344,0.0211156,0.00207626,-0.339723
-0.284258,0.0467774,33.9174,0.0212831,0.00135677,-0.340875
-0.299752,0.0920736,33.8959,0.021927,0.000433281,-0.341095
-0.285253,0.101297,33.9866,0.0213284,0.000773322,-0.342255
-0.269746,0.0747657,34.0111,0.021872,-0.00019804,-0.342245
-0.286073,0.0840138,34.0566,0.0219441,-0.000492916,-0.342704
-0.329875,-0.184126,33.6976,0.0163458,0.00348887,-0.338372
-0.345991,-0.0639567,33.7966,0.0190137,0.00343275,-0.339513
-0.315094,-0.00773617,33.8712,0.0212266,0.0013307,-0.340181
-0.284696,0.0648447,33.9399,0.0214062,0.000531374,-0.3411
-0.26869,0.0749755,33.9445,0.0225625,-0.000222261,-0.341548
-0.316866,0.0656606,34.0109,0.0217893,0.000133581,-0.342476
-0.286431,0.0666456,34.104,0.0222108,-0.000290163,-0.343164
-0.271598,0.075255,34.1475,0.0215713,-0.000796465,-0.343627
-0.317418,-0.00867763,34.0035,0.0191273,0.00139257,-0.342268
-0.362809,-0.127535,33.8624,0.0182268,0.00290336,-0.339743
-0.31595,-0.044322,33.9153,0.0202738,0.000915549,-0.341103
-0.300964,0.0204794,34.0097,0.0214943,0.00125567,-0.341564
-0.301911,0.0577458,34.1035,0.0221553,0.00107357,-0.342713
-0.285777,0.0663493,34.0585,0.0218458,0.000756242,-0.343172
-0.286574,0.0670484,34.1283,0.0222356,0.000133595,-0.343857
-0.271961,0.0938558,34.1937,0.021731,5.76876e-05,-0.343864
-0.303509,0.112558,34.219,0.0222211,7.9496e-05,-0.344781
-0.332488,-0.128058,33.9271,0.0171897,0.00333733,-0.339757
-0.316765,-0.0264185,33.9811,0.0193691,0.00283916,-0.341355
-0.317315,0.047323,34.0527,0.0209784,0.00223783,-0.341577
-0.317849,0.0661799,34.1019,0.0214886,0.00120274,-0.343178
-0.318454,0.0666676,34.149,0.0218624,0.000157511,-0.34386
-0.304012,0.111864,34.2378,0.0215013,0.000513169,-0.344101
-0.303765,0.0758753,34.2177,0.0216012,-0.000559646,-0.345009
-0.289077,0.0676384,34.3094,0.0219467,-0.000876623,-0.345238
-0.332239,-0.164242,33.9062,0.0169363,0.00289913,-0.340672
-0.348492,-0.0970836,34.0538,0.0203429,0.00301554,-0.341808
-0.316638,0.0294312,34.0098,0.0212014,0.0020072,-0.342031
-0.286276,0.0296871,34.0784,0.0212331,0.000538516,-0.342714
-0.271546,0.0578062,34.1714,0.0218336,0.000239497,-0.343403
-0.271895,0.021718,34.196,0.0212473,2.52823e-05,-0.345012
-0.272747,0.0581947,34.2631,0.0215213,5.28643e-05,-0.344786
-0.272874,0.0771666,34.2897,0.0223803,-0.000783622,-0.345695
-0.259053,0.104282,34.4233,0.0215588,-0.000212953,-0.346402
-0.333785,-0.144324,34.0686,0.0178712,0.0033412,-0.341595
-0.318713,-0.0425842,34.1674,0.0200622,0.00243123,-0.343193
-0.335124,0.00435154,34.263,0.0215017,0.00235261,-0.344108
-0.320109,0.0491097,34.2841,0.0214458,0.000805902,-0.344331
-0.27311,0.0767955,34.3093,0.0216809,0.000907017,-0.345023
-0.27352,0.0768762,34.3328,0.0216853,7.3808e-05,-0.345708
-0.275157,0.0776918,34.4693,0.0217496,9.65666e-05,-0.346403
-0.275087,0.0960611,34.4716,0.0218859,0.000106716,-0.347322
-0.367126,-0.16267,34.2009,0.016712,0.00422553,-0.342072
-0.350572,-0.024787,34.1886,0.0198165,0.00246412,-0.343425
-0.351132,0.011861,34.2361,0.020092,0.00207146,-0.344573
-0.351675,0.0494379,34.3081,0.0214551,0.00145334,-0.345025
-0.320568,0.0685002,34.3571,0.0219924,0.00145037,-0.345944
-0.306217,0.0590164,34.4227,0.0215744,-0.000533902,-0.346166
-0.290644,0.0868233,34.4482,0.0221472,-0.000843715,-0.346852
-0.260178,0.0696262,34.5415,0.0220967,-0.000640656,-0.348006
-0.276332,0.0602893,34.5628,0.0216719,-0.000732486,-0.348238
-0.351283,-0.170314,34.2292,0.0177656,0.00388667,-0.342983
-0.336281,-0.069499,34.3027,0.0192135,0.00256637,-0.344582
-0.320773,0.014369,34.3797,0.0216347,0.00184719,-0.345947
-0.290152,0.0511117,34.4488,0.021933,0.00165226,-0.346409
-0.274893,0.0782095,34.4711,0.0221233,0.000718921,-0.346404
-0.307081,0.0606518,34.5406,0.0220256,0.000946761,-0.347556
-0.292082,0.0868409,34.5596,0.0211355,0.000660292,-0.347563
-0.292089,0.106929,34.613,0.0227464,0.000235305,-0.349161
-0.336784,-0.16109,34.3199,0.0171671,0.00422671,-0.344143
-0.352585,-0.0422685,34.348,0.0190598,0.00291509,-0.345277
-0.306518,0.0238083,34.4924,0.0213967,0.00197404,-0.346415
-0.322926,0.0684918,34.513,0.0213253,0.000651007,-0.346639
-0.307346,0.0601341,34.5389,0.0216519,0.000324406,-0.347554
-0.291599,0.0693561,34.5403,0.0217278,0.000217639,-0.348014
-0.293094,0.0697689,34.6524,0.0217672,-0.000183359,-0.348016
-0.29341,0.0887567,34.701,0.0222889,3.73521e-05,-0.348936
-0.337111,-0.105743,34.3689,0.0182884,0.0038296,-0.344827
-0.321733,-0.0775287,34.418,0.0192306,0.00330776,-0.34551
-0.3377,0.00626902,34.4938,0.0219807,0.00217648,-0.346181
-0.306866,0.0609782,34.5407,0.0223905,0.00156794,-0.346869
-0.276086,0.0424335,34.5632,0.0215647,0.0005155,-0.348017
-0.292616,0.0882532,34.6319,0.0222524,2.53875e-05,-0.348244
-0.245874,0.0792568,34.6558,0.0218675,-0.00051264,-0.349163
-0.309249,0.0801289,34.7256,0.0222467,0.000569047,-0.349858
-0.262531,0.0531501,34.7497,0.0220876,-0.000612571,-0.350542
-0.338201,-0.178473,34.4347,0.0170966,0.00381908,-0.345293
-0.354562,-0.0404475,34.5333,0.0198716,0.00251497,-0.346655
-0.322602,0.0328407,34.5159,0.0211083,0.00189236,-0.347566
-0.308524,0.0610605,34.6536,0.0217205,0.00118154,-0.348254
-0.27744,0.0621404,34.7028,0.0224836,0.000534981,-0.348937
-0.278091,0.0796857,34.7244,0.0218885,-0.000276991,-0.349856
-0.262365,0.0707297,34.7251,0.0218369,-0.000392737,-0.350085
-0.294611,0.0891453,34.7927,0.0219766,-0.000149281,-0.350319
-0.354718,-0.169209,34.5022,0.0168314,0.0045814,-0.345762
-0.339648,-0.0672736,34.6017,0.0193757,0.00303682,-0.347353
-0.339591,-0.0123486,34.6051,0.0204649,0.00179453,-0.34803
-0.324822,0.052322,34.7001,0.0216738,0.000878859,-0.349172
-0.309805,0.0968845,34.7205,0.0212646,-3.32418e-05,-0.349402
-0.294175,0.0712736,34.771,0.0222068,4.1508e-05,-0.350087
-0.279749,0.0623234,34.8603,0.0218252,-0.000263212,-0.350321
-0.279824,0.0812911,34.8877,0.0223397,-0.000463917,-0.351926
-0.311898,0.0813172,34.9319,0.0223359,-0.000652025,-0.351926
-0.33977,-0.159092,34.5742,0.0176505,0.00321737,-0.3469
-0.355763,-0.040059,34.6251,0.0195593,0.00232833,-0.348038
-0.34073,0.0251293,34.7218,0.0211419,0.00203502,-0.349182
-0.310256,0.0626658,34.8169,0.0221717,0.000994619,-0.350324
-0.29519,0.0899751,34.8619,0.0223781,0.000483868,-0.350323
-0.295783,0.0541026,34.9085,0.0221523,5.64579e-05,-0.351241
-0.296533,0.0907664,34.9781,0.0220906,0.000720992,-0.352399
-0.329256,0.0906978,35.0662,0.0217451,0.000755702,-0.352405
-0.356237,-0.149637,34.6433,0.0173941,0.00398087,-0.348059
-0.357299,-0.0565008,34.7871,0.0198946,0.00338822,-0.349198
-0.310267,0.0081277,34.8159,0.0214447,0.00160346,-0.35033
-0.294955,0.0352213,34.8389,0.0212904,0.00130591,-0.351021
-0.295568,0.0718736,34.8856,0.0219105,0.000277462,-0.351474
-0.312088,0.0813331,34.9539,0.0219986,0.000405173,-0.351936
-0.297205,0.0726892,35.0221,0.0219747,0.000300221,-0.352168
-0.297153,0.072685,35.0229,0.0216302,0.000936003,-0.352864
-0.342574,-0.0853676,34.8033,0.0179037,0.00308825,-0.349209
-0.3578,-0.0929675,34.8077,0.0196352,0.00253589,-0.348734
-0.326439,-0.0195827,34.8358,0.020539,0.00213727,-0.350339
-0.327443,0.053657,34.9277,0.0214374,0.00197078,-0.350569
-0.296575,0.0544105,34.9768,0.0218355,0.000703034,-0.351939
-0.327977,0.0725139,34.977,0.0219475,0.000935697,-0.35217
-0.281796,0.0827209,35.0714,0.0224449,0.000405186,-0.353318
-0.297493,0.0736903,35.0717,0.0223778,0.000513123,-0.353548
-0.283046,0.0829181,35.1616,0.0221237,0.000217383,-0.354012
-0.312026,-0.157697,34.8696,0.0170924,0.00347522,-0.348987
-0.342512,-0.064355,34.882,0.0202577,0.00307359,-0.350806
-0.327825,0.0183064,34.9753,0.0219299,0.00152994,-0.350793
-0.297104,0.0554317,35.0476,0.0222458,0.00133735,-0.352633
-0.282107,0.0818163,35.0674,0.021709,0.000416273,-0.352633
-0.297928,0.091562,35.0934,0.0221476,0.000322335,-0.353779
-0.298115,0.0558044,35.1173,0.0222707,9.35221e-05,-0.354006
-0.283819,0.1016,35.2313,0.0222878,0.000238326,-0.354933
-0.312099,-0.15637,34.9193,0.0178603,0.00430931,-0.349679
-0.342974,-0.0286923,34.902,0.019793,0.00352522,-0.350585
-0.343903,0.0269477,34.9973,0.0209347,0.00271749,-0.351957
-0.328143,0.0549343,35.0015,0.0221982,0.000715863,-0.352626
-0.29879,0.0735006,35.1595,0.0216945,0.000958761,-0.353559
-0.28322,0.101503,35.1858,0.0226206,1.4337e-05,-0.354239
-0.315751,0.101223,35.2511,0.0222591,-0.00037354,-0.35424
-0.284828,0.0843321,35.3233,0.0225662,2.9287e-05,-0.355393
-0.285459,0.102611,35.3686,0.0227054,-0.000373526,-0.355622
-0.360495,-0.16562,34.9871,0.0174289,0.00277474,-0.35128
-0.344901,-0.0266799,35.0889,0.0206136,0.00312627,-0.352652
-0.345065,0.0464431,35.1141,0.0218375,0.00231438,-0.352873
-0.314877,0.065284,35.2069,0.0223661,0.000642649,-0.353783
-0.299254,0.0932823,35.234,0.0229477,0.000334007,-0.355159
-0.299903,0.0931874,35.2779,0.0226061,0.000556826,-0.355164
-0.284797,0.0661499,35.3235,0.0220942,0.00065609,-0.355858
-0.316996,0.0849524,35.3935,0.022596,0.000266106,-0.356774
-0.361266,-0.164578,35.0791,0.0178464,0.00383048,-0.351289
-0.345329,-0.0449728,35.111,0.0201372,0.00291869,-0.353113
-0.330133,0.0379906,35.1839,0.0218225,0.0022106,-0.353795
-0.300166,0.0750295,35.2985,0.0224858,0.000969263,-0.354249
-0.299633,0.0577361,35.2807,0.0230869,0.000527781,-0.355389
-0.285254,0.0658436,35.3446,0.0217365,0.000456322,-0.35586
-0.286079,0.0845293,35.4135,0.022245,-0.000158516,-0.356087
-0.254604,0.0845997,35.4147,0.0219161,0.000253582,-0.356782
-0.33177,-0.0185707,35.2421,0.0185886,0.00350162,-0.353824
-0.361738,-0.108632,35.1533,0.0193458,0.00322251,-0.352659
-0.330509,0.00224887,35.2299,0.0216083,0.00303898,-0.354031
-0.362812,0.0385044,35.2751,0.0221924,0.000977256,-0.354476
-0.284888,0.0296026,35.3207,0.0218303,0.000636961,-0.35471
-0.285643,0.0666576,35.3917,0.0224752,3.22723e-05,-0.355855
-0.270719,0.0943697,35.4612,0.0227064,-5.47214e-05,-0.356547
-0.286841,0.0668506,35.4827,0.0218095,0.000480251,-0.357244
-0.30353,0.0589261,35.5764,0.0225016,-0.000246483,-0.358157
-0.347008,-0.171411,35.2448,0.0186198,0.00415016,-0.35359
-0.347083,-0.0615455,35.2736,0.0204609,0.00272279,-0.354954
-0.348285,0.0122967,35.3899,0.0220819,0.00170967,-0.355175
-0.317227,0.0486123,35.4143,0.0220037,0.00130535,-0.356325
-0.301504,0.0398518,35.4158,0.0223054,0.000554988,-0.356548
-0.287239,0.103829,35.5295,0.0227945,7.29893e-05,-0.357009
-0.271655,0.0952759,35.5546,0.0227678,0.000381,-0.357932
-0.304158,0.0770092,35.6209,0.0222875,-1.4685e-05,-0.358392
-0.347735,-0.136266,35.2631,0.0177812,0.00397944,-0.353368
-0.348409,-0.0437486,35.3605,0.0198963,0.00317624,-0.354506
-0.332826,0.0385965,35.387,0.0211962,0.00225758,-0.355186
-0.318099,0.0669111,35.4808,0.0221501,0.00132395,-0.355869
-0.302495,0.0765358,35.5065,0.0222509,0.00164094,-0.357021
-0.334491,0.0587667,35.5533,0.0221371,0.00144619,-0.358169
-0.273199,0.112942,35.6421,0.0221916,-0.000421349,-0.358164
-0.304765,0.11327,35.666,0.0222009,0.000226092,-0.358858
-0.305579,0.0955958,35.7345,0.0221099,0.000229078,-0.35932
-0.348964,-0.117891,35.3539,0.0175876,0.00380062,-0.354291
-0.36529,-0.0514617,35.4769,0.0206044,0.00287209,-0.355422
-0.318231,0.0309537,35.5048,0.0215754,0.00236553,-0.356797
-0.319009,0.0500263,35.576,0.0224461,0.00111725,-0.357706
-0.303078,0.0952014,35.5542,0.0227522,0.000604684,-0.357932
-0.304064,0.0959163,35.646,0.0228048,0.00103924,-0.358628
-0.288943,0.0874479,35.6938,0.023127,-0.000121745,-0.359539
-0.306368,0.0601303,35.8047,0.0222535,-0.000410357,-0.360235
-0.365001,-0.125916,35.4029,0.018268,0.00348567,-0.355205
-0.333959,-0.050793,35.5034,0.0206537,0.00307333,-0.356804
-0.334754,0.0406088,35.5739,0.0220168,0.00185863,-0.357254
-0.304106,0.0595604,35.6448,0.0225498,0.00102128,-0.358168
-0.3043,0.077412,35.6453,0.0223124,0.000409072,-0.359085
-0.32118,0.0696989,35.7618,0.0230205,0.000104924,-0.360002
-0.321837,0.105769,35.8053,0.0229251,0.000344531,-0.359778
-0.306721,0.133269,35.8519,0.0231402,-0.000165049,-0.360466
-0.365987,-0.125202,35.4947,0.0183206,0.00392022,-0.355901
-0.334112,-0.01403,35.5282,0.0212781,0.00287927,-0.357261
-0.319484,0.0313465,35.5957,0.0216076,0.00154311,-0.357485
-0.320885,0.0681111,35.7099,0.0215575,0.00179586,-0.358642
-0.289763,0.105742,35.7611,0.022929,0.00053264,-0.359778
-0.289804,0.0868312,35.7368,0.0220672,0.000114502,-0.360238
-0.291055,0.0695837,35.85,0.0223528,0.000326879,-0.360012
-0.291607,0.0700672,35.8979,0.0223821,-8.2573e-05,-0.36139
-0.293052,0.0706714,36.0116,0.0224303,-0.000482401,-0.362081
-0.336001,-0.160687,35.6093,0.0181381,0.00327993,-0.35682
-0.320472,-0.0586413,35.6869,0.0206868,0.00256972,-0.358416
-0.336766,0.0231273,35.7333,0.0212602,0.00230959,-0.359105
-0.321583,0.0517482,35.806,0.0225717,0.00157573,-0.359786
-0.322185,0.0520403,35.8523,0.0225922,0.00116511,-0.360474
-0.307068,0.0795409,35.8989,0.0228074,0.000655528,-0.361162
-0.276247,0.0799075,35.9456,0.0228434,2.12218e-05,-0.36185
-0.260957,0.0888232,35.968,0.0225617,-0.000285313,-0.362311
-0.336772,-0.142201,35.6782,0.0179489,0.00393548,-0.357749
-0.336584,-0.0316222,35.7095,0.0205171,0.00249585,-0.359107
-0.321622,0.0151967,35.804,0.0219634,0.00219238,-0.359333
-0.338316,0.0432412,35.8965,0.0225484,0.00211705,-0.360023
-0.307068,0.0795409,35.8989,0.0228074,0.000655528,-0.361162
-0.276439,0.0801189,35.9684,0.0228595,0.000443808,-0.361854
-0.277334,0.0978799,36.012,0.0226249,-0.000581359,-0.362081
-0.292738,0.0713804,36.0149,0.0228128,0.000141124,-0.362772
-0.353963,-0.022975,35.8201,0.019192,0.00349442,-0.360276
-0.352564,-0.0595441,35.7066,0.0195954,0.00260707,-0.359112
-0.337968,0.00607127,35.8481,0.0215546,0.00252314,-0.359568
-0.338539,0.0790794,35.896,0.0224297,0.00151265,-0.36048
-0.292378,0.0711084,35.9899,0.0227996,0.000973162,-0.361398
-0.324647,0.0889862,36.0346,0.0225583,0.000172849,-0.362315
-0.308435,0.0623498,36.0152,0.0227457,0.000249061,-0.363002
-0.309403,0.0814383,36.1084,0.0232791,5.79802e-05,-0.363921
-0.325778,0.0902995,36.1516,0.022989,0.000396545,-0.363697
-0.369105,-0.176605,35.796,0.0188361,0.00435265,-0.358667
-0.354327,-0.0573967,35.892,0.0207721,0.00282813,-0.359803
-0.323383,0.0522333,35.9432,0.0219266,0.00161309,-0.361864
-0.323461,0.0539519,35.9945,0.0234012,0.00117795,-0.362543
-0.309134,0.0620636,36.0575,0.0223952,0.00047071,-0.362318
-0.31008,0.0993301,36.1514,0.0230562,0.000288608,-0.363467
-0.310508,0.0810372,36.1734,0.0225798,8.10315e-05,-0.363928
-0.295322,0.109462,36.2453,0.023538,-1.82195e-05,-0.364616
-0.339631,-0.159175,35.9059,0.0175733,0.00376263,-0.359597
-0.323479,-0.0392433,35.9378,0.020229,0.00347203,-0.360734
-0.324439,0.0345789,36.0329,0.0218428,0.00203749,-0.36164
-0.340341,0.0797601,36.0341,0.0221378,0.000915398,-0.362552
-0.341309,0.0988485,36.1273,0.0226713,0.000724316,-0.363471
-0.310659,0.117605,36.1975,0.0228509,0.000521576,-0.364392
-0.29411,0.0901584,36.1301,0.0226441,0.000386057,-0.364388
-0.279876,0.0814197,36.2422,0.0222785,0.000503924,-0.364626
-0.29575,0.0911696,36.2674,0.0230616,-0.000225796,-0.365077
-0.33995,-0.139992,35.9552,0.0184483,0.00334873,-0.36051
-0.355886,-0.0743764,36.0311,0.0207264,0.00284425,-0.361647
-0.340058,0.00775303,36.0357,0.0216658,0.00213879,-0.363019
-0.356801,0.0356062,36.1267,0.022242,0.00206228,-0.363019
-0.29384,0.0547071,36.1329,0.0231249,0.000357012,-0.364613
-0.311497,0.0819477,36.2661,0.0229857,-0.000119029,-0.364618
-0.31161,0.0643638,36.2914,0.0228918,0.00029692,-0.36577
-0.296972,0.0733802,36.3585,0.0226218,-0.000421408,-0.36623
-0.340762,-0.157862,36.0229,0.018004,0.00398632,-0.360979
-0.372385,-0.0467389,36.1001,0.0209421,0.00298094,-0.362339
-0.325396,0.0173072,36.1257,0.0217767,0.00246423,-0.362795
-0.325676,0.073042,36.1771,0.0232601,0.00143368,-0.364162
-0.295533,0.0913004,36.2667,0.0230732,0.00103,-0.364396
-0.280873,0.118495,36.3345,0.0229307,0.000320651,-0.365086
-0.312483,0.0826626,36.3579,0.0230383,0.000315522,-0.365313
-0.297151,0.127934,36.3816,0.0230116,2.6946e-05,-0.366234
-0.31304,0.119115,36.4047,0.0229605,0.00055747,-0.366468
-0.358345,-0.112448,36.1575,0.0176478,0.00415504,-0.361909
-0.357777,-3.90683e-05,36.2181,0.021695,0.00311466,-0.363951
-0.343361,0.0448155,36.2847,0.0213062,0.00179193,-0.364869
-0.327334,0.0731243,36.2899,0.0225901,0.00104728,-0.365547
-0.34369,0.100359,36.3345,0.0227809,0.00076021,-0.365547
-0.313518,0.100631,36.4251,0.0224753,0.000348723,-0.36624
-0.314062,0.047505,36.4964,0.0228651,0.000322664,-0.366927
-0.298324,0.0928915,36.4974,0.0231873,0.000232684,-0.367156
-0.342544,-0.156448,36.1846,0.0184465,0.00379823,-0.36236
-0.358254,-0.0185233,36.2386,0.0212098,0.00290591,-0.363723
-0.326966,0.0366877,36.2653,0.0223306,0.00186253,-0.364403
-0.311514,0.0830754,36.3158,0.0230558,0.00198545,-0.366012
-0.313061,0.100937,36.404,0.0228329,0.000548491,-0.366238
-0.313593,0.102154,36.4756,0.0235965,0.000548198,-0.366925
-0.313514,0.0843585,36.4782,0.0234866,0.00054156,-0.368074
-0.31462,0.0839574,36.5431,0.0227873,0.000564611,-0.368081
-0.358736,-0.0744922,36.2334,0.0186841,0.00417505,-0.364434
-0.375028,-0.0459416,36.3048,0.0203246,0.00302909,-0.36442
-0.328361,0.0374833,36.3806,0.0223876,0.00146387,-0.365783
-0.329833,0.0558785,36.4926,0.0222012,0.00170646,-0.366021
-0.329578,0.110201,36.4716,0.0225677,0.00131081,-0.366707
-0.314862,0.0839775,36.5644,0.0227945,0.000986028,-0.367396
-0.299387,0.128846,36.5636,0.022743,0.000273694,-0.367624
-0.299359,0.11086,36.5646,0.0226243,0.000265885,-0.368083
-0.316519,0.0840598,36.6772,0.0221245,0.000599627,-0.368781
-0.375676,-0.136935,36.3473,0.0186564,0.00447858,-0.364667
-0.37633,-0.026239,36.4453,0.020899,0.00368435,-0.366036
-0.36077,0.0381236,36.472,0.0224247,0.00212211,-0.366479
-0.330105,0.0754488,36.5443,0.0234384,0.000659121,-0.367617
-0.330966,0.074832,36.5873,0.0223785,0.000895368,-0.368317
-0.299888,0.111881,36.6354,0.0230345,0.000900204,-0.368777
-0.300697,0.0582374,36.705,0.0230506,0.00025179,-0.369462
-0.301237,0.0956188,36.7761,0.0240605,0.000268286,-0.36992
-0.344253,-0.13686,36.3477,0.0186719,0.00425489,-0.364667
-0.376984,-0.0259427,36.4907,0.0212639,0.00263795,-0.366028
-0.345603,0.0481754,36.5425,0.022902,0.00264849,-0.366943
-0.315046,0.0480243,36.5875,0.0225644,0.00139183,-0.367629
-0.315365,0.0672076,36.6369,0.0234394,0.000977926,-0.368542
-0.315966,0.0674997,36.6831,0.0234599,0.000567304,-0.369231
-0.316379,0.103354,36.7047,0.023004,0.00102011,-0.369699
-0.285586,0.121707,36.7504,0.0231587,0.000393609,-0.369927
-0.317795,0.0859714,36.8194,0.0229335,0.00061247,-0.370849
-0.362016,-0.163368,36.5066,0.0181926,0.00417801,-0.366053
-0.346931,-0.00728574,36.6056,0.0207574,0.00329381,-0.367651
-0.36383,0.0575259,36.7221,0.0223113,0.00238863,-0.368102
-0.347618,0.0308895,36.7027,0.0224987,0.00246484,-0.368788
-0.332291,0.0765522,36.7279,0.0231787,0.00090704,-0.369696
-0.317193,0.0856793,36.7731,0.022913,0.00102309,-0.370161
-0.317338,0.0862777,36.7983,0.0232911,0.000812237,-0.370847
-0.318813,0.104869,36.9111,0.0234581,0.000420218,-0.371079
-0.362838,-0.144878,36.5747,0.0183479,0.00419779,-0.366285
-0.36282,-0.0161049,36.6286,0.0207063,0.00382433,-0.367884
-0.347618,0.0308895,36.7027,0.0224987,0.00246484,-0.368788
-0.34715,0.103179,36.6596,0.0229767,0.00165558,-0.3697
-0.348762,0.0687585,36.8209,0.0238823,0.0014361,-0.369928
-0.302023,0.0599577,36.8456,0.0238508,0.000263462,-0.370841
-0.333869,0.132097,36.8671,0.0239788,0.000322124,-0.371074
-0.319212,0.068589,36.9341,0.022863,0.000204833,-0.371999
-0.363684,-0.126926,36.6199,0.0181222,0.00317379,-0.367202
-0.363417,-0.0692265,36.6991,0.0214407,0.00316249,-0.367875
-0.331526,0.00313709,36.6564,0.0219342,0.00212955,-0.368787
-0.331824,0.0404984,36.7064,0.0229368,0.00172463,-0.36993
-0.302833,0.13279,36.9139,0.0243798,0.000309003,-0.371074
-0.303042,0.132073,36.9123,0.0233082,0.000957042,-0.371775
-0.288139,0.141607,36.9811,0.0234119,0.000861069,-0.372237
-0.3481,-0.135479,36.645,0.0180954,0.0034818,-0.368124
-0.364244,0.00267728,36.743,0.0208821,0.00343349,-0.368805
-0.332938,0.0762618,36.771,0.0224837,0.00176447,-0.369708
-0.349544,0.0487829,36.835,0.0216013,0.00314228,-0.369035
-0.334188,0.0764591,36.8612,0.0221625,0.00157667,-0.370402
-0.335182,0.113339,36.9527,0.0224613,0.00202801,-0.370869
-0.335592,0.113419,36.9762,0.0224658,0.0011948,-0.371553
-0.306228,0.170447,37.1889,0.0240539,0.000387076,-0.374307
-0.366704,-0.0709718,36.872,0.0186172,0.00282366,-0.369277
-0.350972,-0.0054974,36.9264,0.0205503,0.00230869,-0.371105
-0.351707,0.0322909,37.0212,0.0219295,0.00211316,-0.37156
-0.351813,0.0694408,37.0483,0.022916,0.00128565,-0.3727
-0.351792,0.0876188,37.0489,0.0230435,0.00129463,-0.372929
-0.320561,0.0879047,37.0722,0.0230751,0.00149354,-0.372933
-0.289691,0.0710181,37.1436,0.0237268,0.00126058,-0.373389
-0.30559,0.116004,37.144,0.0236685,0.000773102,-0.374307
-0.335023,-0.0147138,36.9249,0.0198037,0.00471796,-0.370667
-0.365879,0.00329735,36.8788,0.020593,0.00409086,-0.369507
-0.367246,0.0770046,36.9965,0.0218579,0.00245772,-0.371104
-0.351821,0.105605,37.048,0.0231623,0.00130244,-0.37247
-0.353095,0.0878202,37.1383,0.0230669,0.000471048,-0.372928
-0.337952,0.0975298,37.1867,0.0235166,-0.000680952,-0.374068
-0.338525,0.0798352,37.2339,0.0234184,-0.00109938,-0.375216
-0.354225,0.0710002,37.2349,0.0237046,-0.00162606,-0.375439
-0.339332,0.0259962,37.3027,0.0230812,-0.00111319,-0.375907
-0.336162,-0.249689,36.9929,0.0189039,0.00209169,-0.371105
-0.336385,-0.120896,37.0681,0.0212696,0.00213966,-0.372019
-0.3365,-0.0650266,37.118,0.0231091,0.00172912,-0.372009
-0.320471,-0.0369134,37.1224,0.0240396,0.00161907,-0.372693
-0.352498,-0.00092242,37.1663,0.0235842,0.00271814,-0.373166
-0.274658,0.0278634,37.2619,0.0245896,0.00259411,-0.373856
-0.291144,0.109843,37.3312,0.0251789,0.00275657,-0.374549
-0.307282,0.172098,37.3289,0.0241678,0.00292494,-0.375708
-0.351314,-0.024039,36.9691,0.0186971,0.00631911,-0.371604
-0.32157,0.159238,37.1358,0.0211193,0.00472556,-0.373893
-0.321154,0.231531,37.0919,0.0219418,0.00328052,-0.374109
-0.290556,0.267736,37.1381,0.0218592,0.00204182,-0.375254
-0.32413,0.321588,37.2702,0.0211808,0.00170393,-0.375953
-0.307894,0.242272,37.2987,0.0228164,0.00193809,-0.375253
-0.340557,0.186533,37.3369,0.0213291,0.00111294,-0.374565
-0.372128,0.187252,37.3624,0.0220451,0.00049116,-0.375246
-0.371505,0.0786621,37.318,0.0216392,0.000216807,-0.375239
-0.445413,-0.206074,36.9175,0.0180498,0.00478598,-0.369287
-0.446044,-0.112974,37.018,0.0208803,0.00271472,-0.371101
-0.414493,-0.0570495,37.0472,0.0227281,0.00165908,-0.371776
-0.400126,-0.0284629,37.166,0.0236953,-0.000106588,-0.373832
-0.337596,-0.00932604,37.2155,0.0242481,-0.000333243,-0.374751
-0.339418,0.0638793,37.3536,0.024802,-0.00153153,-0.376357
-0.308923,0.0286956,37.4478,0.0246328,-0.00133628,-0.37797
-0.278729,0.0471453,37.5391,0.0244547,-0.00173879,-0.378894
-0.323113,-0.219969,37.2501,0.0196112,0.00224153,-0.37456
-0.35496,-0.0548748,37.3472,0.0222236,0.00295255,-0.375249
-0.309252,0.0099105,37.4851,0.0234625,0.00265603,-0.37502
-0.324886,0.0554138,37.4872,0.023778,0.0027909,-0.375939
-0.325859,0.110471,37.5793,0.0242043,0.00325122,-0.376636
-0.294727,0.127819,37.5763,0.0236115,0.0030476,-0.376181
-0.294711,0.199411,37.5527,0.0230252,0.0033078,-0.377108
-0.264138,0.253407,37.5972,0.0227079,0.00271152,-0.3778
-0.312465,0.278603,37.6135,0.0210481,0.00162888,-0.378493
-0.372072,0.0387774,37.2827,0.0167226,0.00425649,-0.375525
-0.388662,0.104689,37.4041,0.0193657,0.0027056,-0.376654
-0.388641,0.0872893,37.4074,0.0203069,0.00079396,-0.377093
-0.404917,0.0435106,37.4795,0.021455,-0.000385577,-0.377537
-0.405494,0.00856701,37.5505,0.0223168,-0.00103844,-0.377758
-0.373248,-0.0433698,37.5598,0.0241486,-0.00132349,-0.378432
-0.357806,-0.0886617,37.5805,0.0238492,-0.00103578,-0.377517
-0.327078,-0.105146,37.6763,0.0245257,-0.000844977,-0.378666
-0.339211,-0.317613,37.3426,0.0207693,0.00333462,-0.372951
-0.323063,-0.197486,37.3753,0.0237783,0.00240941,-0.374081
-0.276204,-0.0786944,37.4256,0.0250115,0.00234222,-0.375231
-0.261004,0.0215181,37.4747,0.0257368,0.00186856,-0.376839
-0.246591,0.102146,37.5394,0.0248876,0.00183185,-0.377541
-0.247178,0.156585,37.5852,0.0249285,0.00208161,-0.378236
-0.231887,0.182945,37.5845,0.02404,0.00137489,-0.379617
-0.248913,0.191907,37.6724,0.0237616,0.00130166,-0.379392
-0.340238,-0.0123902,37.3589,0.0189586,0.00585921,-0.374834
-0.355401,0.0345439,37.3651,0.0210726,0.00533379,-0.375048
-0.341211,0.0979876,37.4551,0.0215252,0.00317223,-0.375498
-0.357277,0.107949,37.5031,0.0223244,0.0028651,-0.375952
-0.356947,0.127227,37.5086,0.0235411,0.00222838,-0.37686
-0.389906,0.108654,37.5959,0.0227031,0.00163293,-0.377322
-0.327876,0.108769,37.643,0.0223898,0.000153756,-0.378696
-0.327414,0.0731062,37.6231,0.0228546,-0.000297876,-0.378917
-0.31166,0.0461636,37.6248,0.0226843,-0.000421431,-0.379606
-0.387031,-0.147999,37.315,0.019382,0.0027467,-0.374799
-0.340219,-0.0651725,37.3656,0.0210669,0.00139233,-0.375476
-0.356731,0.018522,37.4869,0.0227863,0.00175543,-0.377544
-0.342199,0.0472436,37.6042,0.0241096,0.000609777,-0.378224
-0.31179,0.0834643,37.6725,0.0236897,0.000428273,-0.379379
-0.328234,0.0753241,37.7442,0.0240212,-8.52657e-05,-0.380984
-0.298666,0.0586389,37.9049,0.0246962,-0.00114181,-0.381439
-0.362758,0.0582959,37.9926,0.0236373,0.000386981,-0.382147
-0.405855,-0.154136,37.6366,0.0198697,0.00562464,-0.376437
-0.390516,-0.0541304,37.662,0.0209234,0.00409261,-0.377345
-0.375112,0.0827686,37.7117,0.0226131,0.00362231,-0.37803
-0.359131,0.128135,37.6914,0.022928,0.00311091,-0.378945
-0.344643,0.173719,37.7826,0.022929,0.00283313,-0.379869
-0.329739,0.200698,37.8283,0.0224259,0.00233698,-0.381251
-0.330156,0.236943,37.8514,0.0226766,0.00152056,-0.381706
-0.362347,0.219581,37.9218,0.0229322,0.00111378,-0.382851
-0.363642,0.183618,38.0115,0.0227093,0.000273411,-0.383078
-0.438442,-0.0661086,37.6307,0.0179252,0.00405184,-0.37828
-0.43907,0.00935146,37.7535,0.0210092,0.00301538,-0.379181
-0.407533,0.0109332,37.7824,0.0224833,0.00193397,-0.379855
-0.361233,0.00275499,37.8526,0.0231816,0.000336114,-0.380074
-0.361336,0.0397093,37.879,0.0238149,0.000143218,-0.38122
-0.345854,0.0309689,37.9017,0.0241238,-0.000185723,-0.380757
-0.314626,0.0314504,37.9257,0.0245087,-0.000621432,-0.380754
-0.298998,0.0590575,37.9513,0.0243837,0.000339149,-0.382142
-0.374276,-0.209153,37.5911,0.0191145,0.00390884,-0.377115
-0.343058,-0.0619117,37.6681,0.0219765,0.00310748,-0.378252
-0.358973,0.0218818,37.7446,0.0243821,0.00261198,-0.379618
-0.344036,0.103936,37.8143,0.0249871,0.00255076,-0.380311
-0.328766,0.112119,37.813,0.0239711,0.00183506,-0.381462
-0.283192,0.141142,37.9757,0.0249886,0.00194551,-0.382155
-0.284707,0.140822,38.0641,0.0242937,0.00113535,-0.382847
-0.316953,0.159237,38.1318,0.0244334,0.00137881,-0.38308
-0.391317,-0.108361,37.7293,0.0198795,0.00534803,-0.37805
-0.376744,-0.043283,37.8479,0.0214578,0.00422034,-0.379189
-0.345915,0.0118173,37.8964,0.0225742,0.00234257,-0.379864
-0.345611,0.0488865,37.9001,0.0235563,0.00234827,-0.380319
-0.330323,0.0579977,37.9233,0.0236279,0.00140713,-0.380774
-0.298811,0.0948151,37.9274,0.0242606,0.000567962,-0.381916
-0.315365,0.0317541,37.9949,0.0238475,0.000660926,-0.382148
-0.316379,0.0679003,38.0627,0.023412,0.000703106,-0.383304
-0.301263,0.0954009,38.1093,0.0236271,0.000193526,-0.383992
-0.361012,-0.181163,37.7741,0.0190289,0.00280083,-0.379186
-0.377389,-0.0617067,37.8706,0.0209698,0.00275696,-0.380331
-0.345768,0.0125869,37.902,0.022954,0.00171147,-0.381925
-0.36309,0.0587145,38.039,0.0233249,0.00186794,-0.38285
-0.348046,0.085486,38.0611,0.0231502,0.000313415,-0.383533
-0.286572,0.0869685,38.2003,0.0236193,0.00051116,-0.384228
-0.333875,0.132613,38.2239,0.0242797,0.000656524,-0.384457
-0.287006,0.104645,38.2212,0.0230358,0.000954984,-0.384467
-0.378063,-0.134909,37.9113,0.0190669,0.00484887,-0.380126
-0.393434,0.00201053,37.9166,0.0210827,0.00437943,-0.380806
-0.362105,0.0761329,37.9675,0.0230653,0.00375419,-0.381025
-0.362737,0.112052,37.9905,0.0229511,0.00231658,-0.382167
-0.347834,0.121586,38.0593,0.0230547,0.00222061,-0.382629
-0.332738,0.130908,38.1053,0.0231423,0.00170205,-0.383088
-0.333531,0.148857,38.1513,0.0225721,0.00131383,-0.3847
-0.36578,0.167468,38.2197,0.0230651,0.00092268,-0.384926
-0.334979,0.149656,38.2658,0.0229736,0.000279395,-0.385384
-0.426299,-0.0906103,37.9535,0.0182777,0.00418554,-0.381048
-0.426907,0.00302783,38.0769,0.0214892,0.00315805,-0.382179
-0.395841,0.0940771,38.1031,0.0224913,0.00151028,-0.383316
-0.395936,0.0948668,38.1298,0.0228783,0.00130059,-0.384692
-0.366426,0.131599,38.2655,0.0231839,-0.000140512,-0.385148
-0.350601,0.105581,38.2925,0.0237567,0.000146263,-0.385836
-0.367334,0.0970744,38.383,0.0237333,0.000687581,-0.386072
-0.351753,0.0887168,38.4089,0.0240599,0.00036098,-0.386988
-0.395159,-0.142948,38.0277,0.0194101,0.00392354,-0.38173
-0.395161,-0.0323532,38.081,0.021641,0.00354111,-0.383099
-0.36494,0.0415636,38.1977,0.0232776,0.0023043,-0.383319
-0.333166,0.0790943,38.2043,0.0246374,0.00145288,-0.384456
-0.334152,0.0798092,38.2961,0.02469,0.00188743,-0.385152
-0.334567,0.115859,38.3185,0.0245873,0.00170562,-0.385614
-0.319658,0.0894239,38.3884,0.0247981,0.000958248,-0.386298
-0.305212,0.0986517,38.4783,0.0245441,0.000662508,-0.386762
-0.381355,-0.0593848,38.2152,0.0207991,0.0034514,-0.383798
-0.380251,-0.0764283,38.1732,0.0221052,0.00382853,-0.38287
-0.380987,-0.0209998,38.2457,0.023231,0.00259821,-0.384239
-0.365588,0.0253921,38.2954,0.0243007,0.00208535,-0.385152
-0.320175,0.0343882,38.4069,0.0237045,0.00136615,-0.385617
-0.335883,0.0617178,38.4076,0.0242369,0.000856268,-0.385611
-0.319993,0.0900381,38.4356,0.024839,0.00180459,-0.386995
-0.305661,0.0621809,38.4998,0.0239402,0.000445952,-0.386994
-0.305832,0.0805703,38.5232,0.0240837,0.000877518,-0.387227
-0.36542,-0.142445,38.1623,0.0191278,0.00435606,-0.381741
-0.318081,-0.0409428,38.194,0.0213066,0.00321161,-0.383335
-0.334474,0.0243665,38.291,0.0232271,0.00250736,-0.384473
-0.318522,0.0877195,38.2698,0.0236607,0.00200377,-0.384929
-0.319054,0.0889363,38.3414,0.0244243,0.00200348,-0.385617
-0.320427,0.088213,38.4054,0.0237045,0.000769567,-0.385616
-0.305113,0.115111,38.4277,0.023197,0.00110662,-0.386313
-0.321168,0.0887123,38.4753,0.0233966,0.00141731,-0.387003
-0.38091,-0.09754,38.1393,0.019065,0.00470178,-0.381974
-0.381109,0.0136577,38.2169,0.0220186,0.00347272,-0.383334
-0.350592,0.0873546,38.3125,0.0229502,0.00308489,-0.384942
-0.366896,0.0790072,38.3606,0.0236102,0.00151298,-0.385847
-0.352402,0.0886219,38.4528,0.0237183,0.000583799,-0.386994
-0.368748,0.0794965,38.497,0.0233095,0.000914556,-0.387229
-0.353992,0.0898245,38.5917,0.0241447,-2.6883e-05,-0.388371
-0.369951,0.0800806,38.5895,0.0233505,9.33116e-05,-0.388606
-0.339345,0.0626763,38.6592,0.0236284,-0.000761998,-0.389061
-0.446513,-0.167498,38.3942,0.0197431,0.00409281,-0.384498
-0.398817,-0.0486279,38.3785,0.0216553,0.00274561,-0.385632
-0.368709,0.00770508,38.5206,0.023198,0.00192475,-0.387005
-0.352929,0.0894475,38.5228,0.0237752,0.00185273,-0.387694
-0.338869,0.0992938,38.6591,0.0239066,0.00176755,-0.388159
-0.307017,0.135106,38.6144,0.0237918,0.00135126,-0.388617
-0.322885,0.144465,38.6381,0.0238683,0.00189077,-0.389081
-0.323923,0.162628,38.7061,0.0236586,0.00128936,-0.390001
-0.367959,-0.0507579,38.3701,0.019148,0.0044491,-0.384971
-0.399577,0.0599741,38.4458,0.0213794,0.00471294,-0.386345
-0.353222,0.142494,38.5175,0.0227065,0.00315881,-0.387023
-0.354434,0.179243,38.6096,0.0229937,0.00235435,-0.38817
-0.322535,0.197997,38.5904,0.0238478,0.0017048,-0.388391
-0.371405,0.152427,38.7002,0.0228312,0.00163089,-0.388858
-0.339306,0.134806,38.6585,0.023423,0.000541971,-0.389304
-0.339737,0.116708,38.6814,0.0232999,-0.000300217,-0.389759
-0.431119,-0.0676927,38.4197,0.020099,0.00383117,-0.386109
-0.414771,-0.111785,38.4005,0.0215749,0.00261458,-0.385169
-0.415464,-0.0376411,38.4965,0.0232092,0.00243701,-0.386084
-0.368463,-0.0457286,38.5236,0.0239046,0.00125211,-0.386993
-0.353235,0.0190526,38.5968,0.0251179,0.00117082,-0.38814
-0.353865,0.0373313,38.642,0.0252571,0.000768009,-0.388369
-0.306838,0.0470306,38.6682,0.0253735,0.000861315,-0.38952
-0.292399,0.092423,38.7578,0.0253657,0.000582363,-0.389755
-0.277903,0.101842,38.8493,0.0251205,0.000287792,-0.390908
-0.354002,-0.130434,38.534,0.0193997,0.00347707,-0.387034
-0.354875,-0.00173528,38.6531,0.0214237,0.00374785,-0.387953
-0.323565,0.0716537,38.6804,0.022672,0.00271345,-0.388863
-0.323892,0.127002,38.7294,0.0237933,0.00231634,-0.389547
-0.325174,0.145381,38.8193,0.0239442,0.00150173,-0.389775
-0.293917,0.127876,38.8443,0.0242104,0.00105822,-0.390231
-0.326591,0.127999,38.934,0.0238737,0.0010941,-0.390925
-0.326567,0.145981,38.9339,0.0236479,0.00173769,-0.391162
-0.402016,-0.10384,38.597,0.0185222,0.00573894,-0.386369
-0.433223,-0.011322,38.6288,0.0209561,0.00451518,-0.388187
-0.386412,0.0715046,38.6794,0.0226409,0.00316082,-0.388864
-0.387356,0.0729976,38.7752,0.0237623,0.00169271,-0.390229
-0.372309,0.0995735,38.7966,0.0232343,0.000772796,-0.390918
-0.372621,0.0651476,38.8693,0.0244699,0.000742288,-0.391141
-0.357313,0.0924368,38.8932,0.024669,-0.000189879,-0.391825
-0.357691,0.0568906,38.9399,0.0248082,3.89473e-06,-0.392056
-0.312636,0.0485185,39.0987,0.0244787,-0.000512544,-0.392981
-0.324346,-0.218719,38.72,0.019972,0.0034319,-0.387953
-0.387182,-0.0539303,38.7727,0.0225455,0.0035226,-0.389324
-0.35583,0.0381744,38.8235,0.0243023,0.00354095,-0.38978
-0.309726,0.0836213,38.8923,0.0243029,0.00261689,-0.390699
-0.309996,0.119073,38.8894,0.023822,0.00264594,-0.390475
-0.326585,0.127607,38.9325,0.023167,0.00236332,-0.390938
-0.327146,0.146811,39.003,0.0240493,0.00237084,-0.391166
-0.311827,0.13774,39.0265,0.0236489,0.00205649,-0.392087
-0.370696,-0.0668112,38.6239,0.0191709,0.00532236,-0.387514
-0.372217,0.0262144,38.7895,0.021667,0.00389534,-0.388649
-0.403463,0.0821809,38.8193,0.0234926,0.00328824,-0.390014
-0.373252,0.119004,38.912,0.0237954,0.0022601,-0.39116
-0.389818,0.109944,38.9575,0.0237283,0.000700446,-0.39207
-0.374458,0.119784,39.0052,0.0241897,0.000804241,-0.39253
-0.360343,0.0938524,39.1443,0.024437,6.88334e-05,-0.393907
-0.376255,0.0844955,39.1444,0.0240049,-0.000444413,-0.394824
-0.404612,-0.138234,38.8068,0.0190806,0.00323303,-0.389341
-0.373337,-0.0444104,38.9088,0.022312,0.00281624,-0.390476
-0.342404,-0.00676317,38.9821,0.0233462,0.00261022,-0.391623
-0.327104,0.0566906,39.0055,0.0237915,0.00169484,-0.392078
-0.311586,0.120275,39.0283,0.0242484,0.00203526,-0.391852
-0.327242,0.147601,39.0298,0.0244363,0.00216115,-0.392542
-0.32722,0.183223,39.0074,0.0239571,0.00176995,-0.393692
-0.31321,0.192878,39.142,0.0240797,0.0016836,-0.393467
-0.330118,0.220596,39.2345,0.0242997,0.000987083,-0.394844
-0.421695,-0.0563528,38.9207,0.0189838,0.00425409,-0.390736
-0.406451,0.0269976,38.996,0.0210313,0.00291255,-0.3921
-0.390572,0.0561002,39.0272,0.0230466,0.00132243,-0.393457
-0.40792,0.084441,39.1651,0.0239966,0.000200687,-0.394139
-0.392095,0.0584231,39.1921,0.0245694,0.000487462,-0.394827
-0.392495,0.00469891,39.2382,0.0245811,0.000672256,-0.394828
-0.361555,0.0222582,39.2581,0.0240043,0.000891225,-0.394376
-0.345764,0.0501959,39.2829,0.0245887,0.00183721,-0.394382
-0.388762,-0.16391,38.8559,0.019681,0.00519818,-0.389352
-0.357536,-0.0528329,38.9333,0.0222969,0.00438004,-0.390718
-0.326689,0.0562188,38.9805,0.0230804,0.00379727,-0.391406
-0.328074,0.111553,39.0969,0.0238645,0.00278977,-0.392781
-0.311896,0.120739,39.055,0.0242705,0.00120439,-0.393915
-0.345055,0.138542,39.1648,0.0236948,0.00104831,-0.394152
-0.31399,0.138693,39.1895,0.0233703,0.000627199,-0.395531
-0.363214,0.166457,39.3474,0.0235937,0.000163988,-0.396223
-0.332243,0.130256,39.3701,0.0233587,-0.000910863,-0.396447
-0.407144,-0.100156,39.038,0.0194613,0.00370947,-0.391881
-0.391515,-0.0348686,39.09,0.0217301,0.00255755,-0.392324
-0.392228,0.0210977,39.1854,0.0232368,0.002371,-0.393009
-0.376455,0.0125286,39.1885,0.0235473,0.00162181,-0.393921
-0.360883,0.0228909,39.2371,0.0247269,0.00171218,-0.393687
-0.361316,0.040567,39.258,0.0241434,0.002156,-0.393925
-0.346109,0.0871703,39.3305,0.0252292,0.00206573,-0.394843
-0.34609,0.122988,39.3088,0.0251033,0.00103992,-0.395986
-0.405743,-0.117419,38.9749,0.0200623,0.00493557,-0.392341
-0.359522,0.0202375,39.0728,0.0224947,0.00256174,-0.3937
-0.329851,0.0944421,39.2366,0.0238073,0.00155009,-0.395304
-0.299185,0.131767,39.3089,0.024821,8.71107e-05,-0.396442
-0.316519,0.123552,39.4457,0.0248182,0.000217807,-0.397367
-0.301785,0.115702,39.5399,0.0255258,-0.000732611,-0.398279
-0.318193,0.052043,39.5822,0.0247345,-0.000428792,-0.397825
-0.349614,0.0343282,39.604,0.0249723,0.000829683,-0.396912
-0.409662,-0.169296,39.3161,0.020563,0.00495269,-0.393039
-0.392322,-0.104096,39.2561,0.0231573,0.00482295,-0.392793
-0.376114,-0.00406033,39.2362,0.024211,0.00495851,-0.393022
-0.328983,0.0770276,39.2144,0.024414,0.00361786,-0.393705
-0.313376,0.177355,39.2408,0.0254881,0.0033428,-0.394622
-0.298321,0.167766,39.2625,0.0247139,0.0024061,-0.39554
-0.299452,0.167023,39.3053,0.0239869,0.000750767,-0.396224
-0.332058,0.185711,39.398,0.0241399,0.000162186,-0.397831
-0.333036,0.150261,39.4902,0.0239462,0.000579949,-0.398756
-0.39318,-0.08952,39.2011,0.0199797,0.0034146,-0.393721
-0.409788,-0.0419817,39.321,0.0221419,0.00248935,-0.394627
-0.410476,-0.00380645,39.4182,0.0238832,0.00166038,-0.395765
-0.378604,0.032739,39.3972,0.0245027,0.00165325,-0.395533
-0.378838,-0.00340555,39.4187,0.0242637,0.00205788,-0.395077
-0.331655,0.0602335,39.4208,0.0247289,0.0017532,-0.395536
-0.300058,0.0417231,39.3971,0.0242476,0.00173256,-0.395308
-0.332233,0.078508,39.4669,0.0245236,0.00198617,-0.396461
-0.375568,-0.134788,39.0879,0.0200102,0.00555888,-0.392121
-0.375814,-0.00653236,39.1401,0.0219949,0.00456307,-0.393718
-0.330497,0.0941517,39.2798,0.0231123,0.00240753,-0.395317
-0.346113,0.158029,39.2833,0.0239086,0.00191677,-0.39646
-0.348239,0.17672,39.4407,0.0240872,0.00111296,-0.39669
-0.333716,0.168348,39.5339,0.0240766,0.000175965,-0.398296
-0.366582,0.168682,39.6464,0.0237559,0.000634433,-0.398994
-0.352343,0.123975,39.7596,0.0234975,0.0001009,-0.399455
-0.399222,0.0974047,39.7613,0.0240144,0.000411285,-0.399451
-0.427312,-0.16058,39.4273,0.0199242,0.00342507,-0.394186
-0.443012,-0.0590158,39.4809,0.0220879,0.00315057,-0.395785
-0.395762,0.00574349,39.509,0.0236496,0.00262161,-0.396237
-0.380018,0.015161,39.5111,0.0240789,0.00188023,-0.39669
-0.333478,0.0427362,39.5582,0.0243096,0.00114697,-0.397377
-0.349764,0.0883402,39.605,0.0246367,0.000870048,-0.398296
-0.318097,0.0881991,39.5835,0.0242917,0.00085956,-0.398987
-0.335031,0.133708,39.6741,0.0242772,0.000805461,-0.399911
-0.394085,-0.124241,39.3178,0.0201758,0.00487731,-0.394652
-0.36356,0.00419007,39.4152,0.0221877,0.00324602,-0.396248
-0.348334,0.0691669,39.4891,0.0237543,0.00253012,-0.397388
-0.350031,0.123596,39.6014,0.0238025,0.0015337,-0.398078
-0.366066,0.115375,39.6496,0.0241296,0.00185337,-0.398998
-0.350558,0.0888437,39.674,0.0246732,0.000882013,-0.398988
-0.351619,0.124603,39.7395,0.0238756,0.00155763,-0.399462
-0.335945,0.115651,39.7394,0.0241685,0.000806105,-0.398995
-0.396511,-0.0149696,39.5002,0.0202898,0.00455441,-0.39673
-0.379393,-0.0419703,39.4095,0.0211413,0.00460289,-0.394653
-0.411051,0.0498503,39.4608,0.0225109,0.00444859,-0.396486
-0.364668,0.0969394,39.5566,0.0243261,0.00328682,-0.396704
-0.364571,0.0975177,39.5605,0.024697,0.00265455,-0.398076
-0.366045,0.133553,39.6502,0.0242572,0.00186235,-0.399228
-0.351406,0.142569,39.7173,0.0239871,0.00114403,-0.399688
-0.336212,0.13483,39.7896,0.0246991,0.00102799,-0.400604
-0.337639,0.153808,39.9047,0.0252281,2.52697e-06,-0.401519
-0.397211,-0.141536,39.5445,0.0197798,0.00344749,-0.396491
-0.412828,0.0152953,39.6237,0.0230604,0.00360909,-0.39809
-0.397865,0.0795589,39.6951,0.0238999,0.00290544,-0.399235
-0.366811,0.0986254,39.7433,0.0247817,0.00226669,-0.399459
-0.352367,0.108049,39.834,0.024881,0.00133634,-0.399916
-0.384584,0.108478,39.9026,0.024902,0.00157199,-0.400609
-0.337393,0.135952,39.905,0.025121,0.00125051,-0.401297
-0.338614,0.118163,39.9961,0.0246812,0.0010549,-0.40245
-0.413876,-0.0959007,39.6354,0.0194323,0.00528497,-0.397431
-0.366665,0.00712875,39.7167,0.023077,0.00370421,-0.399015
-0.382497,0.0532346,39.7432,0.0241151,0.00299245,-0.399925
-0.368422,0.08165,39.8816,0.0250806,0.00164703,-0.400606
-0.352846,0.109261,39.9064,0.0253001,0.00197183,-0.401299
-0.353884,0.127425,39.9743,0.0250904,0.00137042,-0.402219
-0.323275,0.109825,40.0432,0.025015,0.00114972,-0.402681
-0.339642,0.0825217,40.0868,0.0244787,0.00147149,-0.402686
-0.323752,0.108786,40.0407,0.023923,0.000540791,-0.403373
-0.383242,-0.131292,39.706,0.0195915,0.00442185,-0.398345
-0.38366,-0.00209154,39.8048,0.0223265,0.00425779,-0.399256
-0.351894,0.0716037,39.8109,0.0239325,0.00342315,-0.400163
-0.36823,0.117016,39.8561,0.0242508,0.00314506,-0.400393
-0.337774,0.153624,39.9268,0.0241931,0.00233012,-0.402231
-0.32335,0.144869,40.0168,0.0241648,0.00139079,-0.402459
-0.339465,0.172084,40.0402,0.0243484,0.000682304,-0.403144
-0.372616,0.153723,40.1504,0.0235264,0.000509438,-0.40361
-0.400441,-0.0863002,39.795,0.0192032,0.0037454,-0.399267
-0.416289,-0.00138639,39.8976,0.0227053,0.00302562,-0.400626
-0.384809,0.0536132,39.9015,0.02381,0.00155965,-0.401302
-0.385605,0.0543123,39.9713,0.0241999,0.000936999,-0.401988
-0.385992,0.0549307,40.0177,0.0245853,0.00114756,-0.401989
-0.370437,0.064364,40.0418,0.0246773,0.00146338,-0.402452
-0.37037,0.0654843,40.0679,0.0257737,0.0012391,-0.402444
-0.371281,0.0646762,40.1093,0.024705,0.00147417,-0.402454
-0.430686,-0.0852445,39.7541,0.0202768,0.00499097,-0.399266
-0.383779,-0.0192842,39.8317,0.0229393,0.00340451,-0.400395
-0.368818,0.0451749,39.9039,0.0241322,0.00206625,-0.401533
-0.370182,0.118687,40.0209,0.0250438,0.00106773,-0.403137
-0.339605,0.136713,40.0665,0.0248336,-0.00017995,-0.404053
-0.356317,0.146384,40.1576,0.0249378,0.000370348,-0.404519
-0.341234,0.101364,40.2034,0.0246517,-0.000173979,-0.404977
-0.357897,0.0937821,40.3192,0.0253714,0.000777669,-0.405213
-0.327123,0.0937619,40.3636,0.0250453,0.000776804,-0.405218
-0.402165,-0.155944,40.004,0.0202684,0.00497665,-0.399734
-0.401355,-0.0274791,39.9897,0.0229437,0.00395662,-0.400634
-0.33867,0.0455975,40.015,0.0238454,0.00333198,-0.400861
-0.354473,0.0737168,40.0425,0.0247648,0.00261241,-0.40223
-0.33912,0.137166,40.0668,0.0248657,0.00233281,-0.403381
-0.355762,0.145705,40.109,0.0245552,0.00141441,-0.403149
-0.356506,0.1464,40.1797,0.0246005,0.00142755,-0.40453
-0.37238,0.15615,40.2049,0.0253836,0.000697826,-0.40498
-0.385631,-0.0936166,39.9129,0.0199473,0.00447453,-0.400192
-0.370279,0.02721,40.0155,0.0233462,0.00292667,-0.402008
-0.355814,0.0548113,40.1067,0.0235731,0.0020053,-0.402695
-0.387099,0.0742264,40.1345,0.0247903,0.00201485,-0.403607
-0.372676,0.0654718,40.2246,0.024762,0.00107552,-0.403835
-0.387899,0.075121,40.2052,0.0255334,0.00075759,-0.404286
-0.372824,0.0662657,40.2505,0.0254935,0.000230051,-0.404514
-0.342234,0.0302922,40.3181,0.0249372,0.000634985,-0.404753
-0.32621,0.0943744,40.3214,0.0257607,0.00117634,-0.405214
-0.40238,-0.156271,40.0039,0.0199035,0.00435547,-0.400421
-0.38688,-0.0362379,40.0806,0.0225709,0.00365308,-0.401557
-0.355069,0.0736177,40.0872,0.0240787,0.00347101,-0.402931
-0.372204,0.119925,40.203,0.0251402,0.00193566,-0.40384
-0.341146,0.156241,40.2274,0.0250619,0.00153134,-0.40499
-0.343284,0.138034,40.3615,0.02426,0.000301582,-0.40614
-0.359563,0.130029,40.4317,0.0249476,0.000408056,-0.406368
-0.360185,0.112143,40.4773,0.0248406,-1.15451e-05,-0.406827
-0.434936,-0.154836,40.1213,0.0206721,0.00416824,-0.401797
-0.38847,-0.0350354,40.2195,0.0229973,0.00304239,-0.402935
-0.387974,0.0018224,40.2004,0.0239634,0.00262551,-0.403386
-0.388709,0.0396107,40.2951,0.0253426,0.00242998,-0.403841
-0.34178,0.0663719,40.2951,0.0248345,0.00212076,-0.404534
-0.326402,0.0945858,40.3442,0.0257767,0.00159893,-0.405218
-0.358668,0.0948234,40.4112,0.0257889,0.0018334,-0.405221
-0.311926,0.085827,40.435,0.025404,0.00129538,-0.406141
-0.38768,-0.0730235,40.1248,0.0209203,0.00450832,-0.403182
-0.356172,-0.0534552,40.1527,0.0225131,0.00343472,-0.403397
-0.372497,0.0464957,40.1989,0.0235585,0.00254779,-0.403621
-0.372938,0.0668151,40.2963,0.0251927,0.0029668,-0.404537
-0.357656,0.111895,40.3184,0.0251572,0.00267705,-0.404769
-0.327457,0.0943761,40.4108,0.0250862,0.00162315,-0.405915
-0.32768,0.130214,40.4103,0.0249675,0.00101875,-0.406372
-0.344413,0.121707,40.5008,0.0249442,0.00156007,-0.406609
-0.344454,0.102796,40.4765,0.0240823,0.00114193,-0.407069
-0.404086,-0.136878,40.1663,0.0197757,0.00544675,-0.402734
-0.420061,0.000528527,40.2186,0.0221653,0.00393207,-0.404096
-0.388557,0.0735105,40.2223,0.0230442,0.0031097,-0.405008
-0.389777,0.128979,40.3371,0.0241844,0.00272221,-0.405006
-0.374007,0.120606,40.341,0.0248483,0.00133841,-0.405911
-0.37473,0.139478,40.4123,0.0250212,0.00136052,-0.407522
-0.360048,0.167211,40.5029,0.0252596,0.00169494,-0.407529
-0.360499,0.130935,40.5251,0.025009,0.000843778,-0.407753
-0.420396,-0.109257,40.2132,0.0203286,0.00452624,-0.403417
-0.420811,-0.0158301,40.3138,0.023524,0.00307617,-0.404544
-0.389956,0.057057,40.3614,0.0240613,0.00247661,-0.405462
-0.374578,0.0852709,40.4105,0.0250035,0.00195477,-0.406145
-0.360092,0.13105,40.5025,0.0253579,0.00104238,-0.407062
-0.344366,0.122094,40.5032,0.0253063,0.000926629,-0.407292
-0.329006,0.131935,40.5509,0.0257676,0.00103042,-0.407752
-0.345281,0.141178,40.5973,0.0254952,0.00137133,-0.408906
-0.377789,0.158881,40.6624,0.0249078,0.00162704,-0.409144
-0.422154,-0.0898604,40.3748,0.0205452,0.00498173,-0.405034
-0.391004,0.0206827,40.4284,0.0231246,0.00248404,-0.406388
-0.375727,0.0682106,40.5262,0.0249534,0.0028041,-0.407304
-0.376772,0.122539,40.5938,0.02499,0.00221948,-0.407995
-0.393079,0.149965,40.64,0.0251896,0.00193358,-0.408683
-0.378432,0.122817,40.7074,0.0246733,0.00119846,-0.409373
-0.347637,0.140975,40.7524,0.0244747,0.00120658,-0.409608
-0.347396,0.12351,40.7543,0.0250742,0.00118534,-0.409373
-0.422487,-0.108943,40.3701,0.0196818,0.00498384,-0.40412
-0.407124,-0.0244766,40.4722,0.0224812,0.0040538,-0.406172
-0.391113,0.0761613,40.4767,0.0242575,0.00334272,-0.406391
-0.374891,0.104063,40.4584,0.025172,0.00281009,-0.407072
-0.377247,0.103859,40.6135,0.0241515,0.00264534,-0.407773
-0.34641,0.122795,40.6624,0.0250217,0.00075079,-0.408677
-0.361772,0.132651,40.6666,0.0254646,0.00149123,-0.409828
-0.363046,0.114866,40.7569,0.0253693,0.000659838,-0.410286
-0.391254,-0.107289,40.4241,0.0204714,0.00434079,-0.40687
-0.440187,-0.0235399,40.6091,0.0228832,0.00366564,-0.406861
-0.376534,0.0143716,40.595,0.0246162,0.0027903,-0.407995
-0.376933,0.0689903,40.6195,0.0253477,0.00134824,-0.408674
-0.346333,0.087555,40.688,0.0255185,0.00114433,-0.408906
-0.3314,0.0791025,40.7578,0.0255035,0.00104055,-0.409827
-0.347367,0.105523,40.7552,0.0249555,0.00117753,-0.409832
-0.347512,0.106122,40.7804,0.0253337,0.000966678,-0.410519
-0.348984,0.124517,40.8924,0.0251473,0.00120927,-0.410757
-0.408016,-0.0978094,40.5136,0.0205667,0.00488992,-0.406648
-0.37679,0.0132672,40.591,0.0231825,0.00407178,-0.408013
-0.393497,0.0778674,40.6847,0.0247204,0.00274401,-0.40846
-0.347111,0.142206,40.7566,0.0255755,0.00181668,-0.409605
-0.363407,0.133271,40.8023,0.0251755,0.0021486,-0.41053
-0.363991,0.151937,40.85,0.0256769,0.00111235,-0.411441
-0.381271,0.124021,40.9357,0.0244252,0.00103459,-0.411451
-0.349713,0.179359,40.9625,0.0252131,0.00188278,-0.412145
-0.425206,-0.106623,40.6252,0.0201857,0.00523147,-0.406886
-0.394368,0.0227125,40.7267,0.0229335,0.0035891,-0.409166
-0.394503,0.077849,40.7529,0.0240387,0.0027694,-0.409846
-0.379603,0.0875786,40.8225,0.0244957,0.00203881,-0.410302
-0.364707,0.133277,40.8909,0.0248456,0.00195963,-0.410534
-0.379901,0.12494,40.8724,0.0254983,0.00163389,-0.411445
-0.334197,0.116663,40.9873,0.0255105,0.000894635,-0.412365
-0.334625,0.0983697,41.0094,0.0250341,0.000687058,-0.412826
-0.382596,0.125741,41.0763,0.0252253,0.00104626,-0.41283
-0.394916,-0.105039,40.7435,0.0209853,0.00459687,-0.408261
-0.410645,0.0145118,40.7961,0.0232678,0.00433018,-0.409401
-0.395879,0.0793779,40.8919,0.02483,0.0027799,-0.410536
-0.364027,0.11519,40.8472,0.0247152,0.00236361,-0.410995
-0.365382,0.134897,40.9868,0.025634,0.00238309,-0.411915
-0.366899,0.134772,41.0761,0.0252925,0.000938324,-0.4126
-0.351106,0.126936,41.1028,0.0263373,0.000598296,-0.412822
-0.367838,0.135874,41.1703,0.0257072,0.000739434,-0.413978
-0.412126,-0.114586,40.8315,0.0198699,0.00452926,-0.409189
-0.412518,-0.00317692,40.9319,0.0228396,0.00372278,-0.410553
-0.427872,0.0614132,40.9379,0.0243629,0.00321976,-0.411691
-0.397012,0.0808867,41.0097,0.0256141,0.00236898,-0.411912
-0.350159,0.0896697,41.009,0.0256763,0.000780398,-0.411673
-0.351124,0.108563,41.1015,0.0258565,0.00122393,-0.412599
-0.351723,0.108659,41.1469,0.0255236,0.00144792,-0.413293
-0.336607,0.13616,41.1936,0.0257388,0.000938337,-0.413981
-0.396462,-0.0676764,40.8829,0.0213134,0.00463876,-0.410105
-0.395707,-0.0299098,40.867,0.0233598,0.003575,-0.410545
-0.380773,0.0523404,40.9375,0.0243181,0.00287916,-0.411231
-0.365872,0.06207,41.0071,0.0247751,0.00214858,-0.411686
-0.350496,0.0904795,41.0569,0.0260706,0.00099213,-0.412363
-0.351337,0.108041,41.1006,0.0251382,0.00123736,-0.413292
-0.351502,0.0904611,41.1251,0.0253889,0.00101752,-0.413749
-0.352474,0.0923005,41.2422,0.0268824,0.000592009,-0.413741
-0.321242,0.110031,41.2424,0.0263072,0.000390732,-0.414664
-0.380772,-0.148957,40.8835,0.0211139,0.00385365,-0.410097
-0.412593,-0.00165388,40.9824,0.0239609,0.00392225,-0.411238
-0.397458,0.0442203,41.0304,0.0246568,0.00278704,-0.41215
-0.335224,0.0810216,41.078,0.025308,0.00131123,-0.412601
-0.350903,0.0903646,41.0796,0.0257217,0.000793533,-0.413054
-0.336169,0.118092,41.1711,0.0256156,0.00176374,-0.413756
-0.352782,0.108645,41.2143,0.0251864,0.000837528,-0.413983
-0.369252,0.118296,41.2842,0.0252834,0.000966409,-0.415135
-0.412388,-0.148821,40.9058,0.0211144,0.00449992,-0.410101
-0.381502,-0.0206619,40.9781,0.023113,0.00370068,-0.410323
-0.412533,0.0530756,40.985,0.0246968,0.00331458,-0.411921
-0.36556,0.0629746,41.0111,0.0255109,0.00213749,-0.412371
-0.367081,0.0986232,41.0985,0.024709,0.00197873,-0.41284
-0.367397,0.117611,41.147,0.0252307,0.00219945,-0.41376
-0.352691,0.127748,41.2402,0.026057,0.00125684,-0.414212
-0.353523,0.109144,41.2842,0.0248785,0.00148527,-0.415371
-0.384394,0.126031,41.2128,0.0242268,0.00171823,-0.414914
-0.398073,-0.0846518,41.0212,0.0216123,0.00401909,-0.411252
-0.414229,0.0166064,41.0958,0.0234184,0.00354483,-0.412853
-0.383642,0.0717268,41.1656,0.024542,0.00208849,-0.412843
-0.383553,0.10847,41.1692,0.0251592,0.001473,-0.413985
-0.368212,0.0999364,41.2155,0.0251397,0.00220243,-0.414222
-0.369203,0.101042,41.3089,0.0258989,0.00136776,-0.414904
-0.385772,0.127755,41.3526,0.0253715,0.00109412,-0.415598
-0.323097,0.146294,41.3769,0.0255461,0.00107832,-0.41583
-0.413544,-0.112272,40.9981,0.0207037,0.00496586,-0.411951
-0.382368,-0.00138633,41.0738,0.0233108,0.00414655,-0.412627
-0.383764,0.0903075,41.1906,0.0246944,0.00252122,-0.413765
-0.383888,0.109084,41.2164,0.0252001,0.00231935,-0.414682
-0.368987,0.118813,41.2859,0.0256571,0.00158876,-0.415137
-0.385099,0.145833,41.3085,0.0254873,0.00151489,-0.415829
-0.38635,0.14603,41.3987,0.0251662,0.00132709,-0.416523
-0.355357,0.128007,41.422,0.0250586,0.000261217,-0.416976
-0.415496,-0.112165,41.1313,0.0203854,0.00436509,-0.411954
-0.415306,-0.00178136,41.1618,0.0226003,0.00356007,-0.41332
-0.399827,0.100073,41.2378,0.0251402,0.0028487,-0.414226
-0.368578,0.118733,41.2625,0.0256526,0.00242197,-0.414453
-0.400795,0.119162,41.3311,0.0256736,0.00265762,-0.415145
-0.369973,0.119528,41.3778,0.0257097,0.00202331,-0.415833
-0.386304,0.128972,41.4241,0.0261351,0.00109383,-0.416285
-0.339131,0.138073,41.4252,0.0258732,0.00139799,-0.41675
-0.355884,0.128833,41.492,0.0251156,0.00153015,-0.417677
-0.431722,-0.120174,41.2023,0.0207286,0.00510735,-0.412878
-0.400021,0.00958203,41.26,0.024183,0.00386334,-0.414465
-0.384916,0.0734428,41.307,0.0249976,0.00273594,-0.414918
-0.401671,0.064398,41.3746,0.0245933,0.00223349,-0.415838
-0.370962,0.120439,41.4705,0.0261156,0.00182325,-0.416522
-0.371369,0.120324,41.4931,0.0257667,0.00162466,-0.417213
-0.37264,0.102343,41.5827,0.025318,0.00142787,-0.417677
-0.357114,0.129763,41.6058,0.0255287,0.0017515,-0.417681
-0.432781,-0.120189,41.2697,0.0203914,0.00449696,-0.413568
-0.400857,-0.0262704,41.3278,0.0239644,0.00385735,-0.414698
-0.400971,0.047044,41.3546,0.0251972,0.00304663,-0.415608
-0.386311,0.0742384,41.4223,0.0250547,0.00233728,-0.416298
-0.339772,0.101814,41.4694,0.0252854,0.00160402,-0.416985
-0.371319,0.120515,41.4947,0.0257755,0.00162583,-0.417902
-0.355938,0.148534,41.5431,0.0263644,0.0017386,-0.418592
-0.38847,0.148254,41.6084,0.0260028,0.00135072,-0.418594
-0.373826,0.156879,41.6739,0.0250261,0.00190162,-0.419067
-0.433626,-0.10018,41.389,0.0213234,0.00535199,-0.415182
-0.402694,0.0283659,41.4637,0.0236842,0.0039193,-0.416087
-0.387102,0.0745463,41.4906,0.0247379,0.00298386,-0.416996
-0.404517,0.101767,41.6025,0.0245915,0.0020864,-0.417686
-0.372599,0.138699,41.5839,0.0255731,0.00144583,-0.418137
-0.37339,0.139007,41.6522,0.0252563,0.00209241,-0.418835
-0.358559,0.147812,41.6965,0.0249702,0.000951495,-0.419292
-0.342711,0.139776,41.7233,0.0253172,0.00188186,-0.420216
-0.418741,-0.109019,41.4564,0.0209462,0.00588165,-0.415421
-0.418217,0.00075032,41.4398,0.0231202,0.00423029,-0.41609
-0.402808,0.10168,41.4905,0.024917,0.00310858,-0.416997
-0.403583,0.120557,41.561,0.0254344,0.00249492,-0.417912
-0.404836,0.12095,41.6519,0.0254665,0.0016725,-0.4186
-0.389282,0.130383,41.676,0.0255585,0.00198832,-0.419063
-0.374427,0.157171,41.7202,0.0250466,0.001491,-0.419755
-0.37498,0.14021,41.7911,0.0256827,0.00148173,-0.420213
-0.419252,-0.091681,41.4544,0.0206796,0.00401131,-0.415641
-0.419641,0.0195325,41.5541,0.0232959,0.00383944,-0.417011
-0.419491,0.0933646,41.5826,0.0249024,0.00365107,-0.417923
-0.404857,0.102772,41.6513,0.025339,0.00166352,-0.41837
-0.373792,0.0854785,41.6991,0.0256212,0.00164259,-0.418829
-0.389883,0.130676,41.7223,0.025579,0.0015777,-0.419751
-0.390436,0.113714,41.7932,0.0262151,0.00156843,-0.420208
-0.360263,0.113986,41.8839,0.0259095,0.00115694,-0.420901
-0.36058,0.132974,41.9324,0.0264312,0.00137765,-0.421821
-0.436202,-0.0982622,41.6198,0.0218024,0.00517586,-0.417255
-0.372832,0.0116564,41.6041,0.0240074,0.00307713,-0.417923
-0.373781,0.0491183,41.6987,0.0250217,0.00226042,-0.419065
-0.389632,0.0768507,41.7238,0.025579,0.00217429,-0.419752
-0.374881,0.123148,41.8174,0.0263071,0.00188425,-0.420671
-0.360458,0.114393,41.9074,0.0262788,0.000944916,-0.420899
-0.361036,0.132668,41.9535,0.0260735,0.00117788,-0.421823
-0.405562,-0.0257014,41.6673,0.0219748,0.00395512,-0.418861
-0.404897,-0.0421223,41.6709,0.0240108,0.00390702,-0.417239
-0.372925,-0.00519414,41.6531,0.0246479,0.00390224,-0.418385
-0.358188,0.0776586,41.7479,0.0263288,0.00235976,-0.419061
-0.374952,0.104778,41.8152,0.0261707,0.0018741,-0.419752
-0.375143,0.122434,41.8149,0.02558,0.0018965,-0.420676
-0.375704,0.141638,41.8855,0.0264623,0.00190402,-0.420904
-0.376376,0.141005,41.9064,0.0257397,0.00108307,-0.421593
-0.361659,0.114782,41.9992,0.0259665,0.000758283,-0.422282
-0.405714,-0.116978,41.6618,0.020975,0.00454366,-0.417029
-0.406347,0.0118956,41.7604,0.0233451,0.00375842,-0.418627
-0.390026,0.0227354,41.7683,0.024884,0.0036283,-0.419766
-0.37492,0.0865962,41.8154,0.0256987,0.0025009,-0.420218
-0.374881,0.123148,41.8174,0.0263071,0.00188425,-0.420671
-0.375696,0.105473,41.8858,0.0262161,0.00188723,-0.421133
-0.393079,0.114512,41.998,0.0255976,0.00161658,-0.422289
-0.360984,0.132663,41.9544,0.025729,0.00181367,-0.422519
-0.406053,-0.115973,41.7106,0.0217226,0.00412078,-0.417712
-0.4382,-0.00627628,41.7828,0.0232065,0.00313991,-0.419082
-0.391121,0.0768724,41.8344,0.0249117,0.00304251,-0.419767
-0.376153,0.105167,41.9069,0.0258584,0.00168747,-0.421135
-0.392507,0.132206,41.9507,0.0256958,0.00203501,-0.421141
-0.408805,0.123468,41.9972,0.0256492,0.00173232,-0.422059
-0.39419,0.114502,42.0645,0.0256049,0.000370407,-0.422283
-0.378799,0.10616,42.1124,0.0255942,0.001101,-0.423209
-0.34755,0.124819,42.1371,0.0261067,0.000674275,-0.423436
-0.422611,-0.12562,41.7538,0.0205956,0.00446497,-0.418642
-0.406829,0.0133037,41.8336,0.0241175,0.00375929,-0.420003
-0.423117,0.0591033,41.8811,0.024798,0.00284776,-0.420915
-0.424093,0.114356,41.974,0.0255776,0.00267347,-0.421605
-0.361208,0.151057,41.977,0.0262171,0.00160945,-0.422057
-0.378176,0.124046,42.0668,0.0257013,0.00152061,-0.422751
-0.378949,0.142727,42.1364,0.0258653,0.00154155,-0.423673
-0.378973,0.124745,42.1366,0.0260911,0.000897959,-0.423436
-0.423605,-0.0887407,41.8454,0.0208944,0.0049163,-0.419108
-0.423224,0.0214316,41.8531,0.0230932,0.0036887,-0.420469
-0.407544,0.0869102,41.9067,0.0253708,0.00253795,-0.421602
-0.392638,0.0962487,41.9747,0.0251211,0.00307659,-0.42207
-0.393225,0.11511,42.0231,0.0259758,0.00140572,-0.422975
-0.394026,0.151778,42.0918,0.0262586,0.00143448,-0.423438
-0.36341,0.0980135,42.1611,0.0259369,0.00119699,-0.424129
-0.363846,0.115885,42.1828,0.0257067,0.0010062,-0.42436
-0.409436,-0.0239736,41.9858,0.0217704,0.00422462,-0.420945
-0.423839,-0.0500636,41.9222,0.0233467,0.00365249,-0.420237
-0.408377,0.0508622,41.9737,0.024799,0.00316657,-0.42184
-0.393028,0.0970627,42.0218,0.0258599,0.00265254,-0.422065
-0.378078,0.106984,42.093,0.0263257,0.00192313,-0.423209
-0.379328,0.107181,42.1832,0.0260045,0.00173532,-0.423903
-0.36402,0.13447,42.207,0.0262036,0.000803156,-0.424587
-0.364861,0.134587,42.2737,0.025878,0.00144856,-0.424597
-0.36518,0.15377,42.3231,0.0267531,0.00103466,-0.42551
-0.424757,-0.105605,41.9618,0.0211976,0.00513102,-0.42026
-0.408559,0.0147135,41.9961,0.0242155,0.00420698,-0.42208
-0.377922,0.0700252,42.0674,0.0253479,0.0027518,-0.422759
-0.395072,0.0977634,42.1811,0.0255753,0.0024767,-0.42345
-0.411379,0.12519,42.2272,0.0257748,0.00219081,-0.424139
-0.38008,0.14404,42.2535,0.0262961,0.00176525,-0.425055
-0.36546,0.134683,42.3192,0.0255452,0.00167255,-0.425292
-0.365626,0.117104,42.3437,0.0257958,0.00145272,-0.425748
-0.441747,-0.150795,42.051,0.0205543,0.0050332,-0.420724
-0.424713,-0.012068,42.0405,0.0243974,0.00451533,-0.421392
-0.410186,0.0700672,42.1337,0.0250068,0.00362089,-0.422769
-0.410313,0.0890391,42.1602,0.0258658,0.00278441,-0.423678
-0.395196,0.11654,42.2069,0.026081,0.00227483,-0.424367
-0.364619,0.134567,42.2525,0.0258708,0.00102715,-0.425282
-0.381595,0.14372,42.3419,0.0256012,0.000955089,-0.425747
