1.0283e-07,0,2.1148e-20,0,0,0
0.000514253,0,2.64509e-09,0,0,0
0.0010284,0,2.11544e-08,0,0,0
0.00154255,0,7.13888e-08,0,0,0
0.00205691,0,1.6926e-07,0,0,0
0.00257378,0,3.31609e-07,0,0,0
0.00308793,0,5.72683e-07,0,0,0
0.00360234,0,9.09211e-07,0,0,0
0.00411649,0,1.35672e-06,0,0,0
0.00503497,0,2.48256e-06,0,0,0
0.00554912,0,3.3234e-06,0,0,0
0.00606327,0,4.33541e-06,0,0,0
0.00657742,0,5.53448e-06,0,0,0
0.00709156,0,6.93644e-06,0,0,0
0.00760571,0,8.55718e-06,0,0,0
0.00811986,0,1.04125e-05,0,0,0
0.00863401,0,1.25184e-05,0,0,0
0.00914816,0,1.48906e-05,0,0,0
0.0096623,0,1.7545e-05,0,0,0
0.0101764,0,2.04975e-05,0,0,0
0.0106906,0,2.37643e-05,0,0,0
0.0117315,0,3.14031e-05,0,0,0
0.0122456,0,3.57155e-05,0,0,0
0.0127598,0,4.04057e-05,0,0,0
0.0132739,0,4.54895e-05,0,0,0
0.013788,0,5.09828e-05,0,0,0
0.0143022,0,5.69021e-05,0,0,0
0.0148163,0,6.3262e-05,0,0,0
0.0153305,0,7.00789e-05,0,0,0
0.0158446,0,7.73688e-05,0,0,0
0.0163587,0,8.51475e-05,0,0,0
0.0170513,0,9.64277e-05,0,0,0
0.0175654,0,0.000105416,0,0,0
0.0180795,0,0.000114946,0,0,0
0.0187697,0,0.000128621,0,0,0
0.0192838,0,0.000139483,0,0,0
0.0197979,0,0.000150939,0,0,0
0.020312,0,0.000163006,0,0,0
0.020826,0,0.0001757,0,0,0
0.0213401,0,0.000189036,0,0,0
0.0218541,0,0.00020303,0,0,0
0.02237,0,0.000217751,0,0,0
0.0228865,0,0.000233188,0,0,0
0.0234005,0,0.000249258,0,0,0
0.0239145,0,0.00026605,0,0,0
0.0244284,0,0.00028358,0,0,0
0.0249473,0,0.000302041,0,0,0
0.0256022,0,0.000326464,0,0,0
0.0261161,0,0.000346527,0,0,0
0.02663,0,0.000367397,0,0,0
0.0271439,0,0.000389087,0,0,0
0.0276578,0,0.000411617,0,0,0
0.0281717,0,0.000434998,0,0,0
0.0286855,0,0.000459248,0,0,0
0.0291993,0,0.000484383,0,0,0
0.0297131,0,0.000510418,0,0,0
0.0302269,0,0.00053737,0,0,0
0.0307406,0,0.000565254,0,0,0
0.0312543,0,0.000594086,0,0,0
0.031768,0,0.000623882,0,0,0
0.0322816,0,0.000654658,0,0,0
0.0327952,0,0.000686429,0,0,0
0.0333088,0,0.000719212,0,0,0
0.0338223,0,0.000753022,0,0,0
0.0343358,0,0.000787875,0,0,0
0.0348493,0,0.000823787,0,0,0
0.0353627,0,0.000860773,0,0,0
0.0358761,0,0.00089885,0,0,0
0.0363894,0,0.000938034,0,0,0
0.0369026,0,0.000978339,0,0,0
0.0374159,0,0.00101978,0,0,0
0.037929,0,0.00106238,0,0,0
0.0384468,0,0.00110655,0,0,0
0.0389599,0,0.00115151,0,0,0
0.0394729,0,0.00119768,0,0,0
0.0399858,0,0.00124506,0,0,0
0.0404987,0,0.00129367,0,0,0
0.0410115,0,0.00134353,0,0,0
0.0415242,0,0.00139466,0,0,0
0.0420369,0,0.00144706,0,0,0
0.0425495,0,0.00150077,0,0,0
0.043062,0,0.00155578,0,0,0
0.0435744,0,0.00161212,0,0,0
0.0440868,0,0.0016698,0,0,0
0.044599,0,0.00172885,0,0,0
0.0451112,0,0.00178926,0,0,0
0.0456233,0,0.00185107,0,0,0
0.0461402,0,0.0019149,0,0,0
0.0466521,0,0.00197954,0,0,0
0.0471639,0,0.00204563,0,0,0
0.0476756,0,0.00211317,0,0,0
0.0481871,0,0.00218218,0,0,0
0.0486986,0,0.00225267,0,0,0
0.0492099,0,0.00232466,0,0,0
0.0497212,0,0.00239817,0,0,0
0.0502323,0,0.00247321,0,0,0
0.0507433,0,0.0025498,0,0,0
0.0512541,0,0.00262795,0,0,0
0.0517648,0,0.00270767,0,0,0
0.0522754,0,0.00278899,0,0,0
0.0527858,0,0.00287193,0,0,0
0.0532961,0,0.00295648,0,0,0
0.0538062,0,0.00304268,0,0,0
0.0543162,0,0.00313053,0,0,0
0.054826,0,0.00322006,0,0,0
0.0553356,0,0.00331127,0,0,0
0.0558451,0,0.00340419,0,0,0
0.0563544,0,0.00349882,0,0,0
0.0568635,0,0.00359519,0,0,0
0.0573725,0,0.00369331,0,0,0
0.0578812,0,0.00379319,0,0,0
0.0583898,0,0.00389486,0,0,0
0.0588981,0,0.00399832,0,0,0
0.0594063,0,0.00410359,0,0,0
0.0599142,0,0.00421068,0,0,0
0.0604219,0,0.00431962,0,0,0
0.0609294,0,0.00443042,0,0,0
0.0614367,0,0.00454309,0,0,0
0.0619438,0,0.00465766,0,0,0
0.0624506,0,0.00477412,0,0,0
0.0629571,0,0.00489251,0,0,0
0.0634634,0,0.00501282,0,0,0
0.0639694,0,0.00513509,0,0,0
0.0644752,0,0.00525932,0,0,0
0.0649807,0,0.00538553,0,0,0
0.065486,0,0.00551374,0,0,0
0.0659909,0,0.00564395,0,0,0
0.0664956,0,0.0057762,0,0,0
0.0669999,0,0.00591048,0,0,0
0.067504,0,0.00604682,0,0,0
0.0680077,0,0.00618523,0,0,0
0.0685112,0,0.00632573,0,0,0
0.0690143,0,0.00646833,0,0,0
0.069517,0,0.00661304,0,0,0
0.0700195,0,0.00675989,0,0,0
0.0705216,0,0.00690888,0,0,0
0.0710233,0,0.00706004,0,0,0
0.0715247,0,0.00721337,0,0,0
0.0720257,0,0.0073689,0,0,0
0.0725263,0,0.00752663,0,0,0
0.0730265,0,0.00768658,0,0,0
0.0735263,0,0.00784877,0,0,0
0.0740258,0,0.00801321,0,0,0
0.0745248,0,0.00817991,0,0,0
0.0750235,0,0.00834891,0,0,0
0.0755216,0,0.00852019,0,0,0
0.0760194,0,0.00869379,0,0,0
0.0765167,0,0.0088697,0,0,0
0.0770135,0,0.00904796,0,0,0
0.0775099,0,0.00922857,0,0,0
0.0780058,0,0.00941154,0,0,0
0.0785034,0,0.00959774,0,0,0
0.0789983,0,0.00978551,0,0,0
0.0794928,0,0.0099757,0,0,0
0.0799867,0,0.0101683,0,0,0
0.08048,0,0.0103634,0,0,0
0.0809729,0,0.0105609,0,0,0
0.0814652,0,0.0107608,0,0,0
0.081957,0,0.0109633,0,0,0
0.0824482,0,0.0111682,0,0,0
0.0829388,0,0.0113757,0,0,0
0.0834288,0,0.0115857,0,0,0
0.0839183,0,0.0117983,0,0,0
0.0844071,0,0.0120133,0,0,0
0.0848953,0,0.012231,0,0,0
0.0853829,0,0.0124512,0,0,0
0.0858699,0,0.0126741,0,0,0
0.0863562,0,0.0128995,0,0,0
0.0868419,0,0.0131276,0,0,0
0.0873268,0,0.0133583,0,0,0
0.0878111,0,0.0135917,0,0,0
0.0882947,0,0.0138277,0,0,0
0.0887776,0,0.0140664,0,0,0
0.0892598,0,0.0143079,0,0,0
0.0897412,0,0.014552,0,0,0
0.0902219,0,0.0147988,0,0,0
0.0907018,0,0.0150484,0,0,0
0.091181,0,0.0153007,0,0,0
0.0916594,0,0.0155558,0,0,0
0.0921369,0,0.0158136,0,0,0
0.0926137,0,0.0160742,0,0,0
0.0930896,0,0.0163377,0,0,0
0.0935648,0,0.0166039,0,0,0
0.094039,0,0.016873,0,0,0
0.0945124,0,0.0171449,0,0,0
0.0949849,0,0.0174197,0,0,0
0.0954565,0,0.0176973,0,0,0
0.0959273,0,0.0179778,0,0,0
0.0963971,0,0.0182612,0,0,0
0.0968659,0,0.0185475,0,0,0
0.0973338,0,0.0188367,0,0,0
0.0978008,0,0.0191289,0,0,0
0.0982668,0,0.019424,0,0,0
0.0987317,0,0.019722,0,0,0
0.0991957,0,0.020023,0,0,0
0.0997132,0,0.0203631,0,0,0
0.100175,0,0.0206704,0,0,0
0.100636,0,0.0209808,0,0,0
0.101095,0,0.0212941,0,0,0
0.101554,0,0.0216105,0,0,0
0.102011,0,0.0219299,0,0,0
0.102468,0,0.0222524,0,0,0
0.103653,0,0.0231082,0,0,0
0.104105,0,0.0234418,0,0,0
0.104556,0,0.0237785,0,0,0
0.105006,0,0.0241183,0,0,0
0.105454,0,0.0244612,0,0,0
0.105902,0,0.0248073,0,0,0
0.106348,0,0.0251565,0,0,0
0.106792,0,0.0255089,0,0,0
0.107236,0,0.0258644,0,0,0
0.107678,0,0.0262231,0,0,0
0.108119,0,0.0265851,0,0,0
0.108558,0,0.0269502,0,0,0
0.108996,0,0.0273185,0,0,0
0.109433,0,0.0276901,0,0,0
0.109872,0,0.0280681,0,0,0
0.110305,0,0.0284462,0,0,0
0.110738,0,0.0288275,0,0,0
0.111169,0,0.0292121,0,0,0
0.111598,0,0.0296,0,0,0
0.112026,0,0.0299912,0,0,0
0.112452,0,0.0303856,0,0,0
0.112877,0,0.0307834,0,0,0
0.1133,0,0.0311844,0,0,0
0.113722,0,0.0315888,0,0,0
0.114142,0,0.0319965,0,0,0
0.11456,0,0.0324076,0,0,0
0.114977,0,0.032822,0,0,0
0.115392,0,0.0332398,0,0,0
0.115805,0,0.0336609,0,0,0
0.116217,0,0.0340854,0,0,0
0.116627,0,0.0345133,0,0,0
0.117039,0,0.0349486,0,0,0
0.117448,0,0.0353858,0,0,0
0.117852,0,0.0358239,0,0,0
0.118255,0,0.0362655,0,0,0
0.118656,0,0.0367105,0,0,0
0.119055,0,0.0371589,0,0,0
0.119452,0,0.0376108,0,0,0
0.119847,0,0.0380661,0,0,0
0.120241,0,0.0385249,0,0,0
0.120632,0,0.0389872,0,0,0
0.121021,0,0.0394529,0,0,0
0.121409,0,0.0399221,0,0,0
0.121794,0,0.0403948,0,0,0
0.122177,0,0.0408709,0,0,0
0.122559,0,0.0413506,0,0,0
0.122938,0,0.0418338,0,0,0
0.123315,0,0.0423205,0,0,0
0.12369,0,0.0428107,0,0,0
0.124062,0,0.0433044,0,0,0
0.124433,0,0.0438017,0,0,0
0.124801,0,0.0443025,0,0,0
0.125167,0,0.0448068,0,0,0
0.125531,0,0.0453146,0,0,0
0.125893,0,0.0458261,0,0,0
0.126252,0,0.046341,0,0,0
0.126609,0,0.0468596,0,0,0
0.126963,0,0.0473817,0,0,0
0.127315,0,0.0479073,0,0,0
0.127665,0,0.0484366,0,0,0
0.128012,0,0.0489694,0,0,0
0.128357,0,0.0495058,0,0,0
0.128699,0,0.0500457,0,0,0
0.129039,0,0.0505893,0,0,0
0.129376,0,0.0511365,0,0,0
0.129711,0,0.0516872,0,0,0
0.130042,0,0.0522416,0,0,0
0.130372,0,0.0527995,0,0,0
0.130699,0,0.0533611,0,0,0
0.131023,0,0.0539262,0,0,0
0.131344,0,0.054495,0,0,0
0.131662,0,0.0550674,0,0,0
0.131978,0,0.0556434,0,0,0
0.132291,0,0.056223,0,0,0
0.132603,0,0.0568103,0,0,0
0.132911,0,0.0573972,0,0,0
0.133215,0,0.0579877,0,0,0
0.133516,0,0.0585818,0,0,0
0.133815,0,0.0591795,0,0,0
0.134111,0,0.0597809,0,0,0
0.134403,0,0.0603859,0,0,0
0.134693,0,0.0609945,0,0,0
0.134979,0,0.0616067,0,0,0
0.135262,0,0.0622225,0,0,0
0.135543,0,0.062842,0,0,0
0.13582,0,0.0634651,0,0,0
0.136094,0,0.0640918,0,0,0
0.136364,0,0.0647221,0,0,0
0.136632,0,0.065356,0,0,0
0.136896,0,0.0659936,0,0,0
0.137157,0,0.0666347,0,0,0
0.137415,0,0.0672795,0,0,0
0.137669,0,0.0679279,0,0,0
0.13792,0,0.0685799,0,0,0
0.138167,0,0.0692355,0,0,0
0.138411,0,0.0698947,0,0,0
0.138651,0,0.0705575,0,0,0
0.138888,0,0.0712238,0,0,0
0.139122,0,0.0718938,0,0,0
0.139351,0,0.0725674,0,0,0
0.139578,0,0.0732445,0,0,0
0.1398,0,0.0739253,0,0,0
0.140019,0,0.0746096,0,0,0
0.140234,0,0.0752974,0,0,0
0.140446,0,0.0759889,0,0,0
0.140653,0,0.0766838,0,0,0
0.140857,0,0.0773824,0,0,0
0.141057,0,0.0780845,0,0,0
0.141253,0,0.0787901,0,0,0
0.141445,0,0.0794992,0,0,0
0.141634,0,0.0802119,0,0,0
0.141818,0,0.0809281,0,0,0
0.141998,0,0.0816478,0,0,0
0.142174,0,0.0823711,0,0,0
0.142389,0,0.083281,0,0,0
0.142556,0,0.0840121,0,0,0
0.142719,0,0.0847466,0,0,0
0.142878,0,0.0854847,0,0,0
0.143032,0,0.0862262,0,0,0
0.143182,0,0.0869711,0,0,0
0.143328,0,0.0877195,0,0,0
0.14347,0,0.0884713,0,0,0
0.143607,0,0.0892265,0,0,0
0.14374,0,0.0899851,0,0,0
0.143868,0,0.0907472,0,0,0
0.143992,0,0.0915126,0,0,0
0.144111,0,0.0922814,0,0,0
0.144226,0,0.0930535,0,0,0
0.144337,0,0.0938291,0,0,0
0.144442,0,0.0946079,0,0,0
0.144543,0,0.0953901,0,0,0
0.14464,0,0.0961756,0,0,0
0.144731,0,0.0969644,0,0,0
0.144818,0,0.0977565,0,0,0
0.1449,0,0.0985519,0,0,0
0.144978,0,0.0993505,0,0,0
0.14505,0,0.100152,0,0,0
0.145118,0,0.100957,0,0,0
0.14518,0,0.101766,0,0,0
0.145238,0,0.102577,0,0,0
0.145291,0,0.103392,0,0,0
0.145338,0,0.10421,0,0,0
0.145381,0,0.105031,0,0,0
0.145418,0,0.105855,0,0,0
0.145451,0,0.106682,0,0,0
0.145478,0,0.107513,0,0,0
0.1455,0,0.108346,0,0,0
0.145516,0,0.109183,0,0,0
0.145528,0,0.110022,0,0,0
0.145534,0,0.110865,0,0,0
0.145534,0,0.11171,0,0,0
0.14553,0,0.112559,0,0,0
0.145519,0,0.11341,0,0,0
0.145504,0,0.114265,0,0,0
0.145483,0,0.115122,0,0,0
0.145456,0,0.115982,0,0,0
0.145423,0,0.116846,0,0,0
0.145385,0,0.11772,0,0,0
0.145341,0,0.118589,0,0,0
0.145292,0,0.119461,0,0,0
0.145237,0,0.120335,0,0,0
0.145176,0,0.121212,0,0,0
0.145109,0,0.122092,0,0,0
0.145037,0,0.122975,0,0,0
0.144945,0,0.124009,0,0,0
0.144859,0,0.124897,0,0,0
0.144768,0,0.125788,0,0,0
0.14467,0,0.126682,0,0,0
0.144567,0,0.127579,0,0,0
0.144457,0,0.128478,0,0,0
0.144342,0,0.129379,0,0,0
0.14422,0,0.130283,0,0,0
0.144092,0,0.13119,0,0,0
0.143958,0,0.132098,0,0,0
0.143817,0,0.13301,0,0,0
0.14367,0,0.133924,0,0,0
0.143517,0,0.13484,0,0,0
0.143358,0,0.135758,0,0,0
0.143192,0,0.136679,0,0,0
0.143019,0,0.137602,0,0,0
0.14284,0,0.138527,0,0,0
0.142655,0,0.139455,0,0,0
0.142463,0,0.140385,0,0,0
0.142264,0,0.141316,0,0,0
0.142059,0,0.14225,0,0,0
0.141847,0,0.143186,0,0,0
0.141628,0,0.144124,0,0,0
0.141403,0,0.145064,0,0,0
0.14117,0,0.146007,0,0,0
0.140931,0,0.146951,0,0,0
0.140684,0,0.147901,0,0,0
0.140431,0,0.148848,0,0,0
0.140172,0,0.149798,0,0,0
0.139905,0,0.150749,0,0,0
0.139631,0,0.151703,0,0,0
0.13935,0,0.152658,0,0,0
0.139062,0,0.153614,0,0,0
0.138767,0,0.154572,0,0,0
0.138465,0,0.155532,0,0,0
0.138155,0,0.156494,0,0,0
0.137838,0,0.157457,0,0,0
0.137514,0,0.158421,0,0,0
0.137183,0,0.159387,0,0,0
0.136844,0,0.160355,0,0,0
0.136498,0,0.161323,0,0,0
0.136145,0,0.162293,0,0,0
0.135784,0,0.163265,0,0,0
0.135416,0,0.164237,0,0,0
0.13504,0,0.165211,0,0,0
0.134656,0,0.166186,0,0,0
0.134265,0,0.167162,0,0,0
0.133867,0,0.168139,0,0,0
0.13346,0,0.169118,0,0,0
0.133046,0,0.170097,0,0,0
0.132625,0,0.171077,0,0,0
0.132195,0,0.172058,0,0,0
0.131758,0,0.173039,0,0,0
0.131313,0,0.174022,0,0,0
0.13086,0,0.175005,0,0,0
0.130399,0,0.175989,0,0,0
0.12993,0,0.176974,0,0,0
0.129453,0,0.177959,0,0,0
0.128968,0,0.178945,0,0,0
0.128475,0,0.179931,0,0,0
0.127975,0,0.180918,0,0,0
0.127466,0,0.181905,0,0,0
0.126944,0,0.182901,0,0,0
0.126419,0,0.183888,0,0,0
0.125885,0,0.184876,0,0,0
0.125344,0,0.185865,0,0,0
0.124794,0,0.186853,0,0,0
0.124235,0,0.187841,0,0,0
0.123669,0,0.18883,0,0,0
0.123094,0,0.189818,0,0,0
0.12251,0,0.190807,0,0,0
0.121919,0,0.191795,0,0,0
0.121319,0,0.192783,0,0,0
0.12071,0,0.19377,0,0,0
0.120093,0,0.194758,0,0,0
0.119467,0,0.195745,0,0,0
0.118833,0,0.196731,0,0,0
0.11819,0,0.197717,0,0,0
0.117539,0,0.198703,0,0,0
0.116879,0,0.199688,0,0,0
0.11621,0,0.200672,0,0,0
0.115533,0,0.201656,0,0,0
0.114847,0,0.202638,0,0,0
0.114152,0,0.20362,0,0,0
0.113448,0,0.204601,0,0,0
0.112736,0,0.205581,0,0,0
0.112015,0,0.20656,0,0,0
0.111285,0,0.207538,0,0,0
0.110546,0,0.208514,0,0,0
0.109798,0,0.20949,0,0,0
0.109041,0,0.210464,0,0,0
0.108275,0,0.211437,0,0,0
0.107501,0,0.212408,0,0,0
0.106717,0,0.213378,0,0,0
0.105924,0,0.214346,0,0,0
0.105123,0,0.215313,0,0,0
0.104312,0,0.216278,0,0,0
0.103492,0,0.217241,0,0,0
0.102663,0,0.218202,0,0,0
0.101825,0,0.219162,0,0,0
0.100978,0,0.220119,0,0,0
0.100122,0,0.221074,0,0,0
0.099256,0,0.222028,0,0,0
0.0983813,0,0.222979,0,0,0
0.0974973,0,0.223927,0,0,0
0.0966041,0,0.224874,0,0,0
0.0957017,0,0.225818,0,0,0
0.09479,0,0.22676,0,0,0
0.093869,0,0.227699,0,0,0
0.0929387,0,0.228635,0,0,0
0.0919991,0,0.229569,0,0,0
0.0910502,0,0.2305,0,0,0
0.0900919,0,0.231428,0,0,0
0.0891243,0,0.232353,0,0,0
0.0881473,0,0.233275,0,0,0
0.0871609,0,0.234194,0,0,0
0.086165,0,0.23511,0,0,0
0.0851598,0,0.236022,0,0,0
0.0841452,0,0.236932,0,0,0
0.0831211,0,0.237838,0,0,0
0.0820875,0,0.23874,0,0,0
0.0810446,0,0.239639,0,0,0
0.0799921,0,0.240534,0,0,0
0.0789302,0,0.241426,0,0,0
0.0778587,0,0.242314,0,0,0
0.0767778,0,0.243197,0,0,0
0.0756874,0,0.244077,0,0,0
0.0745875,0,0.244953,0,0,0
0.0734781,0,0.245825,0,0,0
0.0723591,0,0.246693,0,0,0
0.0712306,0,0.247556,0,0,0
0.0700926,0,0.248415,0,0,0
0.0689451,0,0.249269,0,0,0
0.067788,0,0.250119,0,0,0
0.0666214,0,0.250964,0,0,0
0.0654317,0,0.251814,0,0,0
0.0642459,0,0.25265,0,0,0
0.0630506,0,0.253481,0,0,0
0.0618457,0,0.254307,0,0,0
0.0606313,0,0.255128,0,0,0
0.0594074,0,0.255943,0,0,0
0.0581739,0,0.256754,0,0,0
0.0569309,0,0.257559,0,0,0
0.0556782,0,0.258358,0,0,0
0.0544161,0,0.259152,0,0,0
0.0531445,0,0.259941,0,0,0
0.0518634,0,0.260724,0,0,0
0.0505728,0,0.261501,0,0,0
0.0492727,0,0.262272,0,0,0
0.0479631,0,0.263038,0,0,0
0.046644,0,0.263797,0,0,0
0.0453154,0,0.26455,0,0,0
0.0439773,0,0.265297,0,0,0
0.0426298,0,0.266037,0,0,0
0.0412729,0,0.266772,0,0,0
0.0399065,0,0.267499,0,0,0
0.0385307,0,0.26822,0,0,0
0.0371455,0,0.268935,0,0,0
0.0357509,0,0.269642,0,0,0
0.0343469,0,0.270343,0,0,0
0.0329336,0,0.271037,0,0,0
0.0315109,0,0.271723,0,0,0
0.0300691,0,0.272408,0,0,0
0.0286278,0,0.27308,0,0,0
0.0271771,0,0.273745,0,0,0
0.0257172,0,0.274402,0,0,0
0.024248,0,0.275052,0,0,0
0.0227696,0,0.275694,0,0,0
0.021282,0,0.276329,0,0,0
0.0197852,0,0.276955,0,0,0
0.0182793,0,0.277574,0,0,0
0.0167643,0,0.278185,0,0,0
0.0152401,0,0.278787,0,0,0
0.0137069,0,0.279382,0,0,0
0.0121646,0,0.279968,0,0,0
0.0106133,0,0.280545,0,0,0
0.00905298,0,0.281114,0,0,0
0.00748373,0,0.281675,0,0,0
0.00590555,0,0.282227,0,0,0
0.00431847,0,0.28277,0,0,0
0.00272254,0,0.283304,0,0,0
0.00111778,0,0.283829,0,0,0
-0,0,0.284345,0,0,0
-0,0,0.284859,0,0,0
-0,0,0.285373,0,0,0
-0,0,0.285888,0,0,0
-0,0,0.286402,0,0,0
-0,0,0.286916,0,0,0
-0,0,0.28743,0,0,0
-0,0,0.287944,0,0,0
-0,0,0.288458,0,0,0
-0,0,0.288972,0,0,0
-0,0,0.289487,0,0,0
-0,0,0.290001,0,0,0
-0,0,0.290515,0,0,0
-0,0,0.291029,0,0,0
-0,0,0.291543,0,0,0
-0,0,0.292057,0,0,0
-0,0,0.292572,0,0,0
-0,0,0.293086,0,0,0
-0,0,0.2936,0,0,0
-0,0,0.294114,0,0,0
-0,0,0.294628,0,0,0
-0,0,0.295142,0,0,0
-0,0,0.295656,0,0,0
-0,0,0.296171,0,0,0
-0,0,0.296685,0,0,0
-0,0,0.297199,0,0,0
-0,0,0.297713,0,0,0
-0,0,0.298227,0,0,0
-0,0,0.298741,0,0,0
-0,0,0.299255,0,0,0
-0,0,0.29977,0,0,0
-0,0,0.300284,0,0,0
-0,0,0.300798,0,0,0
-0,0,0.301312,0,0,0
-0,0,0.301826,0,0,0
-0,0,0.30234,0,0,0
-0,0,0.302855,0,0,0
-0,0,0.303369,0,0,0
-0,0,0.303883,0,0,0
-0,0,0.304397,0,0,0
-0,0,0.304911,0,0,0
-0,0,0.305425,0,0,0
-0,0,0.305939,0,0,0
-0,0,0.306454,0,0,0
-0,0,0.306968,0,0,0
-0,0,0.307482,0,0,0
-0,0,0.307996,0,0,0
-0,0,0.30851,0,0,0
-0,0,0.309024,0,0,0
-0,0,0.309538,0,0,0
-0,0,0.310053,0,0,0
-0,0,0.310567,0,0,0
-0,0,0.311081,0,0,0
-0,0,0.311595,0,0,0
-0,0,0.312109,0,0,0
-0,0,0.312623,0,0,0
-0,0,0.313138,0,0,0
-0,0,0.313652,0,0,0
-0,0,0.314166,0,0,0
-0,0,0.31468,0,0,0
-0,0,0.315194,0,0,0
-0,0,0.315708,0,0,0
-0,0,0.316222,0,0,0
-0,0,0.316737,0,0,0
-0,0,0.317251,0,0,0
-0,0,0.317765,0,0,0
-0,0,0.318279,0,0,0
-0,0,0.318793,0,0,0
-0,0,0.319307,0,0,0
-0,0,0.319821,0,0,0
-0,0,0.320336,0,0,0
-0,0,0.32085,0,0,0
-0,0,0.321364,0,0,0
-0,0,0.321878,0,0,0
-0,0,0.322392,0,0,0
-0,0,0.322906,0,0,0
-0,0,0.323421,0,0,0
-0,0,0.323935,0,0,0
-0,0,0.324449,0,0,0
-0,0,0.324963,0,0,0
-0,0,0.325477,0,0,0
-0,0,0.325991,0,0,0
-0,0,0.326505,0,0,0
-0,0,0.32702,0,0,0
-0,0,0.327539,0,0,0
-0,0,0.328053,0,0,0
-0,0,0.328567,0,0,0
-0,0,0.329082,0,0,0
-0,0,0.329596,0,0,0
-0,0,0.33011,0,0,0
-0,0,0.330629,0,0,0
-0,0,0.331144,0,0,0
-0,0,0.331658,0,0,0
-0,0,0.332172,0,0,0
-0,0,0.332686,0,0,0
-0,0,0.3332,0,0,0
-0,0,0.333714,0,0,0
-0,0,0.334228,0,0,0
-0,0,0.334743,0,0,0
-0,0,0.335257,0,0,0
-0,0,0.335771,0,0,0
-0,0,0.336285,0,0,0
-0,0,0.336799,0,0,0
-0,0,0.337313,0,0,0
-0,0,0.337827,0,0,0
-0,0,0.338342,0,0,0
-0,0,0.338856,0,0,0
-0,0,0.33937,0,0,0
-0,0,0.339884,0,0,0
-0,0,0.340398,0,0,0
-0,0,0.340912,0,0,0
-0,0,0.341427,0,0,0
-0,0,0.341941,0,0,0
-0,0,0.342455,0,0,0
-0,0,0.342969,0,0,0
-0,0,0.343483,0,0,0
-0,0,0.343997,0,0,0
-0,0,0.344514,0,0,0
-0,0,0.345028,0,0,0
-0,0,0.345542,0,0,0
-0,0,0.346056,0,0,0
-0,0,0.34657,0,0,0
-0,0,0.347084,0,0,0
-0,0,0.347599,0,0,0
-0,0,0.348113,0,0,0
-0,0,0.348832,0,0,0
-0,0,0.349346,0,0,0
-0,0,0.349861,0,0,0
-0,0,0.350375,0,0,0
-0,0,0.350889,0,0,0
-0,0,0.351403,0,0,0
-0,0,0.351917,0,0,0
-0,0,0.352431,0,0,0
-0,0,0.352946,0,0,0
-0,0,0.35346,0,0,0
-0,0,0.353974,0,0,0
-0,0,0.354488,0,0,0
-0,0,0.355002,0,0,0
-0,0,0.355516,0,0,0
-0,0,0.35603,0,0,0
-0,0,0.356545,0,0,0
-0,0,0.357059,0,0,0
-0,0,0.357573,0,0,0
-0,0,0.358087,0,0,0
-0,0,0.358667,0,0,0
-0,0,0.359181,0,0,0
-0,0,0.359695,0,0,0
-0,0,0.360209,0,0,0
-0,0,0.360723,0,0,0
-0,0,0.361238,0,0,0
-0,0,0.361752,0,0,0
-0,0,0.362266,0,0,0
-0,0,0.36278,0,0,0
-0,0,0.363294,0,0,0
-0,0,0.363808,0,0,0
-0,0,0.364322,0,0,0
-0,0,0.364837,0,0,0
-0,0,0.365351,0,0,0
-0,0,0.365865,0,0,0
-0,0,0.366379,0,0,0
-0,0,0.366895,0,0,0
-0,0,0.36741,0,0,0
-0,0,0.367924,0,0,0
-0,0,0.368438,0,0,0
-0,0,0.368952,0,0,0
-0,0,0.369466,0,0,0
-0,0,0.36998,0,0,0
-0,0,0.370494,0,0,0
-0,0,0.371009,0,0,0
-0,0,0.371523,0,0,0
-0,0,0.372037,0,0,0
-0,0,0.372554,0,0,0
-0,0,0.373069,0,0,0
-0,0,0.373583,0,0,0
-0,0,0.374097,0,0,0
-0,0,0.374611,0,0,0
-0,0,0.375125,0,0,0
-0,0,0.375639,0,0,0
-0,0,0.376153,0,0,0
-0,0,0.376668,0,0,0
-0,0,0.377182,0,0,0
-0,0,0.377696,0,0,0
-0,0,0.37821,0,0,0
-0,0,0.378727,0,0,0
-0,0,0.379241,0,0,0
-0,0,0.379755,0,0,0
-0,0,0.380269,0,0,0
-0,0,0.380784,0,0,0
-0,0,0.381298,0,0,0
-0,0,0.381812,0,0,0
-0,0,0.382326,0,0,0
-0,0,0.38284,0,0,0
-0,0,0.383354,0,0,0
-0,0,0.383868,0,0,0
-0,0,0.384383,0,0,0
-0,0,0.384897,0,0,0
-0,0,0.385411,0,0,0
-0,0,0.385925,0,0,0
-0,0,0.386439,0,0,0
-0,0,0.386953,0,0,0
-0,0,0.387467,0,0,0
-0,0,0.387982,0,0,0
-0,0,0.388496,0,0,0
-0,0,0.38901,0,0,0
-0,0,0.389524,0,0,0
-0,0,0.390038,0,0,0
-0,0,0.390552,0,0,0
-0,0,0.391067,0,0,0
-0,0,0.391581,0,0,0
-0,0,0.392095,0,0,0
-0,0,0.392609,0,0,0
-0,0,0.393123,0,0,0
-0,0,0.39364,0,0,0
-0,0,0.394154,0,0,0
-0,0,0.394669,0,0,0
-0,0,0.395183,0,0,0
-0,0,0.395697,0,0,0
-0,0,0.396211,0,0,0
-0,0,0.396725,0,0,0
-0,0,0.397239,0,0,0
-0,0,0.397753,0,0,0
-0,0,0.398268,0,0,0
-0,0,0.398782,0,0,0
-0,0,0.399296,0,0,0
-0,0,0.39981,0,0,0
-0,0,0.400324,0,0,0
-0,0,0.400838,0,0,0
-0,0,0.401352,0,0,0
-0,0,0.401867,0,0,0
-0,0,0.402381,0,0,0
-0,0,0.402895,0,0,0
-0,0,0.403409,0,0,0
-0,0,0.403923,0,0,0
-0,0,0.404437,0,0,0
-0,0,0.404952,0,0,0
-0,0,0.405469,0,0,0
-0,0,0.405983,0,0,0
-0,0,0.406497,0,0,0
-0,0,0.407011,0,0,0
-0,0,0.407525,0,0,0
-0,0,0.408039,0,0,0
-0,0,0.408553,0,0,0
-0,0,0.409068,0,0,0
-0,0,0.409582,0,0,0
-0,0,0.410096,0,0,0
-0,0,0.41061,0,0,0
-0,0,0.411124,0,0,0
-0,0,0.411638,0,0,0
-0,0,0.412152,0,0,0
-0,0,0.412667,0,0,0
-0,0,0.413181,0,0,0
-0,0,0.413695,0,0,0
-0,0,0.414209,0,0,0
-0,0,0.414723,0,0,0
-0,0,0.415237,0,0,0
-0,0,0.415752,0,0,0
-0,0,0.416266,0,0,0
-0,0,0.41678,0,0,0
-0,0,0.417294,0,0,0
-0,0,0.417808,0,0,0
-0,0,0.418322,0,0,0
-0,0,0.418836,0,0,0
-0,0,0.419351,0,0,0
-0,0,0.419865,0,0,0
-0,0,0.420385,0,0,0
-0,0,0.420899,0,0,0
-0,0,0.421413,0,0,0
-0,0,0.421928,0,0,0
-0,0,0.422442,0,0,0
-0,0,0.422956,0,0,0
-0,0,0.42347,0,0,0
-0,0,0.423984,0,0,0
-0,0,0.424498,0,0,0
-0,0,0.425012,0,0,0
-0,0,0.425527,0,0,0
-0,0,0.426041,0,0,0
-0,0,0.426555,0,0,0
-0,0,0.427069,0,0,0
-0,0,0.427583,0,0,0
-0,0,0.428097,0,0,0
-0.000981106,0,0.42861,0,0,0
-0.00466296,0,0.4291,0,0,0
-0.00835771,0,0.429558,0,0,0
-0.0120941,0,0.429988,0,0,0
-0.0158139,0,0.430382,0,0,0
-0.0195459,0,0.430743,0,0,0
-0.0232897,0,0.431072,0,0,0
-0.027045,0,0.431368,0,0,0
-0.0308116,0,0.43163,0,0,0
-0.0345893,0,0.43186,0,0,0
-0.0383776,0,0.432056,0,0,0
-0.0421765,0,0.432218,0,0,0
-0.0459854,0,0.432347,0,0,0
-0.0498042,0,0.432441,0,0,0
-0.0536326,0,0.432501,0,0,0
-0.0574703,0,0.432526,0,0,0
-0.0613169,0,0.432517,0,0,0
-0.0651722,0,0.432473,0,0,0
-0.0690358,0,0.432394,0,0,0
-0.0729075,0,0.432279,0,0,0
-0.0767869,0,0.432129,0,0,0
-0.0806737,0,0.431944,0,0,0
-0.0845676,0,0.431722,0,0,0
-0.0884683,0,0.431464,0,0,0
-0.0923755,0,0.431171,0,0,0
-0.0962887,0,0.430841,0,0,0
-0.100208,0,0.430474,0,0,0
-0.104132,0,0.43007,0,0,0
-0.108062,0,0.42963,0,0,0
-0.111996,0,0.429153,0,0,0
-0.115935,0,0.428638,0,0,0
-0.119878,0,0.428086,0,0,0
-0.123824,0,0.427497,0,0,0
-0.127774,0,0.426869,0,0,0
-0.131727,0,0.426204,0,0,0
-0.135683,0,0.425501,0,0,0
-0.139641,0,0.42476,0,0,0
-0.143601,0,0.423981,0,0,0
-0.147562,0,0.423163,0,0,0
-0.151525,0,0.422306,0,0,0
-0.155489,0,0.421411,0,0,0
-0.159453,0,0.420477,0,0,0
-0.163417,0,0.419504,0,0,0
-0.16738,0,0.418492,0,0,0
-0.171343,0,0.417441,0,0,0
-0.175305,0,0.416351,0,0,0
-0.179266,0,0.415221,0,0,0
-0.183224,0,0.414052,0,0,0
-0.187181,0,0.412843,0,0,0
-0.191134,0,0.411595,0,0,0
-0.195085,0,0.410306,0,0,0
-0.199032,0,0.408978,0,0,0
-0.202976,0,0.40761,0,0,0
-0.206915,0,0.406201,0,0,0
-0.210849,0,0.404753,0,0,0
-0.214778,0,0.403264,0,0,0
-0.218702,0,0.401735,0,0,0
-0.22262,0,0.400166,0,0,0
-0.226532,0,0.398556,0,0,0
-0.230437,0,0.396906,0,0,0
-0.234334,0,0.395215,0,0,0
-0.238225,0,0.393484,0,0,0
-0.242107,0,0.391712,0,0,0
-0.24598,0,0.389899,0,0,0
-0.249845,0,0.388045,0,0,0
-0.2537,0,0.386151,0,0,0
-0.257546,0,0.384216,0,0,0
-0.261382,0,0.38224,0,0,0
-0.265206,0,0.380223,0,0,0
-0.269054,0,0.378147,0,0,0
-0.272899,0,0.376025,0,0,0
-0.276689,0,0.373884,0,0,0
-0.280467,0,0.371703,0,0,0
-0.284231,0,0.369481,0,0,0
-0.288003,0,0.367206,0,0,0
-0.291741,0,0.364902,0,0,0
-0.295464,0,0.362557,0,0,0
-0.299173,0,0.360172,0,0,0
-0.302867,0,0.357745,0,0,0
-0.306545,0,0.355278,0,0,0
-0.310207,0,0.35277,0,0,0
-0.313852,0,0.350221,0,0,0
-0.317481,0,0.347632,0,0,0
-0.321092,0,0.345002,0,0,0
-0.32472,0,0.342306,0,0,0
-0.328295,0,0.339594,0,0,0
-0.33185,0,0.336842,0,0,0
-0.335875,0,0.33366,0,0,0
-0.339389,0,0.330822,0,0,0
-0.342883,0,0.327944,0,0,0
-0.346356,0,0.325026,0,0,0
-0.349808,0,0.322067,0,0,0
-0.353238,0,0.319069,0,0,0
-0.356646,0,0.316031,0,0,0
-0.360032,0,0.312953,0,0,0
-0.363394,0,0.309835,0,0,0
-0.366732,0,0.306679,0,0,0
-0.370047,0,0.303482,0,0,0
-0.373337,0,0.300247,0,0,0
-0.376602,0,0.296972,0,0,0
-0.379841,0,0.293659,0,0,0
-0.383055,0,0.290307,0,0,0
-0.386242,0,0.286916,0,0,0
-0.389402,0,0.283486,0,0,0
-0.392535,0,0.280018,0,0,0
-0.39564,0,0.276513,0,0,0
-0.398716,0,0.272969,0,0,0
-0.401764,0,0.269387,0,0,0
-0.404783,0,0.265768,0,0,0
-0.407771,0,0.262111,0,0,0
-0.41073,0,0.258417,0,0,0
-0.413658,0,0.254686,0,0,0
-0.416554,0,0.250919,0,0,0
-0.419419,0,0.247114,0,0,0
-0.422252,0,0.243274,0,0,0
-0.425052,0,0.239397,0,0,0
-0.427819,0,0.235484,0,0,0
-0.430553,0,0.231536,0,0,0
-0.433252,0,0.227552,0,0,0
-0.435917,0,0.223533,0,0,0
-0.438547,0,0.219479,0,0,0
-0.441142,0,0.215391,0,0,0
-0.443701,0,0.211268,0,0,0
-0.446223,0,0.207111,0,0,0
-0.448709,0,0.20292,0,0,0
-0.451157,0,0.198696,0,0,0
-0.453568,0,0.194439,0,0,0
-0.45594,0,0.190148,0,0,0
-0.458274,0,0.185825,0,0,0
-0.460569,0,0.18147,0,0,0
-0.462824,0,0.177082,0,0,0
-0.465039,0,0.172663,0,0,0
-0.467214,0,0.168213,0,0,0
-0.469348,0,0.163732,0,0,0
-0.47144,0,0.15922,0,0,0
-0.473515,0,0.154623,0,0,0
-0.475523,0,0.15005,0,0,0
-0.477488,0,0.145448,0,0,0
-0.47941,0,0.140817,0,0,0
-0.481289,0,0.136156,0,0,0
-0.483124,0,0.131467,0,0,0
-0.484914,0,0.126751,0,0,0
-0.48666,0,0.122006,0,0,0
-0.48836,0,0.117234,0,0,0
-0.490015,0,0.112435,0,0,0
-0.491623,0,0.10761,0,0,0
-0.493185,0,0.102759,0,0,0
-0.4947,0,0.0978817,0,0,0
-0.496168,0,0.0929795,0,0,0
-0.497588,0,0.0880525,0,0,0
-0.498961,0,0.0831011,0,0,0
-0.500284,0,0.0781259,0,0,0
-0.501559,0,0.0731273,0,0,0
-0.502795,0,0.0680583,0,0,0
-0.503971,0,0.0630139,0,0,0
-0.505096,0,0.0579475,0,0,0
-0.506171,0,0.0528594,0,0,0
-0.507194,0,0.0477504,0,0,0
-0.508167,0,0.0426206,0,0,0
-0.509088,0,0.0374708,0,0,0
-0.509958,0,0.0323014,0,0,0
-0.510775,0,0.0271129,0,0,0
-0.511539,0,0.0219058,0,0,0
-0.512251,0,0.0166806,0,0,0
-0.512909,0,0.0114378,0,0,0
-0.513513,0,0.00617804,0,0,0
-0.514064,0,0.000901767,0,0,0
-0.0733047,0,0.245955,0,0,0
-0.0744155,0,0.245084,0,0,0
-0.0755169,0,0.244208,0,0,0
-0.0766087,0,0.243329,0,0,0
-0.077691,0,0.242446,0,0,0
-0.0787639,0,0.241559,0,0,0
-0.0798272,0,0.240668,0,0,0
-0.0808811,0,0.239773,0,0,0
-0.0819255,0,0.238875,0,0,0
-0.0829605,0,0.237973,0,0,0
-0.083986,0,0.237067,0,0,0
-0.085002,0,0.236159,0,0,0
-0.0860087,0,0.235247,0,0,0
-0.0870059,0,0.234331,0,0,0
-0.0879937,0,0.233413,0,0,0
-0.0889721,0,0.232491,0,0,0
-0.0899412,0,0.231566,0,0,0
-0.0909009,0,0.230639,0,0,0
-0.0918512,0,0.229708,0,0,0
-0.0927922,0,0.228775,0,0,0
-0.0937239,0,0.227839,0,0,0
-0.0946463,0,0.226901,0,0,0
-0.0955593,0,0.225959,0,0,0
-0.0964632,0,0.225016,0,0,0
-0.0973577,0,0.22407,0,0,0
-0.0982431,0,0.223121,0,0,0
-0.0991192,0,0.222171,0,0,0
-0.0999861,0,0.221218,0,0,0
-0.100844,0,0.220263,0,0,0
-0.101692,0,0.219306,0,0,0
-0.102532,0,0.218346,0,0,0
-0.103362,0,0.217385,0,0,0
-0.104183,0,0.216423,0,0,0
-0.104995,0,0.215458,0,0,0
-0.105798,0,0.214492,0,0,0
-0.106592,0,0.213524,0,0,0
-0.107378,0,0.212554,0,0,0
-0.108154,0,0.211583,0,0,0
-0.108921,0,0.21061,0,0,0
-0.109679,0,0.209636,0,0,0
-0.110428,0,0.208661,0,0,0
-0.111168,0,0.207685,0,0,0
-0.1119,0,0.206707,0,0,0
-0.112622,0,0.205728,0,0,0
-0.113336,0,0.204748,0,0,0
-0.114041,0,0.203768,0,0,0
-0.114737,0,0.202786,0,0,0
-0.115425,0,0.201803,0,0,0
-0.116103,0,0.20082,0,0,0
-0.116773,0,0.199836,0,0,0
-0.117435,0,0.198851,0,0,0
-0.118087,0,0.197866,0,0,0
-0.118731,0,0.19688,0,0,0
-0.119367,0,0.195893,0,0,0
-0.119994,0,0.194906,0,0,0
-0.120612,0,0.193919,0,0,0
-0.121222,0,0.192931,0,0,0
-0.121823,0,0.191943,0,0,0
-0.122416,0,0.190955,0,0,0
-0.123001,0,0.189967,0,0,0
-0.123577,0,0.188979,0,0,0
-0.124145,0,0.18799,0,0,0
-0.124705,0,0.187002,0,0,0
-0.125256,0,0.186014,0,0,0
-0.125799,0,0.185025,0,0,0
-0.126334,0,0.184037,0,0,0
-0.12686,0,0.18305,0,0,0
-0.127379,0,0.182062,0,0,0
-0.127889,0,0.181075,0,0,0
-0.128391,0,0.180088,0,0,0
-0.128885,0,0.179102,0,0,0
-0.129371,0,0.178116,0,0,0
-0.129849,0,0.177131,0,0,0
-0.130319,0,0.176146,0,0,0
-0.130782,0,0.175162,0,0,0
-0.131236,0,0.174178,0,0,0
-0.131682,0,0.173196,0,0,0
-0.132121,0,0.172214,0,0,0
-0.132551,0,0.171233,0,0,0
-0.132974,0,0.170253,0,0,0
-0.13339,0,0.169273,0,0,0
-0.133797,0,0.168295,0,0,0
-0.134197,0,0.167318,0,0,0
-0.134589,0,0.166342,0,0,0
-0.134974,0,0.165367,0,0,0
-0.135351,0,0.164393,0,0,0
-0.135721,0,0.16342,0,0,0
-0.136083,0,0.162448,0,0,0
-0.136437,0,0.161478,0,0,0
-0.136785,0,0.160509,0,0,0
-0.137124,0,0.159542,0,0,0
-0.137457,0,0.158575,0,0,0
-0.137782,0,0.157611,0,0,0
-0.1381,0,0.156647,0,0,0
-0.13841,0,0.155686,0,0,0
-0.138714,0,0.154726,0,0,0
-0.13901,0,0.153767,0,0,0
-0.139299,0,0.15281,0,0,0
-0.139582,0,0.151852,0,0,0
-0.139857,0,0.150898,0,0,0
-0.140125,0,0.149947,0,0,0
-0.140386,0,0.148997,0,0,0
-0.14064,0,0.148049,0,0,0
-0.140888,0,0.147101,0,0,0
-0.141128,0,0.146157,0,0,0
-0.141361,0,0.145214,0,0,0
-0.141588,0,0.144274,0,0,0
-0.141807,0,0.143336,0,0,0
-0.14202,0,0.142399,0,0,0
-0.142227,0,0.141465,0,0,0
-0.142426,0,0.140533,0,0,0
-0.14262,0,0.139603,0,0,0
-0.142806,0,0.138675,0,0,0
-0.142986,0,0.137749,0,0,0
-0.14316,0,0.136826,0,0,0
-0.143327,0,0.135905,0,0,0
-0.143487,0,0.134986,0,0,0
-0.143641,0,0.13407,0,0,0
-0.143789,0,0.133156,0,0,0
-0.143931,0,0.132244,0,0,0
-0.144066,0,0.131334,0,0,0
-0.144195,0,0.130428,0,0,0
-0.144318,0,0.129523,0,0,0
-0.144434,0,0.128621,0,0,0
-0.144545,0,0.127716,0,0,0
-0.14465,0,0.12682,0,0,0
-0.144748,0,0.125926,0,0,0
-0.14484,0,0.125034,0,0,0
-0.144927,0,0.124145,0,0,0
-0.145007,0,0.123259,0,0,0
-0.145081,0,0.122375,0,0,0
-0.14515,0,0.121494,0,0,0
-0.145213,0,0.120616,0,0,0
-0.14527,0,0.119741,0,0,0
-0.145321,0,0.118868,0,0,0
-0.145367,0,0.117998,0,0,0
-0.145406,0,0.117131,0,0,0
-0.145441,0,0.116267,0,0,0
-0.145469,0,0.115406,0,0,0
-0.145492,0,0.114548,0,0,0
-0.14551,0,0.113692,0,0,0
-0.145522,0,0.11284,0,0,0
-0.145528,0,0.11199,0,0,0
-0.145529,0,0.111144,0,0,0
-0.145525,0,0.1103,0,0,0
-0.145516,0,0.10946,0,0,0
-0.145501,0,0.108622,0,0,0
-0.14548,0,0.107788,0,0,0
-0.145455,0,0.106956,0,0,0
-0.145424,0,0.106128,0,0,0
-0.145389,0,0.105303,0,0,0
-0.145348,0,0.104481,0,0,0
-0.145302,0,0.103662,0,0,0
-0.145251,0,0.102846,0,0,0
-0.145195,0,0.102034,0,0,0
-0.145134,0,0.101224,0,0,0
-0.145068,0,0.100418,0,0,0
-0.144997,0,0.0996153,0,0,0
-0.144921,0,0.0988156,0,0,0
-0.144841,0,0.0980192,0,0,0
-0.144755,0,0.097226,0,0,0
-0.144665,0,0.0964362,0,0,0
-0.14457,0,0.0956496,0,0,0
-0.144471,0,0.0948651,0,0,0
-0.144367,0,0.0940852,0,0,0
-0.144258,0,0.0933086,0,0,0
-0.144144,0,0.0925353,0,0,0
-0.144026,0,0.0917654,0,0,0
-0.143904,0,0.0909989,0,0,0
-0.143777,0,0.0902358,0,0,0
-0.143646,0,0.0894761,0,0,0
-0.14351,0,0.0887197,0,0,0
-0.14337,0,0.0879668,0,0,0
-0.143225,0,0.0872174,0,0,0
-0.143077,0,0.0864713,0,0,0
-0.142924,0,0.0857287,0,0,0
-0.142766,0,0.0849896,0,0,0
-0.142605,0,0.0842539,0,0,0
-0.142439,0,0.0835217,0,0,0
-0.142269,0,0.082793,0,0,0
-0.142096,0,0.0820677,0,0,0
-0.141918,0,0.081346,0,0,0
-0.141736,0,0.0806278,0,0,0
-0.14155,0,0.0799131,0,0,0
-0.14136,0,0.0792019,0,0,0
-0.141166,0,0.0784943,0,0,0
-0.140968,0,0.0777901,0,0,0
-0.140767,0,0.0770896,0,0,0
-0.140561,0,0.0763925,0,0,0
-0.140352,0,0.0756991,0,0,0
-0.140139,0,0.0750091,0,0,0
-0.139922,0,0.0743228,0,0,0
-0.139702,0,0.07364,0,0,0
-0.139478,0,0.0729608,0,0,0
-0.13925,0,0.0722852,0,0,0
-0.139019,0,0.0716131,0,0,0
-0.138784,0,0.0709447,0,0,0
-0.138546,0,0.0702798,0,0,0
-0.138304,0,0.0696186,0,0,0
-0.138058,0,0.0689609,0,0,0
-0.13781,0,0.0683068,0,0,0
-0.137557,0,0.0676564,0,0,0
-0.137302,0,0.0670095,0,0,0
-0.137043,0,0.0663663,0,0,0
-0.13678,0,0.0657267,0,0,0
-0.136515,0,0.0650906,0,0,0
-0.136246,0,0.0644582,0,0,0
-0.135973,0,0.0638266,0,0,0
-0.135697,0,0.0632014,0,0,0
-0.135419,0,0.0625799,0,0,0
-0.135137,0,0.061962,0,0,0
-0.134853,0,0.0613477,0,0,0
-0.134565,0,0.060737,0,0,0
-0.134274,0,0.06013,0,0,0
-0.13398,0,0.0595266,0,0,0
-0.133684,0,0.0589268,0,0,0
-0.133384,0,0.0583306,0,0,0
-0.133081,0,0.057738,0,0,0
-0.132775,0,0.0571491,0,0,0
-0.132467,0,0.0565638,0,0,0
-0.132156,0,0.0559821,0,0,0
-0.131842,0,0.055404,0,0,0
-0.131525,0,0.0548295,0,0,0
-0.131205,0,0.0542586,0,0,0
-0.130883,0,0.0536914,0,0,0
-0.130557,0,0.0531277,0,0,0
-0.13023,0,0.0525677,0,0,0
-0.129899,0,0.0520113,0,0,0
-0.129566,0,0.0514584,0,0,0
-0.12923,0,0.0509092,0,0,0
-0.128892,0,0.0503635,0,0,0
-0.128551,0,0.0498215,0,0,0
-0.128208,0,0.049283,0,0,0
-0.12786,0,0.048744,0,0,0
-0.127511,0,0.0482128,0,0,0
-0.127161,0,0.0476851,0,0,0
-0.126808,0,0.0471609,0,0,0
-0.126452,0,0.0466404,0,0,0
-0.126094,0,0.0461233,0,0,0
-0.125734,0,0.0456099,0,0,0
-0.125372,0,0.0451,0,0,0
-0.125007,0,0.0445937,0,0,0
-0.12464,0,0.0440909,0,0,0
-0.124271,0,0.0435916,0,0,0
-0.123899,0,0.0430958,0,0,0
-0.123526,0,0.0426036,0,0,0
-0.12315,0,0.0421149,0,0,0
-0.122772,0,0.0416298,0,0,0
-0.122392,0,0.0411481,0,0,0
-0.12201,0,0.0406699,0,0,0
-0.121626,0,0.0401953,0,0,0
-0.121239,0,0.0397241,0,0,0
-0.120851,0,0.0392564,0,0,0
-0.120461,0,0.0387921,0,0,0
-0.120069,0,0.0383314,0,0,0
-0.119675,0,0.0378741,0,0,0
-0.119279,0,0.0374202,0,0,0
-0.118881,0,0.0369698,0,0,0
-0.118481,0,0.0365228,0,0,0
-0.118079,0,0.0360793,0,0,0
-0.117675,0,0.0356392,0,0,0
-0.11727,0,0.0352025,0,0,0
-0.116863,0,0.0347692,0,0,0
-0.116451,0,0.0343361,0,0,0
-0.11604,0,0.0339096,0,0,0
-0.115628,0,0.0334865,0,0,0
-0.115214,0,0.0330668,0,0,0
-0.114798,0,0.0326504,0,0,0
-0.114381,0,0.0322374,0,0,0
-0.113962,0,0.0318278,0,0,0
-0.113541,0,0.0314215,0,0,0
-0.113119,0,0.0310185,0,0,0
-0.112695,0,0.0306188,0,0,0
-0.112269,0,0.0302224,0,0,0
-0.111842,0,0.0298294,0,0,0
-0.111414,0,0.0294396,0,0,0
-0.110984,0,0.0290531,0,0,0
-0.110552,0,0.0286699,0,0,0
-0.11012,0,0.0282899,0,0,0
-0.109685,0,0.0279132,0,0,0
-0.109249,0,0.0275398,0,0,0
-0.108812,0,0.0271695,0,0,0
-0.108374,0,0.0268025,0,0,0
-0.107934,0,0.0264387,0,0,0
-0.107492,0,0.0260781,0,0,0
-0.10705,0,0.0257207,0,0,0
-0.106606,0,0.0253664,0,0,0
-0.106161,0,0.0250153,0,0,0
-0.105714,0,0.0246674,0,0,0
-0.105266,0,0.0243226,0,0,0
-0.104817,0,0.023981,0,0,0
-0.104367,0,0.0236425,0,0,0
-0.103916,0,0.0233071,0,0,0
-0.103463,0,0.0229748,0,0,0
-0.103009,0,0.0226455,0,0,0
-0.102554,0,0.0223194,0,0,0
-0.102098,0,0.0219963,0,0,0
-0.101641,0,0.0216763,0,0,0
-0.101183,0,0.0213593,0,0,0
-0.100723,0,0.0210454,0,0,0
-0.100263,0,0.0207344,0,0,0
-0.099801,0,0.0204265,0,0,0
-0.0993384,0,0.0201216,0,0,0
-0.098871,0,0.0198172,0,0,0
-0.0984063,0,0.0195182,0,0,0
-0.0979407,0,0.0192222,0,0,0
-0.097474,0,0.0189291,0,0,0
-0.0970064,0,0.018639,0,0,0
-0.0965379,0,0.0183518,0,0,0
-0.0960684,0,0.0180675,0,0,0
-0.0955979,0,0.0177861,0,0,0
-0.0951266,0,0.0175076,0,0,0
-0.0946543,0,0.0172319,0,0,0
-0.0941812,0,0.0169591,0,0,0
-0.0937072,0,0.0166892,0,0,0
-0.0932324,0,0.0164221,0,0,0
-0.0927567,0,0.0161578,0,0,0
-0.0922802,0,0.0158963,0,0,0
-0.0918029,0,0.0156376,0,0,0
-0.091262,0,0.0153482,0,0,0
-0.090783,0,0.0150954,0,0,0
-0.0903032,0,0.0148454,0,0,0
-0.0898226,0,0.0145981,0,0,0
-0.0893413,0,0.0143535,0,0,0
-0.0888593,0,0.0141116,0,0,0
-0.0883766,0,0.0138724,0,0,0
-0.0878931,0,0.0136359,0,0,0
-0.0874089,0,0.013402,0,0,0
-0.0869241,0,0.0131708,0,0,0
-0.0864386,0,0.0129423,0,0,0
-0.0859524,0,0.0127164,0,0,0
-0.0854655,0,0.0124931,0,0,0
-0.0849781,0,0.0122724,0,0,0
-0.0844899,0,0.0120542,0,0,0
-0.0840012,0,0.0118387,0,0,0
-0.0835119,0,0.0116257,0,0,0
-0.083022,0,0.0114152,0,0,0
-0.0825314,0,0.0112073,0,0,0
-0.0820403,0,0.0110019,0,0,0
-0.0815487,0,0.010799,0,0,0
-0.0810565,0,0.0105986,0,0,0
-0.0805637,0,0.0104006,0,0,0
-0.0800704,0,0.0102051,0,0,0
-0.0795766,0,0.0100121,0,0,0
-0.0790823,0,0.00982147,0,0,0
-0.0785875,0,0.00963327,0,0,0
-0.0780922,0,0.00944746,0,0,0
-0.0775964,0,0.00926405,0,0,0
-0.0771001,0,0.009083,0,0,0
-0.0766033,0,0.00890431,0,0,0
-0.0761061,0,0.00872796,0,0,0
-0.0756085,0,0.00855394,0,0,0
-0.0751104,0,0.00838223,0,0,0
-0.0746119,0,0.00821283,0,0,0
-0.0741129,0,0.0080457,0,0,0
-0.0736136,0,0.00788084,0,0,0
-0.0731138,0,0.00771824,0,0,0
-0.0726136,0,0.00755787,0,0,0
-0.0721131,0,0.00739973,0,0,0
-0.0716122,0,0.00724379,0,0,0
-0.0711109,0,0.00709006,0,0,0
-0.0706092,0,0.0069385,0,0,0
-0.0701072,0,0.0067891,0,0,0
-0.0696048,0,0.00664184,0,0,0
-0.0691021,0,0.00649673,0,0,0
-0.068599,0,0.00635374,0,0,0
-0.0680957,0,0.00621285,0,0,0
-0.067592,0,0.00607405,0,0,0
-0.067088,0,0.00593732,0,0,0
-0.0665836,0,0.00580264,0,0,0
-0.066079,0,0.00567002,0,0,0
-0.0655741,0,0.00553943,0,0,0
-0.065069,0,0.00541085,0,0,0
-0.0645635,0,0.00528427,0,0,0
-0.0640578,0,0.00515967,0,0,0
-0.0635518,0,0.00503703,0,0,0
-0.0630456,0,0.00491635,0,0,0
-0.0625391,0,0.00479761,0,0,0
-0.0620323,0,0.00468079,0,0,0
-0.0615253,0,0.00456588,0,0,0
-0.0610181,0,0.00445285,0,0,0
-0.0605106,0,0.0043417,0,0,0
-0.060003,0,0.00423242,0,0,0
-0.0594948,0,0.00412491,0,0,0
-0.0589867,0,0.0040193,0,0,0
-0.0584784,0,0.0039155,0,0,0
-0.0579698,0,0.0038135,0,0,0
-0.0574611,0,0.00371328,0,0,0
-0.0569522,0,0.00361483,0,0,0
-0.0564432,0,0.00351814,0,0,0
-0.0559339,0,0.00342318,0,0,0
-0.0554245,0,0.00332994,0,0,0
-0.0549148,0,0.00323841,0,0,0
-0.0544051,0,0.00314856,0,0,0
-0.0538951,0,0.0030604,0,0,0
-0.0533832,0,0.00297358,0,0,0
-0.0528729,0,0.00288872,0,0,0
-0.0523625,0,0.00280549,0,0,0
-0.051852,0,0.00272387,0,0,0
-0.0513413,0,0.00264384,0,0,0
-0.0508305,0,0.0025654,0,0,0
-0.0503195,0,0.00248853,0,0,0
-0.0498085,0,0.0024132,0,0,0
-0.0492973,0,0.00233941,0,0,0
-0.0487859,0,0.00226713,0,0,0
-0.0482745,0,0.00219636,0,0,0
-0.047763,0,0.00212708,0,0,0
-0.0472513,0,0.00205927,0,0,0
-0.0467395,0,0.00199291,0,0,0
-0.0462277,0,0.00192799,0,0,0
-0.0457157,0,0.0018645,0,0,0
-0.0452036,0,0.00180242,0,0,0
-0.0446915,0,0.00174173,0,0,0
-0.0441792,0,0.00168241,0,0,0
-0.0436669,0,0.00162446,0,0,0
-0.0431545,0,0.00156785,0,0,0
-0.042642,0,0.00151258,0,0,0
-0.0421294,0,0.00145862,0,0,0
-0.0416168,0,0.00140595,0,0,0
-0.041104,0,0.00135458,0,0,0
-0.0405912,0,0.00130446,0,0,0
-0.0400784,0,0.0012556,0,0,0
-0.0395655,0,0.00120798,0,0,0
-0.0390525,0,0.00116157,0,0,0
-0.0385394,0,0.00111637,0,0,0
-0.0380263,0,0.00107235,0,0,0
-0.0375132,0,0.00102951,0,0,0
-0.037,0,0.000987827,0,0,0
-0.0364867,0,0.000947283,0,0,0
-0.0359734,0,0.000907865,0,0,0
-0.03546,0,0.000869555,0,0,0
-0.0349466,0,0.000832339,0,0,0
-0.0344329,0,0.000796179,0,0,0
-0.0339194,0,0.000761104,0,0,0
-0.0334059,0,0.000727074,0,0,0
-0.0328923,0,0.000694074,0,0,0
-0.0323787,0,0.000662089,0,0,0
-0.0318651,0,0.000631102,0,0,0
-0.0313514,0,0.000601098,0,0,0
-0.0308377,0,0.000572061,0,0,0
-0.030324,0,0.000543976,0,0,0
-0.0298103,0,0.000516825,0,0,0
-0.0292965,0,0.000490594,0,0,0
-0.0287827,0,0.000465266,0,0,0
-0.0282688,0,0.000440826,0,0,0
-0.027755,0,0.000417258,0,0,0
-0.0272411,0,0.000394547,0,0,0
-0.0267272,0,0.000372675,0,0,0
-0.0262133,0,0.000351628,0,0,0
-0.0256994,0,0.000331389,0,0,0
-0.0251855,0,0.000311943,0,0,0
-0.0246715,0,0.000293274,0,0,0
-0.0241575,0,0.000275366,0,0,0
-0.0236435,0,0.000258204,0,0,0
-0.0231295,0,0.00024177,0,0,0
-0.0226155,0,0.00022605,0,0,0
-0.0221015,0,0.000211028,0,0,0
-0.0215874,0,0.000196687,0,0,0
-0.0210734,0,0.000183012,0,0,0
-0.0205593,0,0.000169988,0,0,0
-0.0200453,0,0.000157597,0,0,0
-0.0195312,0,0.000145825,0,0,0
-0.0190171,0,0.000134655,0,0,0
-0.018503,0,0.000124072,0,0,0
-0.0179889,0,0.00011406,0,0,0
-0.0174748,0,0.000104603,0,0,0
-0.0169607,0,9.56846e-05,0,0,0
-0.0164466,0,8.72896e-05,0,0,0
-0.0159325,0,7.9402e-05,0,0,0
-0.0154184,0,7.20058e-05,0,0,0
-0.0149042,0,6.50853e-05,0,0,0
-0.0143901,0,5.86246e-05,0,0,0
-0.013876,0,5.26077e-05,0,0,0
-0.0133619,0,4.7019e-05,0,0,0
-0.0128477,0,4.18424e-05,0,0,0
-0.0123336,0,3.70621e-05,0,0,0
-0.0118194,0,3.26624e-05,0,0,0
-0.0113053,0,2.86272e-05,0,0,0
-0.0107912,0,2.49408e-05,0,0,0
-0.010277,0,2.15873e-05,0,0,0
-0.00976282,0,1.85506e-05,0,0,0
-0.00924867,0,1.58153e-05,0,0,0
-0.00873452,0,1.33654e-05,0,0,0
-0.00822038,0,1.11849e-05,0,0,0
-0.00770623,0,9.25796e-06,0,0,0
-0.00719208,0,7.56878e-06,0,0,0
-0.00667793,0,6.10147e-06,0,0,0
-0.00616378,0,4.84017e-06,0,0,0
-0.00564963,0,3.76902e-06,0,0,0
-0.00513548,0,2.87214e-06,0,0,0
-0.00462133,0,2.1337e-06,0,0,0
-0.00410718,0,1.53782e-06,0,0,0
-0.00359303,0,1.06864e-06,0,0,0
-0.00307888,0,7.10298e-07,0,0,0
-0.00256473,0,4.46939e-07,0,0,0
-0.00205058,0,2.62701e-07,0,0,0
-0.00153643,0,1.41721e-07,0,0,0
-0.00102228,0,6.81382e-08,0,0,0
-0.000508134,0,2.6092e-08,0,0,0
6.01555e-06,0,-2.78686e-10,0,0,0
