0.055,0,-1.15251e-13
0.055,0,-2.67219e-07
0.055,0,-7.36183e-07
0.055,0,-1.40092e-06
0.055,0,-2.46012e-06
0.055,0,-3.61774e-06
0.055,0,-4.94558e-06
0.055,0,-6.81534e-06
0.055,0,-8.73597e-06
0.055,0,-1.07126e-05
0.055,0,-1.34426e-05
0.055,0,-1.56184e-05
0.055,0,-1.77528e-05
0.055,0,-2.00513e-05
0.055,0,-2.24585e-05
0.055,0,-2.50112e-05
0.055,0,-2.77156e-05
0.055,0,-4.19312e-05
0.055,0,-5.24668e-05
0.055,0,-5.79887e-05
0.055,0,-6.30145e-05
0.055,0,-6.91831e-05
0.0549999,0,-7.52436e-05
0.0549999,0,-8.08394e-05
0.0549999,0,-8.76661e-05
0.0549999,0,-9.44647e-05
0.0549999,0,-0.000100628
0.0549999,0,-0.000108771
0.0549999,0,-0.000115526
0.0549999,0,-0.000122419
0.0549998,0,-0.000129511
0.0549998,0,-0.000137971
0.0549998,0,-0.000145608
0.0549998,0,-0.000154361
0.0549998,0,-0.000163987
0.0549997,0,-0.000172662
0.0549997,0,-0.000181487
0.0549997,0,-0.000191891
0.0549996,0,-0.00020125
0.0549996,0,-0.000210075
0.0549996,0,-0.000221502
0.0549995,0,-0.000231077
0.0549995,0,-0.000240859
0.0549994,0,-0.000253607
0.0549994,0,-0.000264056
0.0549993,0,-0.000274287
0.0549993,0,-0.00028515
0.0549992,0,-0.000296816
0.0549991,0,-0.000307357
0.0549991,0,-0.000317145
0.054999,0,-0.000326757
0.054999,0,-0.000336695
0.0549989,0,-0.000346979
0.0549988,0,-0.000357161
0.0549988,0,-0.000367436
0.0549987,0,-0.000378453
0.0549986,0,-0.00039485
0.0549985,0,-0.000406451
0.0549984,0,-0.000417845
0.0549983,0,-0.000429576
0.0549982,0,-0.000441647
0.0549981,0,-0.000454756
0.054998,0,-0.000466709
0.0549979,0,-0.00048014
0.0549978,0,-0.00049214
0.0549977,0,-0.000503796
0.0549976,0,-0.000515586
0.0549975,0,-0.000527514
0.0549974,0,-0.000539625
0.0549972,0,-0.000551826
0.0549971,0,-0.000564163
0.054997,0,-0.000576636
0.0549968,0,-0.000589246
0.0549967,0,-0.000601992
0.0549966,0,-0.000614874
0.0549964,0,-0.000627893
0.0549963,0,-0.00064105
0.0549961,0,-0.000654341
0.0549959,0,-0.000667768
0.0549958,0,-0.000681332
0.0549956,0,-0.000695034
0.0549954,0,-0.000708874
0.0549952,0,-0.000722849
0.0549951,0,-0.000737063
0.0549949,0,-0.000751309
0.0549947,0,-0.000765692
0.0549945,0,-0.000780211
0.0549943,0,-0.000794867
0.054994,0,-0.000809659
0.0549938,0,-0.000824589
0.0549936,0,-0.000839655
0.0549934,0,-0.000854857
0.0549931,0,-0.000870196
0.0549929,0,-0.000885669
0.0549926,0,-0.000901279
0.0549924,0,-0.000917025
0.0549921,0,-0.000932908
0.0549918,0,-0.000948926
0.0549915,0,-0.000965083
0.0549912,0,-0.000981376
0.0549909,0,-0.000997803
0.0549906,0,-0.00101437
0.0549903,0,-0.00103107
0.05499,0,-0.0010479
0.0549897,0,-0.00106488
0.0549894,0,-0.00108199
0.054989,0,-0.00109923
0.0549887,0,-0.00111661
0.0549883,0,-0.00113413
0.0549879,0,-0.00115178
0.0549876,0,-0.00116957
0.0549872,0,-0.0011875
0.0549868,0,-0.00120556
0.0549864,0,-0.00122376
0.054986,0,-0.0012421
0.0549856,0,-0.00126057
0.0549851,0,-0.00127918
0.0549847,0,-0.00129792
0.0549842,0,-0.0013168
0.0549838,0,-0.00133582
0.0549833,0,-0.00135497
0.0549828,0,-0.00137426
0.0549823,0,-0.00139368
0.0549818,0,-0.00141324
0.0549813,0,-0.00143294
0.0549808,0,-0.00145277
0.0549803,0,-0.00147274
0.0549797,0,-0.00149285
0.0549792,0,-0.00151309
0.0549786,0,-0.00153347
0.054978,0,-0.00155398
0.0549775,0,-0.00157463
0.0549769,0,-0.00159548
0.0549762,0,-0.00161641
0.0549756,0,-0.00163746
0.054975,0,-0.00165866
0.0549743,0,-0.00167999
0.0549737,0,-0.00170146
0.054973,0,-0.00172306
0.0549723,0,-0.0017448
0.0549716,0,-0.00176667
0.0549709,0,-0.00178869
0.0549702,0,-0.00181084
0.0549694,0,-0.00183312
0.0549687,0,-0.00185554
0.0549679,0,-0.00187809
0.0549671,0,-0.00190079
0.0549664,0,-0.00192361
0.0549655,0,-0.00194658
0.0549647,0,-0.00196968
0.0549639,0,-0.00199291
0.054963,0,-0.00201629
0.0549622,0,-0.00203979
0.0549613,0,-0.00206344
0.0549604,0,-0.00208722
0.0549595,0,-0.00211113
0.0549585,0,-0.00213518
0.0549575,0,-0.00216115
0.0549566,0,-0.00218548
0.0549556,0,-0.00220995
0.0549546,0,-0.00223456
0.0549536,0,-0.0022593
0.0549525,0,-0.00228418
0.0549515,0,-0.00230919
0.0549504,0,-0.00233434
0.0549494,0,-0.00235962
0.0549483,0,-0.00238505
0.0549471,0,-0.0024106
0.054946,0,-0.00243629
0.0549449,0,-0.00246212
0.0549436,0,-0.0024895
0.0549424,0,-0.00251561
0.0549412,0,-0.00254185
0.05494,0,-0.00256823
0.0549388,0,-0.00259474
0.0549375,0,-0.00262138
0.0549362,0,-0.00264817
0.0549349,0,-0.00267509
0.0549336,0,-0.00270214
0.0549322,0,-0.00272933
0.0549309,0,-0.00275666
0.0549295,0,-0.00278412
0.0549281,0,-0.00281172
0.0549267,0,-0.00283945
0.0549252,0,-0.00286732
0.0549237,0,-0.00289533
0.0549222,0,-0.00292347
0.0549207,0,-0.00295174
0.0549192,0,-0.00298015
0.0549176,0,-0.0030087
0.0549161,0,-0.00303738
0.0549145,0,-0.0030662
0.0549128,0,-0.00309515
0.0549112,0,-0.00312424
0.0549095,0,-0.00315346
0.0549078,0,-0.00318281
0.0549061,0,-0.00321231
0.0549044,0,-0.00324194
0.0549026,0,-0.0032717
0.0549008,0,-0.00330161
0.054899,0,-0.00333164
0.0548972,0,-0.00336181
0.0548953,0,-0.00339212
0.0548934,0,-0.00342255
0.0548915,0,-0.00345313
0.0548896,0,-0.00348384
0.0548876,0,-0.00351469
0.0548856,0,-0.00354567
0.0548836,0,-0.00357678
0.0548815,0,-0.00360803
0.0548795,0,-0.00363942
0.0548774,0,-0.00367094
0.0548752,0,-0.00370259
0.0548731,0,-0.00373438
0.0548709,0,-0.0037663
0.0548687,0,-0.00379837
0.0548664,0,-0.00383056
0.0548642,0,-0.00386289
0.0548619,0,-0.00389536
0.0548596,0,-0.00392796
0.0548572,0,-0.00396069
0.0548548,0,-0.00399356
0.0548524,0,-0.00402656
0.05485,0,-0.0040597
0.0548475,0,-0.00409297
0.054845,0,-0.00412638
0.0548425,0,-0.00415992
0.0548399,0,-0.00419359
0.0548373,0,-0.0042274
0.0548347,0,-0.00426134
0.054832,0,-0.00429542
0.0548293,0,-0.00432963
0.0548266,0,-0.00436398
0.0548237,0,-0.00439984
0.0548209,0,-0.00443446
0.0548181,0,-0.00446921
0.0548153,0,-0.0045041
0.0548124,0,-0.00453913
0.0548095,0,-0.00457429
0.0548065,0,-0.00460958
0.0548035,0,-0.004645
0.0548005,0,-0.00468056
0.0547974,0,-0.00471626
0.0547943,0,-0.00475208
0.0547912,0,-0.00478805
0.054788,0,-0.00482414
0.0547848,0,-0.00486037
0.0547816,0,-0.00489673
0.0547783,0,-0.00493323
0.054775,0,-0.00496986
0.0547717,0,-0.00500663
0.0547683,0,-0.00504353
0.0547648,0,-0.00508055
0.0547614,0,-0.00511772
0.0547579,0,-0.00515502
0.0547543,0,-0.00519245
0.0547508,0,-0.00523002
0.0547472,0,-0.00526771
0.0547435,0,-0.00530555
0.0547398,0,-0.00534351
0.0547361,0,-0.0053816
0.0547323,0,-0.00541983
0.0547285,0,-0.0054582
0.0547246,0,-0.0054967
0.0547207,0,-0.00553532
0.0547168,0,-0.00557408
0.0547128,0,-0.00561298
0.0547088,0,-0.00565201
0.0547048,0,-0.00569117
0.0547007,0,-0.00573046
0.0546965,0,-0.00576989
0.0546923,0,-0.00580945
0.0546881,0,-0.00584914
0.0546838,0,-0.00588897
0.0546795,0,-0.00592892
0.0546751,0,-0.00596901
0.0546707,0,-0.00600923
0.0546663,0,-0.00604959
0.0546618,0,-0.00609008
0.0546572,0,-0.0061307
0.0546527,0,-0.00617145
0.054648,0,-0.00621233
0.0546433,0,-0.00625335
0.0546386,0,-0.00629449
0.0546339,0,-0.00633577
0.054629,0,-0.00637718
0.0546242,0,-0.00641873
0.0546193,0,-0.0064604
0.0546143,0,-0.0065022
0.0546093,0,-0.00654414
0.0546042,0,-0.0065862
0.0545991,0,-0.0066284
0.054594,0,-0.00667073
0.0545888,0,-0.00671319
0.0545835,0,-0.00675579
0.0545782,0,-0.00679852
0.0545728,0,-0.00684138
0.0545674,0,-0.00688437
0.054562,0,-0.00692749
0.0545565,0,-0.00697074
0.0545509,0,-0.00701412
0.0545453,0,-0.00705763
0.0545396,0,-0.00710127
0.0545339,0,-0.00714505
0.0545281,0,-0.00718895
0.0545223,0,-0.00723298
0.0545164,0,-0.00727715
0.0545105,0,-0.00732144
0.0545045,0,-0.00736587
0.0544985,0,-0.00741043
0.0544924,0,-0.00745512
0.0544862,0,-0.00749993
0.05448,0,-0.00754488
0.0544738,0,-0.00758996
0.0544675,0,-0.00763517
0.0544611,0,-0.0076805
0.0544547,0,-0.00772597
0.0544482,0,-0.00777156
0.0544416,0,-0.00781729
0.054435,0,-0.00786315
0.0544284,0,-0.00790913
0.0544216,0,-0.00795524
0.0544149,0,-0.00800148
0.054408,0,-0.00804785
0.0544011,0,-0.00809436
0.0543942,0,-0.00814099
0.0543871,0,-0.00818775
0.0543801,0,-0.00823464
0.0543729,0,-0.00828166
0.0543657,0,-0.0083288
0.0543585,0,-0.00837608
0.0543511,0,-0.00842348
0.0543437,0,-0.00847101
0.0543363,0,-0.00851867
0.0543288,0,-0.00856646
0.0543212,0,-0.00861437
0.0543136,0,-0.00866241
0.0543059,0,-0.00871059
0.0542981,0,-0.00875889
0.0542902,0,-0.00880732
0.0542824,0,-0.00885587
0.0542744,0,-0.00890455
0.0542664,0,-0.00895336
0.0542583,0,-0.0090023
0.0542501,0,-0.00905136
0.0542419,0,-0.00910056
0.0542336,0,-0.00914988
0.0542252,0,-0.00919932
0.0542168,0,-0.00924889
0.0542083,0,-0.00929859
0.0541997,0,-0.00934842
0.0541911,0,-0.00939837
0.0541823,0,-0.00944845
0.0541736,0,-0.00949866
0.0541647,0,-0.00954899
0.0541558,0,-0.00959945
0.0541468,0,-0.00965003
0.0541377,0,-0.00970074
0.0541286,0,-0.00975158
0.0541194,0,-0.00980254
0.0541101,0,-0.00985362
0.0541008,0,-0.00990483
0.0540914,0,-0.00995617
0.0540819,0,-0.0100076
0.0540723,0,-0.0100592
0.0540626,0,-0.0101109
0.0540529,0,-0.0101628
0.0540431,0,-0.0102147
0.0540333,0,-0.0102668
0.0540233,0,-0.010319
0.0540133,0,-0.0103713
0.0540032,0,-0.0104238
0.053993,0,-0.0104764
0.0539828,0,-0.0105291
0.0539724,0,-0.0105819
0.053962,0,-0.0106349
0.0539515,0,-0.0106879
0.053941,0,-0.0107411
0.0539303,0,-0.0107945
0.0539196,0,-0.0108479
0.0539088,0,-0.0109015
0.0538979,0,-0.0109552
0.0538869,0,-0.011009
0.0538759,0,-0.0110629
0.0538648,0,-0.011117
0.0538535,0,-0.0111712
0.0538423,0,-0.0112255
0.0538309,0,-0.0112799
0.0538194,0,-0.0113345
0.0538079,0,-0.0113891
0.0537962,0,-0.0114439
0.0537845,0,-0.0114989
0.0537727,0,-0.0115539
0.0537609,0,-0.011609
0.0537489,0,-0.0116643
0.0537368,0,-0.0117197
0.0537247,0,-0.0117753
0.0537125,0,-0.0118309
0.0537002,0,-0.0118867
0.0536878,0,-0.0119425
0.0536753,0,-0.0119985
0.0536627,0,-0.0120547
0.05365,0,-0.0121109
0.0536373,0,-0.0121673
0.0536244,0,-0.0122238
0.0536115,0,-0.0122804
0.0535985,0,-0.0123371
0.0535854,0,-0.0123939
0.0535722,0,-0.0124509
0.0535589,0,-0.0125079
0.0535455,0,-0.0125651
0.053532,0,-0.0126225
0.0535184,0,-0.0126799
0.0535047,0,-0.0127374
0.053491,0,-0.0127951
0.0534771,0,-0.0128529
0.0534632,0,-0.0129108
0.0534491,0,-0.0129688
0.053435,0,-0.013027
0.0534208,0,-0.0130852
0.0534064,0,-0.0131436
0.053392,0,-0.0132021
0.0533775,0,-0.0132607
0.0533628,0,-0.0133194
0.0533481,0,-0.0133782
0.0533333,0,-0.0134372
0.0533184,0,-0.0134963
0.0533034,0,-0.0135554
0.0532883,0,-0.0136147
0.053273,0,-0.0136742
0.0532577,0,-0.0137337
0.0532423,0,-0.0137933
0.0532268,0,-0.0138531
0.0532112,0,-0.013913
0.0531955,0,-0.013973
0.0531796,0,-0.0140331
0.0531637,0,-0.0140933
0.0531477,0,-0.0141536
0.0531315,0,-0.0142141
0.0531152,0,-0.0142751
0.0530988,0,-0.0143358
0.0530824,0,-0.0143966
0.0530658,0,-0.0144575
0.0530492,0,-0.0145185
0.0530324,0,-0.0145796
0.0530155,0,-0.0146408
0.0529986,0,-0.0147022
0.0529815,0,-0.0147636
0.0529643,0,-0.0148252
0.052947,0,-0.0148868
0.0529296,0,-0.0149486
0.052912,0,-0.0150105
0.0528944,0,-0.0150725
0.0528767,0,-0.0151347
0.0528588,0,-0.0151969
0.0528409,0,-0.0152592
0.0528228,0,-0.0153217
0.0528046,0,-0.0153842
0.0527863,0,-0.0154469
0.0527679,0,-0.0155097
0.0527494,0,-0.0155726
0.0527307,0,-0.0156356
0.052712,0,-0.0156987
0.0526931,0,-0.0157619
0.0526741,0,-0.0158252
0.052655,0,-0.0158886
0.0526358,0,-0.0159522
0.0526165,0,-0.0160158
0.052597,0,-0.0160796
0.0525775,0,-0.0161434
0.0525578,0,-0.0162074
0.052538,0,-0.0162714
0.0525181,0,-0.0163356
0.052498,0,-0.0163999
0.0524779,0,-0.0164643
0.0524576,0,-0.0165288
0.0524372,0,-0.0165934
0.0524167,0,-0.0166581
0.052396,0,-0.0167229
0.0523753,0,-0.0167878
0.0523544,0,-0.0168529
0.0523334,0,-0.016918
0.0523122,0,-0.0169832
0.052291,0,-0.0170485
0.0522696,0,-0.0171139
0.0522481,0,-0.0171795
0.0522265,0,-0.0172451
0.0522047,0,-0.0173108
0.0521829,0,-0.0173767
0.0521606,0,-0.0174434
0.0521384,0,-0.0175095
0.0521162,0,-0.0175756
0.0520938,0,-0.0176419
0.0520713,0,-0.0177082
0.0520486,0,-0.0177747
0.0520259,0,-0.0178412
0.052003,0,-0.0179079
0.0519799,0,-0.0179746
0.0519568,0,-0.0180414
0.0519335,0,-0.0181084
0.0519101,0,-0.0181754
0.0518865,0,-0.0182426
0.0518628,0,-0.0183098
0.051839,0,-0.0183771
0.051815,0,-0.0184446
0.0517909,0,-0.0185121
0.0517667,0,-0.0185797
0.0517424,0,-0.0186475
0.0517179,0,-0.0187153
0.0516932,0,-0.0187832
0.0516685,0,-0.0188513
0.0516436,0,-0.0189194
0.0516185,0,-0.0189876
0.0515934,0,-0.0190559
0.051568,0,-0.0191243
0.0515426,0,-0.0191927
0.051517,0,-0.0192613
0.0514913,0,-0.01933
0.0514654,0,-0.0193988
0.0514394,0,-0.0194676
0.0514133,0,-0.0195366
0.051387,0,-0.0196056
0.0513605,0,-0.0196747
0.051334,0,-0.019744
0.0513072,0,-0.0198133
0.0512804,0,-0.0198827
0.0512531,0,-0.019953
0.0512259,0,-0.0200226
0.0511986,0,-0.0200923
0.0511712,0,-0.0201621
0.0511436,0,-0.0202319
0.0511159,0,-0.0203019
0.051088,0,-0.0203719
0.05106,0,-0.0204421
0.0510318,0,-0.0205123
0.0510035,0,-0.0205826
0.050975,0,-0.020653
0.0509464,0,-0.0207234
0.0509177,0,-0.020794
0.0508888,0,-0.0208647
0.0508597,0,-0.0209354
0.0508305,0,-0.0210062
0.0508011,0,-0.0210771
0.0507716,0,-0.0211481
0.050742,0,-0.0212192
0.0507121,0,-0.0212904
0.0506822,0,-0.0213616
0.050652,0,-0.0214329
0.0506218,0,-0.0215043
0.0505913,0,-0.0215758
0.0505608,0,-0.0216474
0.05053,0,-0.0217191
0.0504991,0,-0.0217908
0.0504681,0,-0.0218626
0.0504369,0,-0.0219345
0.0504055,0,-0.0220065
0.050374,0,-0.0220786
0.0503423,0,-0.0221507
0.0503104,0,-0.0222229
0.0502784,0,-0.0222952
0.0502463,0,-0.0223676
0.050214,0,-0.0224401
0.0501815,0,-0.0225126
0.0501489,0,-0.0225852
0.0501161,0,-0.0226579
0.0500831,0,-0.0227307
0.05005,0,-0.0228035
0.0500167,0,-0.0228764
0.0499832,0,-0.0229494
0.0499496,0,-0.0230225
0.0499158,0,-0.0230956
0.0498819,0,-0.0231688
0.0498478,0,-0.0232421
0.0498135,0,-0.0233155
0.0497791,0,-0.0233889
0.0497445,0,-0.0234624
0.0497097,0,-0.023536
0.0496748,0,-0.0236097
0.0496397,0,-0.0236834
0.0496044,0,-0.0237572
0.0495689,0,-0.0238311
0.0495333,0,-0.023905
0.0494975,0,-0.023979
0.0494616,0,-0.0240531
0.0494255,0,-0.0241272
0.0493892,0,-0.0242014
0.0493527,0,-0.0242757
0.0493161,0,-0.0243501
0.0492792,0,-0.0244245
0.0492423,0,-0.024499
0.0492051,0,-0.0245735
0.0491678,0,-0.0246481
0.0491303,0,-0.0247228
0.0490926,0,-0.0247976
0.0490547,0,-0.0248724
0.0490167,0,-0.0249472
0.0489785,0,-0.0250222
0.0489401,0,-0.0250972
0.0489015,0,-0.0251722
0.0488628,0,-0.0252473
0.0488239,0,-0.0253225
0.0487848,0,-0.0253978
0.0487455,0,-0.0254731
0.048706,0,-0.0255484
0.0486664,0,-0.0256238
0.0486266,0,-0.0256993
0.0485866,0,-0.0257749
0.0485464,0,-0.0258505
0.0485061,0,-0.0259261
0.0484655,0,-0.0260018
0.0484248,0,-0.0260776
0.0483839,0,-0.0261534
0.0483428,0,-0.0262293
0.0483015,0,-0.0263052
0.04826,0,-0.0263812
0.0482184,0,-0.0264573
0.0481766,0,-0.0265334
0.0481345,0,-0.0266095
0.0480923,0,-0.0266857
0.0480499,0,-0.026762
0.0480074,0,-0.0268383
0.0479646,0,-0.0269146
0.0479216,0,-0.0269911
0.0478785,0,-0.0270675
0.0478352,0,-0.027144
0.0477916,0,-0.0272206
0.0477479,0,-0.0272972
0.047704,0,-0.0273738
0.0476599,0,-0.0274506
0.0476156,0,-0.0275273
0.0475711,0,-0.0276041
0.0475265,0,-0.0276809
0.0474816,0,-0.0277578
0.0474365,0,-0.0278348
0.0473913,0,-0.0279117
0.0473458,0,-0.0279888
0.0473002,0,-0.0280658
0.0472544,0,-0.0281429
0.0472083,0,-0.0282201
0.0471621,0,-0.0282973
0.0471157,0,-0.0283745
0.0470691,0,-0.0284518
0.0470222,0,-0.0285291
0.0469752,0,-0.0286064
0.046928,0,-0.0286838
0.0468806,0,-0.0287613
0.046833,0,-0.0288387
0.0467852,0,-0.0289162
0.0467371,0,-0.0289938
0.0466889,0,-0.0290714
0.0466405,0,-0.029149
0.0465919,0,-0.0292266
0.0465431,0,-0.0293043
0.0464941,0,-0.029382
0.0464448,0,-0.0294598
0.0463954,0,-0.0295376
0.0463458,0,-0.0296154
0.0462959,0,-0.0296932
0.0462459,0,-0.0297711
0.0461956,0,-0.029849
0.0461452,0,-0.0299269
0.0460945,0,-0.0300049
0.0460437,0,-0.0300829
0.0459926,0,-0.0301609
0.0459413,0,-0.030239
0.0458898,0,-0.030317
0.0458381,0,-0.0303951
0.0457862,0,-0.0304733
0.0457341,0,-0.0305514
0.0456818,0,-0.0306296
0.0456293,0,-0.0307078
0.0455765,0,-0.030786
0.0455236,0,-0.0308643
0.0454704,0,-0.0309425
0.0454171,0,-0.0310208
0.0453635,0,-0.0310991
0.0453097,0,-0.0311774
0.0452557,0,-0.0312558
0.0452014,0,-0.0313342
0.045147,0,-0.0314125
0.0450924,0,-0.0314909
0.0450375,0,-0.0315694
0.0449824,0,-0.0316478
0.0449271,0,-0.0317262
0.0448716,0,-0.0318047
0.0448159,0,-0.0318832
0.0447599,0,-0.0319617
0.0447038,0,-0.0320402
0.0446474,0,-0.0321187
0.0445908,0,-0.0321972
0.044534,0,-0.0322757
0.044477,0,-0.0323543
0.0444197,0,-0.0324328
0.0443622,0,-0.0325114
0.0443045,0,-0.03259
0.0442466,0,-0.0326686
0.0441885,0,-0.0327471
0.0441302,0,-0.0328257
0.0440716,0,-0.0329043
0.0440128,0,-0.0329829
0.0439538,0,-0.0330616
0.0438945,0,-0.0331402
0.0438351,0,-0.0332188
0.0437754,0,-0.0332974
0.043377,0,-0.0338147
0.0432934,0,-0.0339218
0.0432291,0,-0.0340036
0.0431668,0,-0.0340827
0.0431046,0,-0.0341613
0.0430405,0,-0.034242
0.0429775,0,-0.034321
0.0429128,0,-0.0344019
0.0428498,0,-0.0344804
0.0427864,0,-0.034559
0.0427221,0,-0.0346385
0.0426583,0,-0.034717
0.0425943,0,-0.0347955
0.04253,0,-0.034874
0.0424655,0,-0.0349525
0.0424008,0,-0.035031
0.0423359,0,-0.0351094
0.0422707,0,-0.0351879
0.0422053,0,-0.0352663
0.0421397,0,-0.0353447
0.0420738,0,-0.0354231
0.0420077,0,-0.0355015
0.0419413,0,-0.0355798
0.0418747,0,-0.0356582
0.0418079,0,-0.0357365
0.0417409,0,-0.0358148
0.0416736,0,-0.0358931
0.0416061,0,-0.0359713
0.0415383,0,-0.0360495
0.0414703,0,-0.0361277
0.0414021,0,-0.0362059
0.0413336,0,-0.036284
0.0412649,0,-0.0363622
0.0411958,0,-0.0364404
0.0411267,0,-0.0365185
0.0410572,0,-0.0365965
0.0409876,0,-0.0366745
0.0409177,0,-0.0367525
0.0408475,0,-0.0368304
0.0407772,0,-0.0369083
0.0407065,0,-0.0369862
0.0406357,0,-0.037064
0.0405646,0,-0.0371418
0.0404924,0,-0.0372205
0.0404208,0,-0.0372982
0.040349,0,-0.0373759
0.0402769,0,-0.0374536
0.0402046,0,-0.0375312
0.040132,0,-0.0376088
0.0400593,0,-0.0376863
0.0399862,0,-0.0377638
0.0399129,0,-0.0378412
0.0398394,0,-0.0379186
0.0397656,0,-0.037996
0.0396916,0,-0.0380733
0.0396173,0,-0.0381506
0.0395428,0,-0.0382278
0.0394681,0,-0.038305
0.0393931,0,-0.0383821
0.0393178,0,-0.0384592
0.0392423,0,-0.0385362
0.0391666,0,-0.0386132
0.0390906,0,-0.0386901
0.0390144,0,-0.038767
0.0389379,0,-0.0388438
0.0388611,0,-0.0389206
0.0387842,0,-0.0389973
0.0387069,0,-0.0390739
0.0386295,0,-0.0391505
0.0385517,0,-0.0392271
0.0384738,0,-0.0393035
0.0383956,0,-0.03938
0.0383171,0,-0.0394563
0.0382384,0,-0.0395326
0.0381594,0,-0.0396088
0.0380802,0,-0.039685
0.0380007,0,-0.0397611
0.037921,0,-0.0398372
0.037841,0,-0.0399131
0.0377608,0,-0.039989
0.0376803,0,-0.0400649
0.0375996,0,-0.0401407
0.0375186,0,-0.0402164
0.0374374,0,-0.040292
0.0373559,0,-0.0403676
0.0372741,0,-0.040443
0.0371921,0,-0.0405185
0.0371099,0,-0.0405938
0.0370274,0,-0.0406691
0.0369446,0,-0.0407442
0.0368616,0,-0.0408194
0.0367784,0,-0.0408944
0.0366949,0,-0.0409693
0.0366111,0,-0.0410442
0.0365271,0,-0.041119
0.0364428,0,-0.0411937
0.0363583,0,-0.0412684
0.0362735,0,-0.0413429
0.0361884,0,-0.0414174
0.0361031,0,-0.0414917
0.0360176,0,-0.041566
0.0359317,0,-0.0416402
0.0358457,0,-0.0417144
0.0357594,0,-0.0417884
0.0356728,0,-0.0418623
0.0355859,0,-0.0419362
0.0354988,0,-0.0420099
0.0354115,0,-0.0420836
0.0353239,0,-0.0421571
0.035236,0,-0.0422306
0.0351479,0,-0.042304
0.0350595,0,-0.0423773
0.0349709,0,-0.0424504
0.034882,0,-0.0425235
0.0347928,0,-0.0425965
0.0347034,0,-0.0426694
0.0346137,0,-0.0427422
0.0345238,0,-0.0428148
0.0344336,0,-0.0428874
0.0343431,0,-0.0429599
0.0342524,0,-0.0430322
0.0341614,0,-0.0431045
0.0340702,0,-0.0431766
0.0339787,0,-0.0432487
0.033887,0,-0.0433206
0.033795,0,-0.0433924
0.0337027,0,-0.0434641
0.0336102,0,-0.0435357
0.0335174,0,-0.0436072
0.0334243,0,-0.0436785
0.033331,0,-0.0437498
0.0332374,0,-0.0438209
0.0331436,0,-0.0438919
0.0330495,0,-0.0439628
0.0329552,0,-0.0440336
0.0328605,0,-0.0441042
0.0327657,0,-0.0441748
0.0326705,0,-0.0442452
0.0325751,0,-0.0443155
0.0324795,0,-0.0443856
0.0323836,0,-0.0444557
0.0322874,0,-0.0445256
0.0321909,0,-0.0445953
0.0320942,0,-0.044665
0.0319973,0,-0.0447345
0.0319,0,-0.0448039
0.0318025,0,-0.0448731
0.0317048,0,-0.0449423
0.0316068,0,-0.0450112
0.0315085,0,-0.0450801
0.03141,0,-0.0451488
0.0313112,0,-0.0452174
0.0312121,0,-0.0452858
0.0311128,0,-0.0453541
0.0310132,0,-0.0454223
0.0309133,0,-0.0454903
0.0308132,0,-0.0455581
0.0307129,0,-0.0456259
0.0306122,0,-0.0456935
0.0305113,0,-0.0457609
0.0304099,0,-0.0458283
0.0303085,0,-0.0458955
0.0302068,0,-0.0459625
0.0301049,0,-0.0460293
0.0300027,0,-0.046096
0.0299002,0,-0.0461625
0.0297969,0,-0.0462293
0.0296939,0,-0.0462955
0.0295906,0,-0.0463616
0.0294869,0,-0.0464276
0.0293831,0,-0.0464934
0.029279,0,-0.046559
0.0291747,0,-0.0466244
0.0290702,0,-0.0466897
0.0289653,0,-0.0467548
0.0288602,0,-0.0468197
0.0287549,0,-0.0468845
0.0286493,0,-0.0469491
0.0285434,0,-0.0470136
0.0284373,0,-0.0470778
0.0283308,0,-0.0471419
0.0282242,0,-0.0472059
0.0281173,0,-0.0472696
0.0280101,0,-0.0473332
0.0279026,0,-0.0473967
0.0277949,0,-0.0474599
0.0276869,0,-0.047523
0.0275787,0,-0.0475859
0.0274702,0,-0.0476486
0.0273615,0,-0.0477111
0.0272525,0,-0.0477735
0.0271432,0,-0.0478356
0.0270336,0,-0.0478976
0.0269239,0,-0.0479594
0.0268138,0,-0.048021
0.0267035,0,-0.0480825
0.0265929,0,-0.0481437
0.0264821,0,-0.0482048
0.026371,0,-0.0482656
0.0262596,0,-0.0483263
0.026148,0,-0.0483868
0.0260361,0,-0.0484471
0.025924,0,-0.0485072
0.0258116,0,-0.0485671
0.0256989,0,-0.0486268
0.025586,0,-0.0486863
0.0254729,0,-0.0487456
0.0253594,0,-0.0488047
0.0252457,0,-0.0488636
0.0251318,0,-0.0489223
0.0250176,0,-0.0489808
0.0249031,0,-0.0490391
0.0247884,0,-0.0490972
0.0246734,0,-0.0491551
0.0245582,0,-0.0492127
0.0244427,0,-0.0492702
0.024327,0,-0.0493275
0.024211,0,-0.0493845
0.0240947,0,-0.0494413
0.0239782,0,-0.0494979
0.0238614,0,-0.0495543
0.0237444,0,-0.0496105
0.0236271,0,-0.0496665
0.0235096,0,-0.0497222
0.0233918,0,-0.0497778
0.0232737,0,-0.0498331
0.0231554,0,-0.0498881
0.0230369,0,-0.049943
0.0229181,0,-0.0499976
0.022799,0,-0.050052
0.0226797,0,-0.0501062
0.0225601,0,-0.0501602
0.0224403,0,-0.0502139
0.0223202,0,-0.0502674
0.0221999,0,-0.0503206
0.0220793,0,-0.0503736
0.0219585,0,-0.0504264
0.0218374,0,-0.050479
0.0217161,0,-0.0505313
0.0215945,0,-0.0505834
0.0214726,0,-0.0506352
0.0213505,0,-0.0506868
0.0212282,0,-0.0507382
0.0211056,0,-0.0507893
0.0209828,0,-0.0508402
0.0208597,0,-0.0508908
0.0207364,0,-0.0509412
0.0206128,0,-0.0509913
0.020489,0,-0.0510412
0.0203649,0,-0.0510908
0.0202406,0,-0.0511402
0.020116,0,-0.0511893
0.0199912,0,-0.0512382
0.0198661,0,-0.0512868
0.0197408,0,-0.0513352
0.0196153,0,-0.0513833
0.0194895,0,-0.0514311
0.0193634,0,-0.0514787
0.0192371,0,-0.051526
0.0191106,0,-0.0515731
0.0189839,0,-0.0516199
0.0188568,0,-0.0516664
0.0187296,0,-0.0517127
0.0186021,0,-0.0517587
0.0184743,0,-0.0518044
0.0183464,0,-0.0518499
0.0182181,0,-0.0518951
0.0180897,0,-0.05194
0.017961,0,-0.0519846
0.017832,0,-0.052029
0.017703,0,-0.0520731
0.0175738,0,-0.0521168
0.0174445,0,-0.0521602
0.0173151,0,-0.0522033
0.0171856,0,-0.0522461
0.017056,0,-0.0522886
0.0169261,0,-0.0523308
0.0167962,0,-0.0523726
0.0166663,0,-0.0524141
0.0165363,0,-0.0524552
0.0164061,0,-0.0524961
0.0162759,0,-0.0525366
0.0161456,0,-0.0525768
0.0160151,0,-0.0526167
0.0158846,0,-0.0526562
0.015754,0,-0.0526955
0.0156233,0,-0.0527344
0.0154924,0,-0.0527729
0.0153615,0,-0.0528112
0.0152305,0,-0.0528491
0.0150994,0,-0.0528867
0.0149682,0,-0.052924
0.0148369,0,-0.052961
0.0147055,0,-0.0529976
0.0145741,0,-0.0530339
0.0144425,0,-0.0530699
0.0143109,0,-0.0531055
0.0141791,0,-0.0531409
0.0140473,0,-0.0531759
0.0139154,0,-0.0532105
0.0137834,0,-0.0532449
0.0136513,0,-0.0532789
0.0135192,0,-0.0533126
0.0133869,0,-0.053346
0.0132546,0,-0.053379
0.0131222,0,-0.0534117
0.0129897,0,-0.0534441
0.0128571,0,-0.0534761
0.0127244,0,-0.0535078
0.0125917,0,-0.0535392
0.0124589,0,-0.0535703
0.012326,0,-0.053601
0.0121931,0,-0.0536314
0.01206,0,-0.0536615
0.0119269,0,-0.0536912
0.0117937,0,-0.0537206
0.0116605,0,-0.0537497
0.0115272,0,-0.0537785
0.0113938,0,-0.0538069
0.0112603,0,-0.053835
0.0111268,0,-0.0538627
0.0109931,0,-0.0538902
0.0108595,0,-0.0539173
0.0107257,0,-0.053944
0.0105919,0,-0.0539705
0.0104581,0,-0.0539966
0.0103241,0,-0.0540223
0.0101901,0,-0.0540478
0.0100561,0,-0.0540729
0.00992194,0,-0.0540976
0.00978776,0,-0.0541221
0.00965351,0,-0.0541462
0.00951921,0,-0.05417
0.00938485,0,-0.0541934
0.00925043,0,-0.0542165
0.00911595,0,-0.0542393
0.00898142,0,-0.0542617
0.00884683,0,-0.0542838
0.00871219,0,-0.0543056
0.00857749,0,-0.054327
0.00844275,0,-0.0543481
0.00830795,0,-0.0543689
0.00817309,0,-0.0543893
0.00803819,0,-0.0544094
0.00790324,0,-0.0544292
0.00776824,0,-0.0544486
0.00763319,0,-0.0544677
0.0074981,0,-0.0544865
0.00736296,0,-0.0545049
0.00720844,0,-0.0545256
0.0070732,0,-0.0545433
0.00693792,0,-0.0545607
0.0068026,0,-0.0545777
0.00666723,0,-0.0545944
0.00652688,0,-0.0546114
0.00639143,0,-0.0546274
0.00625595,0,-0.0546431
0.00612042,0,-0.0546584
0.00598486,0,-0.0546734
0.00584926,0,-0.0546881
0.00571362,0,-0.0547024
0.00557795,0,-0.0547164
0.0054416,0,-0.0547301
0.00530245,0,-0.0547438
0.00516668,0,-0.0547568
0.00503088,0,-0.0547694
0.00489504,0,-0.0547817
0.00475918,0,-0.0547937
0.00462328,0,-0.0548053
0.00448736,0,-0.0548166
0.00435141,0,-0.0548276
0.00421543,0,-0.0548382
0.00407943,0,-0.0548485
0.0039434,0,-0.0548585
0.00380735,0,-0.0548681
0.00367127,0,-0.0548773
0.00353518,0,-0.0548863
0.00339241,0,-0.0548953
0.00325627,0,-0.0549035
0.00312011,0,-0.0549114
0.00298393,0,-0.054919
0.00284773,0,-0.0549262
0.00271151,0,-0.0549331
0.00257528,0,-0.0549397
0.00243903,0,-0.0549459
0.00230276,0,-0.0549518
0.00216648,0,-0.0549573
0.00203019,0,-0.0549625
0.00189389,0,-0.0549674
0.00175757,0,-0.0549719
0.00162125,0,-0.0549761
0.00148491,0,-0.05498
0.00134856,0,-0.0549835
0.00121221,0,-0.0549866
0.00107582,0,-0.0549895
0.000939124,0,-0.054992
0.00080275,0,-0.0549941
0.000666371,0,-0.054996
0.000507157,0,-0.0549977
0.000350994,0,-0.0549989
0.000172992,0,-0.0549997
3.66005e-05,0,-0.055
-0.000102339,0,-0.055
-0.00023873,0,-0.055
-0.000375121,0,-0.055
-0.000525452,0,-0.055
-0.000661843,0,-0.055
-0.000798234,0,-0.055
-0.000934625,0,-0.055
-0.00107102,0,-0.055
-0.00120741,0,-0.055
-0.0013481,0,-0.055
-0.00148496,0,-0.055
-0.00162136,0,-0.055
-0.00175775,0,-0.055
-0.00189541,0,-0.055
-0.0020318,0,-0.055
-0.00216819,0,-0.055
-0.00230458,0,-0.055
-0.00244609,0,-0.055
-0.00258248,0,-0.055
-0.00271887,0,-0.055
-0.00285526,0,-0.055
-0.00299165,0,-0.055
-0.00312804,0,-0.055
-0.00326443,0,-0.055
-0.00340082,0,-0.055
-0.00353722,0,-0.055
-0.00367669,0,-0.055
-0.00381308,0,-0.055
-0.00394947,0,-0.055
-0.00408586,0,-0.055
-0.00422225,0,-0.055
-0.00435865,0,-0.055
-0.00449504,0,-0.055
-0.00463143,0,-0.055
-0.00476782,0,-0.055
-0.00490511,0,-0.055
-0.0050415,0,-0.055
-0.00517789,0,-0.055
-0.00531428,0,-0.055
-0.00545068,0,-0.055
-0.00558707,0,-0.055
-0.00572346,0,-0.055
-0.00586361,0,-0.055
-0.00600001,0,-0.055
-0.0061364,0,-0.055
-0.00627279,0,-0.055
-0.00640925,0,-0.055
-0.00654564,0,-0.055
-0.00668203,0,-0.055
-0.00681842,0,-0.055
-0.00695481,0,-0.055
-0.0070912,0,-0.055
-0.00722759,0,-0.055
-0.00736399,0,-0.055
-0.00750038,0,-0.055
-0.00763677,0,-0.055
-0.00777316,0,-0.055
-0.00793927,0,-0.055
-0.00808206,0,-0.055
-0.00825124,0,-0.055
-0.00838763,0,-0.055
-0.00852402,0,-0.055
-0.00866041,0,-0.055
-0.00880762,0,-0.055
-0.008982,0,-0.055
-0.00911839,0,-0.055
-0.00925478,0,-0.055
-0.00939117,0,-0.055
-0.00952756,0,-0.055
-0.00966395,0,-0.055
-0.00980034,0,-0.055
-0.00993673,0,-0.055
-0.0100752,0,-0.055
-0.0102116,0,-0.055
-0.010348,0,-0.055
-0.0104844,0,-0.055
-0.0106208,0,-0.055
-0.0107572,0,-0.055
-0.0108936,0,-0.055
-0.01103,0,-0.055
-0.0111672,0,-0.055
-0.0113061,0,-0.055
-0.0114425,0,-0.055
-0.0115789,0,-0.055
-0.0117153,0,-0.055
-0.0118517,0,-0.055
-0.011988,0,-0.055
-0.0121244,0,-0.055
-0.0122648,0,-0.055
-0.0124012,0,-0.055
-0.0125376,0,-0.055
-0.0126739,0,-0.055
-0.0128103,0,-0.055
-0.0129467,0,-0.055
-0.0130831,0,-0.055
-0.0132195,0,-0.055
-0.0133559,0,-0.055
-0.0134951,0,-0.055
-0.0136315,0,-0.055
-0.0137679,0,-0.055
-0.0139043,0,-0.055
-0.0140407,0,-0.055
-0.0141771,0,-0.055
-0.0143135,0,-0.055
-0.0144499,0,-0.055
-0.0145863,0,-0.055
-0.0147227,0,-0.055
-0.0148591,0,-0.055
-0.0149954,0,-0.055
-0.0151318,0,-0.055
-0.0152682,0,-0.055
-0.0154046,0,-0.055
-0.0155426,0,-0.055
-0.015679,0,-0.055
-0.0158153,0,-0.055
-0.0159517,0,-0.055
-0.0160881,0,-0.055
-0.0162245,0,-0.055
-0.0163609,0,-0.055
-0.0164973,0,-0.055
-0.0166401,0,-0.055
-0.0167768,0,-0.055
-0.0169132,0,-0.055
-0.0170496,0,-0.055
-0.017186,0,-0.055
-0.0173224,0,-0.055
-0.0174588,0,-0.055
-0.0175952,0,-0.055
-0.0177316,0,-0.055
-0.017868,0,-0.055
-0.0180043,0,-0.055
-0.0181407,0,-0.055
-0.0182771,0,-0.055
-0.0184135,0,-0.055
-0.0185499,0,-0.055
-0.0186863,0,-0.055
-0.0188227,0,-0.055
-0.0189591,0,-0.055
-0.0190984,0,-0.055
-0.0192348,0,-0.055
-0.0193712,0,-0.055
-0.0195076,0,-0.055
-0.019644,0,-0.055
-0.0197804,0,-0.055
-0.0199168,0,-0.055
-0.0200583,0,-0.055
-0.0201958,0,-0.055
-0.0203322,0,-0.055
-0.0204686,0,-0.055
-0.020605,0,-0.055
-0.0207413,0,-0.055
-0.0208777,0,-0.055
-0.0210141,0,-0.055
-0.0211505,0,-0.055
-0.0212869,0,-0.055
-0.0214234,0,-0.055
-0.0215598,0,-0.055
-0.0216962,0,-0.055
-0.0218326,0,-0.055
-0.021969,0,-0.055
-0.0221053,0,-0.055
-0.0222417,0,-0.055
-0.0223781,0,-0.055
-0.0225145,0,-0.055
-0.0226509,0,-0.055
-0.0227873,0,-0.055
-0.0229237,0,-0.055
-0.0230601,0,-0.055
-0.0231965,0,-0.055
-0.0233329,0,-0.055
-0.0234693,0,-0.055
-0.0236056,0,-0.055
-0.0237452,0,-0.055
-0.0238816,0,-0.055
-0.024018,0,-0.055
-0.0241543,0,-0.055
-0.0242907,0,-0.055
-0.0244271,0,-0.055
-0.0245635,0,-0.055
-0.0246999,0,-0.055
-0.02484,0,-0.055
-0.0249764,0,-0.055
-0.0251128,0,-0.055
-0.0252492,0,-0.055
-0.0253856,0,-0.055
-0.025522,0,-0.055
-0.0256584,0,-0.055
-0.0257955,0,-0.055
-0.0259319,0,-0.055
-0.0260683,0,-0.055
-0.0262308,0,-0.055
-0.0263964,0,-0.055
-0.0265622,0,-0.055
-0.0266986,0,-0.055
-0.026835,0,-0.055
-0.0269714,0,-0.055
-0.0271078,0,-0.055
-0.0272442,0,-0.055
-0.0273881,0,-0.055
-0.0275245,0,-0.055
-0.0276609,0,-0.055
-0.0277973,0,-0.055
-0.0279337,0,-0.055
-0.0280701,0,-0.055
-0.0282065,0,-0.055
-0.0283429,0,-0.055
-0.0284793,0,-0.055
-0.0286157,0,-0.055
-0.0287521,0,-0.055
-0.0288885,0,-0.055
-0.0290249,0,-0.055
-0.0291612,0,-0.055
-0.0292976,0,-0.055
-0.029434,0,-0.055
-0.0295767,0,-0.055
-0.0297131,0,-0.055
-0.0298495,0,-0.055
-0.0299859,0,-0.055
-0.0301222,0,-0.055
-0.0302586,0,-0.055
-0.030395,0,-0.055
-0.0305314,0,-0.055
-0.0306719,0,-0.055
-0.0308083,0,-0.055
-0.0309447,0,-0.055
-0.031081,0,-0.055
-0.0312174,0,-0.055
-0.0313538,0,-0.055
-0.0314902,0,-0.055
-0.0316266,0,-0.055
-0.031763,0,-0.055
-0.0319058,0,-0.055
-0.0320422,0,-0.055
-0.0321785,0,-0.055
-0.0323149,0,-0.055
-0.0324513,0,-0.055
-0.0325877,0,-0.055
-0.0327241,0,-0.055
-0.0328605,0,-0.055
-0.0329974,0,-0.055
-0.0331338,0,-0.055
-0.0332702,0,-0.055
-0.0334066,0,-0.055
-0.0335429,0,-0.055
-0.0336793,0,-0.055
-0.0338157,0,-0.055
-0.0339521,0,-0.055
-0.0340885,0,-0.055
-0.0342249,0,-0.055
-0.0343613,0,-0.055
-0.0344977,0,-0.055
-0.0346341,0,-0.055
-0.0347705,0,-0.055
-0.0349069,0,-0.055
-0.0350433,0,-0.055
-0.0351796,0,-0.055
-0.035316,0,-0.055
-0.0354525,0,-0.055
-0.0355889,0,-0.055
-0.0357253,0,-0.055
-0.0358617,0,-0.055
-0.0359981,0,-0.055
-0.0361345,0,-0.055
-0.0362709,0,-0.055
-0.0364146,0,-0.055
-0.036551,0,-0.055
-0.0366874,0,-0.055
-0.0368237,0,-0.055
-0.0369601,0,-0.055
-0.0370965,0,-0.055
-0.0372329,0,-0.055
-0.037372,0,-0.055
-0.0375084,0,-0.055
-0.0376448,0,-0.055
-0.0377812,0,-0.055
-0.0379176,0,-0.055
-0.038054,0,-0.055
-0.0381904,0,-0.055
-0.0383268,0,-0.055
-0.0384631,0,-0.055
-0.0385995,0,-0.055
-0.0387359,0,-0.055
-0.0388723,0,-0.055
-0.0390087,0,-0.055
-0.0391451,0,-0.055
-0.0392815,0,-0.055
-0.0394179,0,-0.055
-0.0395543,0,-0.055
-0.0396907,0,-0.055
-0.0398303,0,-0.055
-0.0399667,0,-0.055
-0.0401031,0,-0.055
-0.0402395,0,-0.055
-0.0403759,0,-0.055
-0.0405126,0,-0.055
-0.040649,0,-0.055
-0.0407854,0,-0.055
-0.0409218,0,-0.055
-0.0410606,0,-0.055
-0.041197,0,-0.055
-0.0413334,0,-0.055
-0.0414698,0,-0.055
-0.0416062,0,-0.055
-0.0417426,0,-0.055
-0.041879,0,-0.055
-0.0420154,0,-0.055
-0.0421517,0,-0.055
-0.0422883,0,-0.055
-0.0424247,0,-0.055
-0.0425611,0,-0.055
-0.0426975,0,-0.055
-0.0428339,0,-0.055
-0.0429703,0,-0.055
-0.0431067,0,-0.055
-0.0432431,0,-0.055
-0.0433806,0,-0.055
-0.043517,0,-0.055
-0.0436534,0,-0.055
-0.0437898,0,-0.055
-0.0439261,0,-0.055
-0.0440625,0,-0.055
-0.0441989,0,-0.055
-0.0443353,0,-0.055
-0.0444717,0,-0.055
-0.0446081,0,-0.055
-0.0447445,0,-0.055
-0.0448809,0,-0.055
-0.0450173,0,-0.055
-0.0451537,0,-0.055
-0.0452901,0,-0.055
-0.0454264,0,-0.055
-0.0455628,0,-0.055
-0.0456992,0,-0.055
-0.0458356,0,-0.055
-0.045972,0,-0.055
-0.0461084,0,-0.055
-0.0462448,0,-0.055
-0.0463812,0,-0.055
-0.0465176,0,-0.055
-0.046654,0,-0.055
-0.0467904,0,-0.055
-0.0469283,0,-0.055
-0.0470647,0,-0.055
-0.047201,0,-0.055
-0.0473376,0,-0.055
-0.047474,0,-0.055
-0.0476104,0,-0.055
-0.0477468,0,-0.055
-0.0478832,0,-0.055
-0.0480196,0,-0.055
-0.0481596,0,-0.055
-0.048296,0,-0.055
-0.0484324,0,-0.055
-0.0485688,0,-0.055
-0.0487052,0,-0.055
-0.0488416,0,-0.055
-0.048978,0,-0.055
-0.0491187,0,-0.055
-0.0492551,0,-0.055
-0.0493915,0,-0.055
-0.0495279,0,-0.055
-0.0496643,0,-0.055
-0.0498007,0,-0.055
-0.0499371,0,-0.055
-0.0500735,0,-0.055
-0.0502099,0,-0.055
-0.0503462,0,-0.055
-0.0504826,0,-0.055
-0.050619,0,-0.055
-0.0507554,0,-0.055
-0.0508918,0,-0.055
-0.0510404,0,-0.055
-0.0512041,0,-0.055
-0.0513746,0,-0.055
-0.051511,0,-0.055
-0.0516755,0,-0.055
-0.0518119,0,-0.055
-0.0519984,0,-0.055
-0.0521729,0,-0.055
-0.0523325,0,-0.055
-0.0524715,0,-0.055
-0.0526079,0,-0.055
-0.0527452,0,-0.055
-0.0529003,0,-0.055
-0.0530367,0,-0.055
-0.0531731,0,-0.055
-0.0533095,0,-0.055
-0.0534458,0,-0.055
-0.0535822,0,-0.055
-0.0537186,0,-0.055
-0.0538578,0,-0.055
-0.0539942,0,-0.055
-0.0541306,0,-0.055
-0.054267,0,-0.055
-0.0544034,0,-0.055
-0.0545398,0,-0.055
-0.0546762,0,-0.055
-0.0548126,0,-0.055
-0.054949,0,-0.055
-0.0550918,0,-0.055
-0.0552282,0,-0.055
-0.0553646,0,-0.055
-0.055501,0,-0.055
-0.0556374,0,-0.055
-0.0557737,0,-0.055
-0.0559101,0,-0.055
-0.0560465,0,-0.055
-0.0561834,0,-0.055
-0.0563198,0,-0.055
-0.0564562,0,-0.055
-0.0565926,0,-0.055
-0.0567289,0,-0.055
-0.0568653,0,-0.055
-0.0570017,0,-0.055
-0.0571452,0,-0.055
-0.0572816,0,-0.055
-0.057418,0,-0.055
-0.0575544,0,-0.055
-0.0576907,0,-0.055
-0.0578271,0,-0.055
-0.0579754,0,-0.055
-0.0581118,0,-0.055
-0.0582482,0,-0.055
-0.0583846,0,-0.055
-0.058521,0,-0.055
-0.0586574,0,-0.055
-0.0587938,0,-0.055
-0.0589302,0,-0.055
-0.0590666,0,-0.055
-0.0592029,0,-0.055
-0.0593393,0,-0.055
-0.0594757,0,-0.055
-0.0596121,0,-0.055
-0.0597485,0,-0.055
-0.0598849,0,-0.055
-0.0600213,0,-0.055
-0.060158,0,-0.055
-0.0602944,0,-0.055
-0.0604308,0,-0.055
-0.0605672,0,-0.055
-0.0607036,0,-0.055
-0.06084,0,-0.055
-0.0609767,0,-0.055
-0.061113,0,-0.055
-0.0612494,0,-0.055
-0.0613858,0,-0.055
-0.0615222,0,-0.055
-0.0616598,0,-0.055
-0.0617962,0,-0.055
-0.0619326,0,-0.055
-0.062069,0,-0.055
-0.0622054,0,-0.055
-0.0623418,0,-0.055
-0.0624781,0,-0.055
-0.0626145,0,-0.055
-0.0627509,0,-0.055
-0.0628873,0,-0.055
-0.0630237,0,-0.055
-0.0631601,0,-0.055
-0.0632965,0,-0.055
-0.0634329,0,-0.055
-0.0635693,0,-0.055
-0.0637057,0,-0.055
-0.0638421,0,-0.055
-0.0639785,0,-0.055
-0.0641148,0,-0.055
-0.0642512,0,-0.055
-0.0643876,0,-0.055
-0.064524,0,-0.055
-0.0646604,0,-0.055
-0.0647968,0,-0.055
-0.0649332,0,-0.055
-0.0650696,0,-0.055
-0.065206,0,-0.055
-0.0653424,0,-0.055
-0.0654788,0,-0.055
-0.0656151,0,-0.055
-0.0657515,0,-0.055
-0.0658879,0,-0.055
-0.0660243,0,-0.055
-0.0661709,0,-0.055
-0.0663305,0,-0.055
-0.0664984,0,-0.055
-0.0666662,0,-0.055
-0.0668025,0,-0.055
-0.0669389,0,-0.055
-0.0670753,0,-0.055
-0.0672264,0,-0.055
-0.0673628,0,-0.055
-0.0674992,0,-0.055
-0.0676356,0,-0.055
-0.067772,0,-0.055
-0.0679084,0,-0.055
-0.0680586,0,-0.055
-0.068195,0,-0.055
-0.0683314,0,-0.055
-0.0684678,0,-0.055
-0.0686042,0,-0.055
-0.0687406,0,-0.055
-0.068877,0,-0.055
-0.0690134,0,-0.055
-0.0691498,0,-0.055
-0.0692861,0,-0.055
-0.0694225,0,-0.055
-0.0695589,0,-0.055
-0.0696953,0,-0.055
-0.0698317,0,-0.055
-0.0699681,0,-0.055
-0.0701045,0,-0.055
-0.0702409,0,-0.055
-0.0703773,0,-0.055
-0.0705137,0,-0.055
-0.0706501,0,-0.055
-0.0707864,0,-0.055
-0.0709228,0,-0.055
-0.0710592,0,-0.055
-0.0711956,0,-0.055
-0.071332,0,-0.055
-0.0714684,0,-0.055
-0.0716048,0,-0.055
-0.0717419,0,-0.055
-0.0718783,0,-0.055
-0.0720147,0,-0.055
-0.0721511,0,-0.055
-0.0722875,0,-0.055
-0.0724239,0,-0.055
-0.0725603,0,-0.055
-0.0726967,0,-0.055
-0.0728331,0,-0.055
-0.0729712,0,-0.055
-0.0731076,0,-0.055
-0.073244,0,-0.055
-0.0733804,0,-0.055
-0.0735168,0,-0.055
-0.0736532,0,-0.055
-0.0737896,0,-0.055
-0.0739259,0,-0.055
-0.0740623,0,-0.055
-0.0741987,0,-0.055
-0.0743351,0,-0.055
-0.0744715,0,-0.055
-0.0746092,0,-0.055
-0.0747456,0,-0.055
-0.074882,0,-0.055
-0.0750184,0,-0.055
-0.0751548,0,-0.055
-0.0752912,0,-0.055
-0.0754276,0,-0.055
-0.0755639,0,-0.055
-0.0757003,0,-0.055
-0.0758367,0,-0.055
-0.0759731,0,-0.055
-0.0761095,0,-0.055
-0.0762459,0,-0.055
-0.0763823,0,-0.055
-0.0765187,0,-0.055
-0.0766551,0,-0.055
-0.0767915,0,-0.055
-0.0769279,0,-0.055
-0.0770643,0,-0.055
-0.0772006,0,-0.055
-0.077347,0,-0.055
-0.0774834,0,-0.055
-0.0776198,0,-0.055
-0.0777562,0,-0.055
-0.0778925,0,-0.055
-0.0780289,0,-0.055
-0.078176,0,-0.055
-0.0783124,0,-0.055
-0.0784488,0,-0.055
-0.0786045,0,-0.055
-0.0787699,0,-0.055
-0.0789363,0,-0.055
-0.0790727,0,-0.055
-0.0792091,0,-0.055
-0.0793455,0,-0.055
-0.0794819,0,-0.055
-0.0796386,0,-0.055
-0.079775,0,-0.055
-0.0799114,0,-0.055
-0.0800478,0,-0.055
-0.0801842,0,-0.055
-0.0803206,0,-0.055
-0.0804654,0,-0.055
-0.0806018,0,-0.055
-0.0807381,0,-0.055
-0.0808745,0,-0.055
-0.0810109,0,-0.055
-0.0811473,0,-0.055
-0.0812837,0,-0.055
-0.0814201,0,-0.055
-0.0815565,0,-0.055
-0.0816929,0,-0.055
-0.0818293,0,-0.055
-0.0819657,0,-0.055
-0.0821021,0,-0.055
-0.0822384,0,-0.055
-0.0823748,0,-0.055
-0.0825112,0,-0.055
-0.0826476,0,-0.055
-0.082784,0,-0.055
-0.0829213,0,-0.055
-0.0830577,0,-0.055
-0.0831941,0,-0.055
-0.0833305,0,-0.055
-0.0834669,0,-0.055
-0.0836033,0,-0.055
-0.083741,0,-0.055
-0.0838773,0,-0.055
-0.0840137,0,-0.055
-0.0841501,0,-0.055
-0.0842865,0,-0.055
-0.0844229,0,-0.055
-0.0845593,0,-0.055
-0.0846957,0,-0.055
-0.0848321,0,-0.055
-0.0849685,0,-0.055
-0.0851049,0,-0.055
-0.0852426,0,-0.055
-0.085379,0,-0.055
-0.0855154,0,-0.055
-0.0856518,0,-0.055
-0.0857882,0,-0.055
-0.0859246,0,-0.055
-0.0860609,0,-0.055
-0.0861973,0,-0.055
-0.0863393,0,-0.055
-0.0864757,0,-0.055
-0.0866121,0,-0.055
-0.0867485,0,-0.055
-0.0868849,0,-0.055
-0.0870213,0,-0.055
-0.0871577,0,-0.055
-0.0872988,0,-0.055
-0.0874352,0,-0.055
-0.0875716,0,-0.055
-0.087708,0,-0.055
-0.0878444,0,-0.055
-0.0879808,0,-0.055
-0.0881172,0,-0.055
-0.0882536,0,-0.055
-0.0883899,0,-0.055
-0.0885284,0,-0.055
-0.0886648,0,-0.055
-0.0888012,0,-0.055
-0.0889376,0,-0.055
-0.089074,0,-0.055
-0.0892103,0,-0.055
-0.0893467,0,-0.055
-0.0894831,0,-0.055
-0.0896195,0,-0.055
-0.0897559,0,-0.055
-0.0898923,0,-0.055
-0.0900287,0,-0.055
-0.0901651,0,-0.055
-0.0903015,0,-0.055
-0.0904379,0,-0.055
-0.0905743,0,-0.055
-0.0907149,0,-0.055
-0.0908513,0,-0.055
-0.0909877,0,-0.055
-0.091124,0,-0.055
-0.0912604,0,-0.055
-0.0913968,0,-0.055
-0.0915332,0,-0.055
-0.0916696,0,-0.055
-0.091806,0,-0.055
-0.0919424,0,-0.055
-0.0920788,0,-0.055
-0.0922152,0,-0.055
-0.0923516,0,-0.055
-0.092488,0,-0.055
-0.0926244,0,-0.055
-0.0927607,0,-0.055
-0.0928971,0,-0.055
-0.0930398,0,-0.055
-0.0931762,0,-0.055
-0.0933125,0,-0.055
-0.0934489,0,-0.055
-0.0935853,0,-0.055
-0.0937217,0,-0.055
-0.0938581,0,-0.055
-0.0939945,0,-0.055
-0.0941313,0,-0.055
-0.0942677,0,-0.055
-0.0944042,0,-0.055
-0.0945406,0,-0.055
-0.094677,0,-0.055
-0.0948134,0,-0.055
-0.0949497,0,-0.055
-0.0950861,0,-0.055
-0.0952225,0,-0.055
-0.0953595,0,-0.055
-0.0954959,0,-0.055
-0.0956322,0,-0.055
-0.0957686,0,-0.055
-0.095905,0,-0.055
-0.0960414,0,-0.055
-0.0961778,0,-0.055
-0.0963142,0,-0.055
-0.0964506,0,-0.055
-0.096587,0,-0.055
-0.0967234,0,-0.055
-0.0968598,0,-0.055
-0.0969962,0,-0.055
-0.0971325,0,-0.055
-0.0972689,0,-0.055
-0.0974053,0,-0.055
-0.0975417,0,-0.055
-0.0976812,0,-0.055
-0.0978176,0,-0.055
-0.097954,0,-0.055
-0.0981085,0,-0.055
-0.0982744,0,-0.055
-0.0984405,0,-0.055
-0.0985769,0,-0.055
-0.0987133,0,-0.055
-0.0988497,0,-0.055
-0.0989861,0,-0.055
-0.0991456,0,-0.055
-0.099282,0,-0.055
-0.0994184,0,-0.055
-0.0995548,0,-0.055
-0.0996912,0,-0.055
-0.0998276,0,-0.055
-0.0999729,0,-0.055
-0.100109,0,-0.0549999
-0.100246,0,-0.0549995
-0.100382,0,-0.0549987
-0.100518,0,-0.0549976
-0.100655,0,-0.0549961
-0.100791,0,-0.0549943
-0.100928,0,-0.0549922
-0.101064,0,-0.0549897
-0.1012,0,-0.0549869
-0.101337,0,-0.0549838
-0.101473,0,-0.0549803
-0.101609,0,-0.0549764
-0.101746,0,-0.0549723
-0.101882,0,-0.0549678
-0.102022,0,-0.0549628
-0.102161,0,-0.0549575
-0.102297,0,-0.054952
-0.102434,0,-0.0549461
-0.10257,0,-0.0549399
-0.102706,0,-0.0549334
-0.102842,0,-0.0549265
-0.102979,0,-0.0549193
-0.103115,0,-0.0549117
-0.103251,0,-0.0549038
-0.103387,0,-0.0548956
-0.103523,0,-0.054887
-0.103659,0,-0.0548781
-0.103795,0,-0.0548689
-0.103931,0,-0.0548593
-0.104068,0,-0.0548494
-0.104204,0,-0.0548391
-0.104339,0,-0.0548285
-0.104475,0,-0.0548176
-0.104611,0,-0.0548063
-0.104747,0,-0.0547947
-0.104883,0,-0.0547828
-0.105019,0,-0.0547705
-0.105155,0,-0.0547579
-0.105291,0,-0.054745
-0.105426,0,-0.0547317
-0.105562,0,-0.054718
-0.105698,0,-0.0547041
-0.105833,0,-0.0546898
-0.105969,0,-0.0546751
-0.106104,0,-0.0546602
-0.10624,0,-0.0546449
-0.106376,0,-0.0546292
-0.106511,0,-0.0546133
-0.106646,0,-0.0545969
-0.106782,0,-0.0545803
-0.106917,0,-0.0545633
-0.107052,0,-0.054546
-0.107188,0,-0.0545283
-0.107323,0,-0.0545103
-0.107458,0,-0.054492
-0.107593,0,-0.0544733
-0.107728,0,-0.0544543
-0.107863,0,-0.054435
-0.108003,0,-0.0544147
-0.108138,0,-0.0543946
-0.108273,0,-0.0543743
-0.108407,0,-0.0543536
-0.108542,0,-0.0543326
-0.108677,0,-0.0543112
-0.108818,0,-0.0542886
-0.108956,0,-0.054266
-0.10909,0,-0.0542436
-0.109225,0,-0.0542209
-0.109359,0,-0.0541979
-0.109493,0,-0.0541745
-0.109628,0,-0.0541508
-0.109762,0,-0.0541267
-0.109903,0,-0.0541012
-0.110037,0,-0.0540764
-0.110171,0,-0.0540514
-0.110305,0,-0.054026
-0.110439,0,-0.0540003
-0.110573,0,-0.0539742
-0.110707,0,-0.0539478
-0.11084,0,-0.0539211
-0.110974,0,-0.0538941
-0.111108,0,-0.0538667
-0.111241,0,-0.053839
-0.111397,0,-0.0538062
-0.111559,0,-0.0537717
-0.111722,0,-0.0537364
-0.111855,0,-0.0537072
-0.111988,0,-0.0536776
-0.112121,0,-0.0536477
-0.112254,0,-0.0536175
-0.112397,0,-0.0535845
-0.11253,0,-0.0535536
-0.112663,0,-0.0535224
-0.112796,0,-0.0534908
-0.112928,0,-0.0534589
-0.113061,0,-0.0534267
-0.113193,0,-0.0533941
-0.113326,0,-0.0533613
-0.113458,0,-0.0533281
-0.113597,0,-0.0532929
-0.113729,0,-0.053259
-0.113861,0,-0.0532248
-0.113993,0,-0.0531903
-0.114125,0,-0.0531554
-0.114256,0,-0.0531202
-0.114388,0,-0.0530847
-0.114524,0,-0.0530477
-0.114655,0,-0.0530116
-0.114787,0,-0.0529751
-0.114918,0,-0.0529382
-0.115049,0,-0.0529011
-0.11518,0,-0.0528636
-0.115331,0,-0.0528201
-0.115462,0,-0.0527819
-0.115593,0,-0.0527434
-0.115724,0,-0.0527045
-0.115859,0,-0.0526639
-0.115992,0,-0.0526237
-0.116123,0,-0.0525838
-0.116253,0,-0.0525437
-0.116383,0,-0.0525032
-0.116513,0,-0.0524625
-0.116643,0,-0.0524213
-0.116778,0,-0.0523785
-0.116908,0,-0.0523367
-0.117037,0,-0.0522946
-0.117167,0,-0.0522522
-0.117297,0,-0.0522095
-0.117426,0,-0.0521664
-0.117555,0,-0.0521231
-0.117684,0,-0.0520794
-0.117814,0,-0.0520354
-0.117946,0,-0.0519898
-0.118075,0,-0.0519452
-0.118203,0,-0.0519003
-0.118352,0,-0.0518479
-0.118508,0,-0.0517926
-0.118659,0,-0.0517382
-0.118787,0,-0.051692
-0.118914,0,-0.0516457
-0.119041,0,-0.051599
-0.119167,0,-0.0515521
-0.119294,0,-0.0515049
-0.119434,0,-0.0514523
-0.119559,0,-0.0514046
-0.119685,0,-0.0513566
-0.11981,0,-0.0513083
-0.119936,0,-0.0512598
-0.120061,0,-0.0512111
-0.120185,0,-0.0511621
-0.12031,0,-0.0511128
-0.120437,0,-0.0510621
-0.120561,0,-0.0510123
-0.120684,0,-0.0509623
-0.120808,0,-0.050912
-0.120931,0,-0.0508615
-0.121054,0,-0.0508108
-0.121177,0,-0.0507597
-0.121305,0,-0.0507058
-0.121428,0,-0.0506543
-0.121549,0,-0.0506026
-0.121675,0,-0.0505491
-0.121796,0,-0.0504969
-0.121917,0,-0.0504444
-0.122038,0,-0.0503917
-0.122159,0,-0.0503388
-0.122282,0,-0.0502845
-0.122402,0,-0.0502311
-0.122522,0,-0.0501774
-0.122641,0,-0.0501236
-0.122761,0,-0.0500695
-0.12288,0,-0.0500151
-0.122999,0,-0.0499606
-0.123118,0,-0.0499057
-0.123236,0,-0.0498507
-0.123354,0,-0.0497954
-0.123472,0,-0.04974
-0.12359,0,-0.0496843
-0.123707,0,-0.0496284
-0.123824,0,-0.0495723
-0.123941,0,-0.049516
-0.124058,0,-0.0494594
-0.124174,0,-0.0494027
-0.12429,0,-0.0493457
-0.124406,0,-0.0492885
-0.124521,0,-0.0492311
-0.124637,0,-0.0491735
-0.124752,0,-0.0491157
-0.124866,0,-0.0490577
-0.124981,0,-0.0489995
-0.125095,0,-0.048941
-0.125209,0,-0.0488824
-0.125325,0,-0.0488224
-0.125439,0,-0.0487633
-0.125552,0,-0.0487041
-0.125665,0,-0.0486446
-0.125778,0,-0.048585
-0.12589,0,-0.0485251
-0.126003,0,-0.0484651
-0.126115,0,-0.0484049
-0.126226,0,-0.0483444
-0.126338,0,-0.0482838
-0.126449,0,-0.048223
-0.12656,0,-0.048162
-0.12667,0,-0.0481008
-0.126781,0,-0.0480395
-0.126891,0,-0.0479779
-0.127007,0,-0.0479128
-0.127116,0,-0.0478508
-0.127226,0,-0.0477887
-0.127335,0,-0.0477264
-0.127445,0,-0.0476632
-0.127553,0,-0.0476005
-0.127662,0,-0.0475377
-0.127777,0,-0.0474706
-0.127884,0,-0.0474074
-0.127992,0,-0.047344
-0.128099,0,-0.0472804
-0.128206,0,-0.0472167
-0.128313,0,-0.0471528
-0.128419,0,-0.0470887
-0.128525,0,-0.0470244
-0.128631,0,-0.04696
-0.128737,0,-0.0468954
-0.128842,0,-0.0468307
-0.128948,0,-0.0467658
-0.129052,0,-0.0467007
-0.129157,0,-0.0466355
-0.129261,0,-0.0465701
-0.129365,0,-0.0465045
-0.129469,0,-0.0464388
-0.129574,0,-0.0463723
-0.129677,0,-0.0463063
-0.12978,0,-0.0462401
-0.129883,0,-0.0461737
-0.129985,0,-0.0461072
-0.130088,0,-0.0460406
-0.13019,0,-0.0459738
-0.130291,0,-0.0459068
-0.130393,0,-0.0458397
-0.130494,0,-0.0457724
-0.130595,0,-0.045705
-0.130696,0,-0.0456375
-0.130796,0,-0.0455698
-0.130896,0,-0.0455019
-0.130996,0,-0.045434
-0.131096,0,-0.0453658
-0.131195,0,-0.0452976
-0.131294,0,-0.0452291
-0.131394,0,-0.0451596
-0.131493,0,-0.045091
-0.131591,0,-0.0450221
-0.131689,0,-0.0449532
-0.131787,0,-0.0448841
-0.131885,0,-0.0448148
-0.131982,0,-0.0447455
-0.132082,0,-0.044674
-0.132178,0,-0.0446044
-0.132275,0,-0.0445346
-0.132371,0,-0.0444647
-0.132467,0,-0.0443947
-0.132563,0,-0.0443243
-0.13268,0,-0.0442385
-0.132803,0,-0.0441473
-0.132899,0,-0.0440756
-0.133014,0,-0.0439896
-0.133108,0,-0.0439187
-0.133202,0,-0.0438478
-0.133296,0,-0.0437767
-0.133389,0,-0.0437055
-0.133482,0,-0.0436342
-0.133575,0,-0.0435627
-0.133668,0,-0.0434912
-0.133761,0,-0.043419
-0.133853,0,-0.0433472
-0.133945,0,-0.0432753
-0.134036,0,-0.0432033
-0.134129,0,-0.0431304
-0.13422,0,-0.0430582
-0.134311,0,-0.0429859
-0.134401,0,-0.0429135
-0.134493,0,-0.0428398
-0.134583,0,-0.0427672
-0.134673,0,-0.0426944
-0.134762,0,-0.0426216
-0.134851,0,-0.0425486
-0.13494,0,-0.0424756
-0.135029,0,-0.0424024
-0.13512,0,-0.0423275
-0.135208,0,-0.0422541
-0.135296,0,-0.0421807
-0.135383,0,-0.0421072
-0.135471,0,-0.0420336
-0.135558,0,-0.0419598
-0.135645,0,-0.041886
-0.135732,0,-0.0418121
-0.135818,0,-0.0417381
-0.135904,0,-0.041664
-0.13599,0,-0.0415899
-0.136076,0,-0.0415156
-0.136161,0,-0.0414413
-0.136246,0,-0.0413668
-0.136331,0,-0.0412923
-0.136416,0,-0.0412177
-0.1365,0,-0.041143
-0.136584,0,-0.0410682
-0.136668,0,-0.0409934
-0.136752,0,-0.0409185
-0.136835,0,-0.0408435
-0.136918,0,-0.0407684
-0.137001,0,-0.0406932
-0.137083,0,-0.040618
-0.137166,0,-0.0405427
-0.137248,0,-0.0404673
-0.13733,0,-0.0403918
-0.137411,0,-0.0403163
-0.137493,0,-0.0402407
-0.137574,0,-0.040165
-0.137654,0,-0.0400893
-0.137735,0,-0.0400134
-0.137815,0,-0.0399376
-0.137895,0,-0.0398616
-0.137975,0,-0.0397856
-0.138055,0,-0.0397095
-0.138134,0,-0.0396334
-0.138213,0,-0.0395571
-0.138292,0,-0.0394809
-0.138371,0,-0.0394039
-0.138449,0,-0.0393275
-0.138527,0,-0.039251
-0.138605,0,-0.0391745
-0.138683,0,-0.0390979
-0.138765,0,-0.0390164
-0.138842,0,-0.0389397
-0.138919,0,-0.038863
-0.138995,0,-0.0387862
-0.139072,0,-0.0387093
-0.139148,0,-0.0386324
-0.139223,0,-0.0385555
-0.139299,0,-0.0384784
-0.139375,0,-0.0384011
-0.13945,0,-0.038324
-0.139524,0,-0.0382468
-0.139599,0,-0.0381696
-0.139673,0,-0.0380923
-0.139747,0,-0.038015
-0.139821,0,-0.0379377
-0.139895,0,-0.0378603
-0.139968,0,-0.0377829
-0.140041,0,-0.0377054
-0.140114,0,-0.0376279
-0.140187,0,-0.0375503
-0.140259,0,-0.0374727
-0.140331,0,-0.0373951
-0.140403,0,-0.0373174
-0.140475,0,-0.0372397
-0.14055,0,-0.037158
-0.140621,0,-0.0370802
-0.140692,0,-0.0370024
-0.140762,0,-0.0369245
-0.140833,0,-0.0368466
-0.140903,0,-0.0367687
-0.140973,0,-0.0366907
-0.141048,0,-0.0366072
-0.141117,0,-0.0365292
-0.141186,0,-0.0364511
-0.141278,0,-0.0363468
-0.141364,0,-0.0362499
-0.141432,0,-0.0361718
-0.1415,0,-0.0360936
-0.141568,0,-0.0360154
-0.141636,0,-0.0359371
-0.141703,0,-0.0358589
-0.141777,0,-0.0357723
-0.141844,0,-0.035694
-0.141911,0,-0.0356156
-0.141977,0,-0.0355372
-0.142044,0,-0.0354588
-0.14211,0,-0.0353805
-0.14218,0,-0.0352961
-0.142246,0,-0.0352177
-0.142311,0,-0.0351392
-0.142376,0,-0.0350608
-0.142441,0,-0.0349823
-0.142506,0,-0.0349038
-0.14257,0,-0.0348253
-0.142634,0,-0.0347468
-0.142698,0,-0.0346683
-0.142762,0,-0.0345898
-0.142825,0,-0.0345112
-0.142888,0,-0.0344327
-0.142951,0,-0.0343541
-0.143014,0,-0.0342755
-0.143076,0,-0.034197
-0.143139,0,-0.0341184
-0.143201,0,-0.0340398
-0.143262,0,-0.0339612
-0.143325,0,-0.0338809
-0.143387,0,-0.0338023
-0.143448,0,-0.0337237
-0.143509,0,-0.0336451
-0.143569,0,-0.0335665
-0.14363,0,-0.0334879
-0.14369,0,-0.0334093
-0.14375,0,-0.0333305
-0.14381,0,-0.0332516
-0.14387,0,-0.033173
-0.143929,0,-0.0330944
-0.143988,0,-0.0330158
-0.144047,0,-0.0329372
-0.144114,0,-0.0328478
-0.144172,0,-0.0327692
-0.14423,0,-0.0326906
-0.144288,0,-0.0326121
-0.144346,0,-0.0325335
-0.144404,0,-0.0324549
-0.144462,0,-0.0323746
-0.14452,0,-0.0322944
-0.144577,0,-0.0322158
-0.144634,0,-0.0321373
-0.14469,0,-0.0320588
-0.144747,0,-0.0319803
-0.144803,0,-0.0319018
-0.144858,0,-0.0318233
-0.144914,0,-0.0317449
-0.14497,0,-0.0316661
-0.145025,0,-0.0315877
-0.14508,0,-0.0315093
-0.145134,0,-0.0314309
-0.145189,0,-0.0313525
-0.145243,0,-0.0312741
-0.145302,0,-0.0311893
-0.145355,0,-0.031111
-0.145417,0,-0.0310204
-0.145484,0,-0.0309228
-0.145547,0,-0.03083
-0.1456,0,-0.0307512
-0.145653,0,-0.030673
-0.145705,0,-0.0305948
-0.145757,0,-0.0305166
-0.145809,0,-0.0304385
-0.145861,0,-0.0303604
-0.145913,0,-0.0302823
-0.145964,0,-0.0302042
-0.146016,0,-0.0301255
-0.146067,0,-0.0300473
-0.146118,0,-0.0299693
-0.146168,0,-0.0298913
-0.146219,0,-0.0298134
-0.146269,0,-0.0297355
-0.146319,0,-0.0296577
-0.146368,0,-0.0295799
-0.146418,0,-0.0295021
-0.146467,0,-0.0294243
-0.146516,0,-0.0293466
-0.146565,0,-0.0292689
-0.146614,0,-0.0291912
-0.146663,0,-0.0291136
-0.146711,0,-0.029036
-0.146759,0,-0.0289584
-0.146807,0,-0.0288809
-0.146857,0,-0.0287992
-0.146905,0,-0.0287217
-0.146952,0,-0.0286443
-0.146999,0,-0.0285669
-0.147046,0,-0.0284896
-0.147093,0,-0.0284123
-0.147143,0,-0.0283291
-0.147189,0,-0.0282519
-0.147235,0,-0.0281747
-0.147281,0,-0.0280976
-0.147327,0,-0.0280205
-0.147373,0,-0.0279435
-0.147418,0,-0.0278665
-0.147463,0,-0.0277895
-0.147508,0,-0.0277126
-0.147553,0,-0.0276358
-0.147597,0,-0.027559
-0.147642,0,-0.0274822
-0.147686,0,-0.0274055
-0.14773,0,-0.0273288
-0.147774,0,-0.0272522
-0.147819,0,-0.0271733
-0.147862,0,-0.0270966
-0.147905,0,-0.0270201
-0.147948,0,-0.0269434
-0.147991,0,-0.026867
-0.148034,0,-0.0267907
-0.148076,0,-0.0267144
-0.148119,0,-0.0266382
-0.148161,0,-0.026562
-0.148203,0,-0.0264859
-0.148245,0,-0.0264088
-0.148286,0,-0.0263328
-0.148328,0,-0.0262569
-0.148369,0,-0.026181
-0.14841,0,-0.0261051
-0.148451,0,-0.0260293
-0.148491,0,-0.0259536
-0.148532,0,-0.0258779
-0.148572,0,-0.0258023
-0.148612,0,-0.0257268
-0.148652,0,-0.0256513
-0.148692,0,-0.0255758
-0.148731,0,-0.0255005
-0.148771,0,-0.0254251
-0.14881,0,-0.0253499
-0.148849,0,-0.0252747
-0.148887,0,-0.0251995
-0.148927,0,-0.0251225
-0.148966,0,-0.0250475
-0.149004,0,-0.0249726
-0.149042,0,-0.0248977
-0.14908,0,-0.0248229
-0.149118,0,-0.0247481
-0.149155,0,-0.0246734
-0.149192,0,-0.0245988
-0.149231,0,-0.0245224
-0.149268,0,-0.0244479
-0.149305,0,-0.0243735
-0.149341,0,-0.0242991
-0.149378,0,-0.0242248
-0.149414,0,-0.0241506
-0.14945,0,-0.0240764
-0.149486,0,-0.0240023
-0.149522,0,-0.0239283
-0.149558,0,-0.0238544
-0.149593,0,-0.0237805
-0.149629,0,-0.0237067
-0.149664,0,-0.0236329
-0.149699,0,-0.0235592
-0.149734,0,-0.0234856
-0.149768,0,-0.0234121
-0.149803,0,-0.0233387
-0.149837,0,-0.0232647
-0.149871,0,-0.0231914
-0.149905,0,-0.0231182
-0.149939,0,-0.023045
-0.149973,0,-0.0229719
-0.150006,0,-0.0228989
-0.15004,0,-0.022826
-0.150073,0,-0.0227527
-0.150107,0,-0.0226771
-0.15014,0,-0.0226044
-0.150173,0,-0.0225318
-0.150205,0,-0.0224592
-0.150238,0,-0.0223868
-0.15027,0,-0.0223144
-0.150302,0,-0.0222421
-0.150335,0,-0.0221675
-0.150367,0,-0.0220954
-0.150398,0,-0.0220233
-0.150442,0,-0.0219224
-0.15048,0,-0.0218346
-0.150511,0,-0.0217629
-0.150542,0,-0.0216912
-0.150573,0,-0.0216195
-0.15061,0,-0.0215321
-0.15064,0,-0.0214606
-0.150671,0,-0.0213893
-0.150701,0,-0.021318
-0.150732,0,-0.0212422
-0.150762,0,-0.0211711
-0.150792,0,-0.0211001
-0.150821,0,-0.0210292
-0.15085,0,-0.0209584
-0.150879,0,-0.0208876
-0.150908,0,-0.0208169
-0.150937,0,-0.0207463
-0.150966,0,-0.0206758
-0.150994,0,-0.0206054
-0.151023,0,-0.0205351
-0.151051,0,-0.0204648
-0.151079,0,-0.0203947
-0.151107,0,-0.0203246
-0.151135,0,-0.0202547
-0.151162,0,-0.0201848
-0.15119,0,-0.020115
-0.151217,0,-0.0200451
-0.151244,0,-0.0199755
-0.151271,0,-0.0199059
-0.151298,0,-0.0198365
-0.151325,0,-0.0197671
-0.151352,0,-0.0196979
-0.151378,0,-0.0196287
-0.151404,0,-0.0195597
-0.151431,0,-0.0194907
-0.151457,0,-0.0194203
-0.151483,0,-0.0193515
-0.151509,0,-0.0192828
-0.151535,0,-0.0192142
-0.15156,0,-0.0191457
-0.151585,0,-0.0190773
-0.151611,0,-0.019009
-0.151636,0,-0.0189407
-0.151661,0,-0.0188709
-0.151686,0,-0.0188029
-0.151711,0,-0.0187349
-0.151735,0,-0.0186671
-0.15176,0,-0.0185994
-0.151784,0,-0.0185317
-0.151808,0,-0.0184642
-0.151832,0,-0.0183967
-0.151856,0,-0.018329
-0.15188,0,-0.0182618
-0.151903,0,-0.0181946
-0.151927,0,-0.0181275
-0.15195,0,-0.0180605
-0.151973,0,-0.0179937
-0.151996,0,-0.0179269
-0.152019,0,-0.0178602
-0.152042,0,-0.0177937
-0.152065,0,-0.0177272
-0.152087,0,-0.0176608
-0.15211,0,-0.0175946
-0.152132,0,-0.0175284
-0.152154,0,-0.0174623
-0.152176,0,-0.0173964
-0.152198,0,-0.0173305
-0.15222,0,-0.0172647
-0.152242,0,-0.0171991
-0.152263,0,-0.0171335
-0.152285,0,-0.0170681
-0.152306,0,-0.0170027
-0.152327,0,-0.0169375
-0.152348,0,-0.0168723
-0.152369,0,-0.0168073
-0.15239,0,-0.0167424
-0.15241,0,-0.0166775
-0.152432,0,-0.0166102
-0.152452,0,-0.0165456
-0.152473,0,-0.0164811
-0.152493,0,-0.0164167
-0.152513,0,-0.0163524
-0.152533,0,-0.0162882
-0.152553,0,-0.0162241
-0.152572,0,-0.0161601
-0.152592,0,-0.0160962
-0.152611,0,-0.0160324
-0.152631,0,-0.0159688
-0.15265,0,-0.0159052
-0.152669,0,-0.0158418
-0.152688,0,-0.0157784
-0.152707,0,-0.0157152
-0.152726,0,-0.0156521
-0.152744,0,-0.015589
-0.152764,0,-0.0155245
-0.152782,0,-0.0154617
-0.1528,0,-0.015399
-0.152819,0,-0.0153364
-0.152837,0,-0.0152739
-0.152855,0,-0.0152116
-0.152872,0,-0.0151493
-0.152891,0,-0.0150849
-0.152909,0,-0.0150229
-0.152926,0,-0.014961
-0.152944,0,-0.0148992
-0.152962,0,-0.0148337
-0.152984,0,-0.0147532
-0.153005,0,-0.0146786
-0.153022,0,-0.0146173
-0.153039,0,-0.0145561
-0.153056,0,-0.014495
-0.153072,0,-0.0144341
-0.153089,0,-0.0143732
-0.153106,0,-0.0143103
-0.153122,0,-0.0142497
-0.153138,0,-0.0141892
-0.153154,0,-0.0141288
-0.15317,0,-0.0140685
-0.153186,0,-0.0140083
-0.153202,0,-0.0139483
-0.153218,0,-0.0138884
-0.153233,0,-0.0138285
-0.153249,0,-0.0137688
-0.153264,0,-0.0137092
-0.153279,0,-0.0136498
-0.153294,0,-0.0135904
-0.15331,0,-0.0135312
-0.153325,0,-0.013472
-0.153339,0,-0.013413
-0.153354,0,-0.0133541
-0.153369,0,-0.0132953
-0.153384,0,-0.013235
-0.153398,0,-0.0131765
-0.153413,0,-0.0131181
-0.153427,0,-0.0130597
-0.153441,0,-0.0130016
-0.153455,0,-0.0129435
-0.153469,0,-0.0128855
-0.153483,0,-0.0128277
-0.153498,0,-0.0127677
-0.153511,0,-0.0127101
-0.153525,0,-0.0126526
-0.153538,0,-0.0125952
-0.153552,0,-0.012538
-0.153565,0,-0.0124808
-0.153578,0,-0.0124238
-0.153592,0,-0.0123647
-0.153605,0,-0.0123079
-0.153618,0,-0.0122512
-0.153631,0,-0.0121947
-0.153644,0,-0.0121383
-0.153657,0,-0.012082
-0.153669,0,-0.0120258
-0.153682,0,-0.0119672
-0.153695,0,-0.0119095
-0.153709,0,-0.0118464
-0.153721,0,-0.0117908
-0.153733,0,-0.0117352
-0.153746,0,-0.0116798
-0.153758,0,-0.0116245
-0.153769,0,-0.0115693
-0.153781,0,-0.0115143
-0.153793,0,-0.0114593
-0.153805,0,-0.0114045
-0.153816,0,-0.0113498
-0.153828,0,-0.0112952
-0.153839,0,-0.0112408
-0.15385,0,-0.0111865
-0.153862,0,-0.0111322
-0.153873,0,-0.0110782
-0.153884,0,-0.0110242
-0.153898,0,-0.0109568
-0.153912,0,-0.0108874
-0.153925,0,-0.0108227
-0.153935,0,-0.0107693
-0.153946,0,-0.0107161
-0.153956,0,-0.0106629
-0.153967,0,-0.0106099
-0.153977,0,-0.010557
-0.153988,0,-0.0105043
-0.153998,0,-0.0104511
-0.154008,0,-0.0103986
-0.154018,0,-0.0103462
-0.154028,0,-0.010294
-0.154038,0,-0.0102418
-0.154048,0,-0.0101898
-0.154058,0,-0.0101379
-0.154067,0,-0.0100862
-0.154077,0,-0.0100345
-0.154087,0,-0.00997991
-0.154096,0,-0.00992853
-0.154106,0,-0.00987727
-0.154115,0,-0.00982614
-0.154124,0,-0.00977513
-0.154134,0,-0.00972425
-0.154143,0,-0.00967349
-0.154152,0,-0.00962286
-0.154161,0,-0.00957236
-0.154169,0,-0.00952198
-0.154178,0,-0.00947173
-0.154187,0,-0.0094216
-0.154196,0,-0.0093716
-0.154204,0,-0.00932173
-0.154213,0,-0.00927198
-0.154221,0,-0.00922236
-0.15423,0,-0.00917287
-0.154238,0,-0.00912229
-0.154246,0,-0.00907305
-0.154255,0,-0.00902394
-0.154263,0,-0.00897496
-0.154271,0,-0.0089261
-0.154279,0,-0.00887737
-0.154287,0,-0.00882877
-0.154295,0,-0.0087803
-0.154302,0,-0.00873165
-0.15431,0,-0.00868343
-0.154318,0,-0.00863534
-0.154325,0,-0.00858738
-0.154333,0,-0.00853955
-0.15434,0,-0.00849184
-0.154348,0,-0.00844427
-0.154355,0,-0.00839682
-0.154363,0,-0.0083495
-0.15437,0,-0.00830231
-0.154377,0,-0.00825525
-0.154384,0,-0.00820831
-0.154391,0,-0.00816151
-0.154398,0,-0.00811483
-0.154405,0,-0.00806828
-0.154412,0,-0.00802187
-0.154419,0,-0.00797558
-0.154425,0,-0.00792942
-0.154432,0,-0.00788339
-0.154439,0,-0.00783749
-0.154445,0,-0.00779171
-0.154452,0,-0.00774607
-0.154458,0,-0.00770056
-0.154465,0,-0.00765518
-0.154471,0,-0.00760992
-0.154477,0,-0.0075648
-0.154484,0,-0.00751981
-0.15449,0,-0.00747423
-0.154496,0,-0.0074295
-0.154502,0,-0.0073849
-0.154508,0,-0.00734043
-0.154514,0,-0.00729609
-0.15452,0,-0.00725188
-0.154526,0,-0.0072078
-0.154531,0,-0.00716385
-0.154537,0,-0.00712003
-0.154543,0,-0.00707634
-0.154549,0,-0.00703279
-0.154554,0,-0.00698936
-0.15456,0,-0.00694606
-0.154565,0,-0.0069029
-0.154571,0,-0.00685987
-0.154576,0,-0.00681696
-0.154581,0,-0.00677419
-0.154587,0,-0.00673155
-0.154592,0,-0.00668904
-0.154597,0,-0.00664666
-0.154602,0,-0.00660442
-0.154607,0,-0.0065623
-0.154612,0,-0.00652032
-0.154617,0,-0.00647847
-0.154622,0,-0.00643675
-0.154627,0,-0.00639516
-0.154632,0,-0.00635352
-0.154637,0,-0.0063122
-0.154641,0,-0.006271
-0.154646,0,-0.00622994
-0.154651,0,-0.00618902
-0.154655,0,-0.00614822
-0.15466,0,-0.00610756
-0.154665,0,-0.00606467
-0.154669,0,-0.00602428
-0.154673,0,-0.00598402
-0.154678,0,-0.00594389
-0.154682,0,-0.0059039
-0.154686,0,-0.00586404
-0.154691,0,-0.00582431
-0.154695,0,-0.00578471
-0.154699,0,-0.00574524
-0.154703,0,-0.00570591
-0.154707,0,-0.00566671
-0.154711,0,-0.00562765
-0.154715,0,-0.00558871
-0.154719,0,-0.00554991
-0.154723,0,-0.00551124
-0.154727,0,-0.00547271
-0.154731,0,-0.0054343
-0.154735,0,-0.00539604
-0.154738,0,-0.00535751
-0.154742,0,-0.00531951
-0.154746,0,-0.00528164
-0.154749,0,-0.00524391
-0.154753,0,-0.0052063
-0.154757,0,-0.00516884
-0.15476,0,-0.00513022
-0.154764,0,-0.00509294
-0.154767,0,-0.00505587
-0.154771,0,-0.00501894
-0.154774,0,-0.00498215
-0.154777,0,-0.00494548
-0.15478,0,-0.00490896
-0.154784,0,-0.00487256
-0.154787,0,-0.0048363
-0.15479,0,-0.00480017
-0.154793,0,-0.00476281
-0.154796,0,-0.00472696
-0.1548,0,-0.00469124
-0.154803,0,-0.00465565
-0.154806,0,-0.00462019
-0.154809,0,-0.00458487
-0.154811,0,-0.00454969
-0.154814,0,-0.00451427
-0.154817,0,-0.00447935
-0.15482,0,-0.00444457
-0.154823,0,-0.00440992
-0.154826,0,-0.00437541
-0.154828,0,-0.00434103
-0.154831,0,-0.00430678
-0.154834,0,-0.00427267
-0.154836,0,-0.0042387
-0.154839,0,-0.00420486
-0.154842,0,-0.00417115
-0.154844,0,-0.00413758
-0.154847,0,-0.00410414
-0.154849,0,-0.00407083
-0.154852,0,-0.00403766
-0.154854,0,-0.00400463
-0.154856,0,-0.00397173
-0.154859,0,-0.00393896
-0.154861,0,-0.00390633
-0.154863,0,-0.00387383
-0.154866,0,-0.00384147
-0.154868,0,-0.00380925
-0.15487,0,-0.00377715
-0.154872,0,-0.0037452
-0.154875,0,-0.00371337
-0.154877,0,-0.00368168
-0.154879,0,-0.0036493
-0.154881,0,-0.00361788
-0.154883,0,-0.0035866
-0.154885,0,-0.00355064
-0.154888,0,-0.00351286
-0.15489,0,-0.00347785
-0.154892,0,-0.0034456
-0.154894,0,-0.00341507
-0.154896,0,-0.00338468
-0.154898,0,-0.00334948
-0.1549,0,-0.00331938
-0.154902,0,-0.00328891
-0.154903,0,-0.00325909
-0.154905,0,-0.00322939
-0.154907,0,-0.00319983
-0.154909,0,-0.00317041
-0.15491,0,-0.00314013
-0.154912,0,-0.00311098
-0.154914,0,-0.00308152
-0.154915,0,-0.00305265
-0.154917,0,-0.00302391
-0.154918,0,-0.0029953
-0.15492,0,-0.00296683
-0.154921,0,-0.0029385
-0.154923,0,-0.0029103
-0.154924,0,-0.00288224
-0.154926,0,-0.00285431
-0.154927,0,-0.00282652
-0.154929,0,-0.00279886
-0.15493,0,-0.00277134
-0.154932,0,-0.00274396
-0.154933,0,-0.00271504
-0.154934,0,-0.00268793
-0.154936,0,-0.00266096
-0.154937,0,-0.00263413
-0.154938,0,-0.00260743
-0.154939,0,-0.00258087
-0.154941,0,-0.00255444
-0.154942,0,-0.00252815
-0.154943,0,-0.00250199
-0.154944,0,-0.00247597
-0.154945,0,-0.00245008
-0.154947,0,-0.00242433
-0.154948,0,-0.00239872
-0.154949,0,-0.00237324
-0.15495,0,-0.0023479
-0.154951,0,-0.00232269
-0.154952,0,-0.00229762
-0.154953,0,-0.00227269
-0.154954,0,-0.00224789
-0.154955,0,-0.00222322
-0.154956,0,-0.0021987
-0.154957,0,-0.0021743
-0.154958,0,-0.00215005
-0.154959,0,-0.00212593
-0.15496,0,-0.00210194
-0.154961,0,-0.00207693
-0.154962,0,-0.00205322
-0.154963,0,-0.00202965
-0.154963,0,-0.00200622
-0.154964,0,-0.00198292
-0.154965,0,-0.00195976
-0.154966,0,-0.00193673
-0.154967,0,-0.00190911
-0.154968,0,-0.00187566
-0.154969,0,-0.00184871
-0.15497,0,-0.00182634
-0.154971,0,-0.00179988
-0.154971,0,-0.00177781
-0.154972,0,-0.00175184
-0.154973,0,-0.00171994
-0.154974,0,-0.00169464
-0.154975,0,-0.00167324
-0.154975,0,-0.00165197
-0.154976,0,-0.0016272
-0.154977,0,-0.00159412
-0.154978,0,-0.00157112
-0.154978,0,-0.00154594
-0.154979,0,-0.00152102
-0.15498,0,-0.00149638
-0.15498,0,-0.001472
-0.154981,0,-0.00144776
-0.154982,0,-0.00142369
-0.154982,0,-0.0013998
-0.154983,0,-0.00137179
-0.154983,0,-0.00135075
-0.154984,0,-0.00133165
-0.154984,0,-0.00131268
-0.154985,0,-0.00129385
-0.154985,0,-0.00127515
-0.154986,0,-0.00125659
-0.154986,0,-0.00123817
-0.154986,0,-0.00121869
-0.154987,0,-0.00120055
-0.154987,0,-0.00118254
-0.154988,0,-0.00116467
-0.154988,0,-0.00114694
-0.154988,0,-0.00112934
-0.154989,0,-0.00111188
-0.154989,0,-0.00109456
-0.154989,0,-0.00107737
-0.15499,0,-0.00106032
-0.15499,0,-0.0010434
-0.15499,0,-0.00102662
-0.154991,0,-0.00100998
-0.154991,0,-0.000993471
-0.154991,0,-0.000977037
-0.154992,0,-0.000960803
-0.154992,0,-0.000944705
-0.154992,0,-0.000928744
-0.154992,0,-0.000912919
-0.154993,0,-0.000897231
-0.154993,0,-0.000881678
-0.154993,0,-0.000866262
-0.154993,0,-0.000850982
-0.154994,0,-0.000835839
-0.154994,0,-0.000820832
-0.154994,0,-0.000805961
-0.154994,0,-0.000791227
-0.154995,0,-0.000776629
-0.154995,0,-0.000762167
-0.154995,0,-0.000747841
-0.154995,0,-0.000733652
-0.154995,0,-0.000719599
-0.154995,0,-0.000705683
-0.154996,0,-0.000691903
-0.154996,0,-0.000678259
-0.154996,0,-0.000664751
-0.154996,0,-0.00065138
-0.154996,0,-0.000638145
-0.154996,0,-0.000625047
-0.154997,0,-0.000612085
-0.154997,0,-0.000599259
-0.154997,0,-0.000586569
-0.154997,0,-0.000551251
-0.154997,0,-0.000539085
-0.154997,0,-0.000527056
-0.154998,0,-0.000514461
-0.154998,0,-0.000502712
-0.154998,0,-0.0004911
-0.154998,0,-0.000479625
-0.154998,0,-0.000468286
-0.154998,0,-0.000457083
-0.154998,0,-0.000446016
-0.154998,0,-0.000435086
-0.154998,0,-0.000423844
-0.154998,0,-0.000413192
-0.154999,0,-0.000402677
-0.154999,0,-0.000392298
-0.154999,0,-0.000382055
-0.154999,0,-0.000371949
-0.154999,0,-0.000361481
-0.154999,0,-0.000351655
-0.154999,0,-0.000341964
-0.154999,0,-0.000332317
-0.154999,0,-0.000322901
-0.154999,0,-0.000313621
-0.154999,0,-0.000304477
-0.154999,0,-0.00029547
-0.154999,0,-0.0002866
-0.154999,0,-0.000277866
-0.154999,0,-0.000269268
-0.154999,0,-0.000260806
-0.154999,0,-0.000252481
-0.154999,0,-0.000244293
-0.154999,0,-0.00023624
-0.155,0,-0.000228324
-0.155,0,-0.000220545
-0.155,0,-0.000212902
-0.155,0,-0.000205395
-0.155,0,-0.000198024
-0.155,0,-0.00019079
-0.155,0,-0.000183693
-0.155,0,-0.000176732
-0.155,0,-0.000169907
-0.155,0,-0.000163218
-0.155,0,-0.000156666
-0.155,0,-0.000150251
-0.155,0,-0.000143971
-0.155,0,-0.000137828
-0.155,0,-0.000131822
-0.155,0,-0.000125952
-0.155,0,-0.000120218
-0.155,0,-0.000114621
-0.155,0,-0.00010916
-0.155,0,-0.000103835
-0.155,0,-9.86471e-05
-0.155,0,-9.35953e-05
-0.155,0,-8.86576e-05
-0.155,0,-8.38793e-05
-0.155,0,-7.92373e-05
-0.155,0,-7.47317e-05
-0.155,0,-7.03625e-05
-0.155,0,-6.61297e-05
-0.155,0,-6.20333e-05
-0.155,0,-5.80733e-05
-0.155,0,-5.42496e-05
-0.155,0,-5.05624e-05
-0.155,0,-4.70115e-05
-0.155,0,-4.35971e-05
-0.155,0,-4.0319e-05
-0.155,0,-3.71773e-05
-0.155,0,-3.41721e-05
-0.155,0,-3.13032e-05
-0.155,0,-2.85478e-05
-0.155,0,-2.59154e-05
-0.155,0,-2.34589e-05
-0.155,0,-2.11388e-05
-0.155,0,-1.8955e-05
-0.155,0,-1.69077e-05
-0.155,0,-1.49967e-05
-0.155,0,-1.32221e-05
-0.155,0,-1.15839e-05
-0.155,0,-1.00822e-05
-0.155,0,-8.71676e-06
-0.155,0,-7.48775e-06
-0.155,0,-6.39514e-06
-0.155,0,-5.43891e-06
-0.155,0,-4.61908e-06
-0.155,0,-3.93563e-06
-0.155,0,-3.38858e-06
-0.155,0,-2.94878e-06
-0.155,0,-2.68632e-06
-0.155,0,-2.56025e-06
-0.155,0,-2.57058e-06
