7.45565e-08,0,2.02134e-20,0,0,0
0.000235021,0,6.33141e-10,0,0,0
0.000421412,0,3.65008e-09,0,0,0
0.000607803,0,1.09514e-08,0,0,0
0.000794194,0,2.44322e-08,0,0,0
0.000980586,0,4.59874e-08,0,0,0
0.00116698,0,7.75119e-08,0,0,0
0.00135337,0,1.20901e-07,0,0,0
0.00153976,0,1.78049e-07,0,0,0
0.00172615,0,2.50852e-07,0,0,0
0.00191254,0,3.41204e-07,0,0,0
0.00232864,0,6.15871e-07,0,0,0
0.00251503,0,7.75913e-07,0,0,0
0.00270142,0,9.61524e-07,0,0,0
0.00288782,0,1.1746e-06,0,0,0
0.00307421,0,1.41704e-06,0,0,0
0.00326285,0,1.69424e-06,0,0,0
0.00344924,0,2.00149e-06,0,0,0
0.00363564,0,2.34381e-06,0,0,0
0.00382203,0,2.7231e-06,0,0,0
0.00400842,0,3.14124e-06,0,0,0
0.00419481,0,3.60013e-06,0,0,0
0.0043812,0,4.10167e-06,0,0,0
0.00458505,0,4.70128e-06,0,0,0
0.00477145,0,5.29825e-06,0,0,0
0.00495784,0,5.94373e-06,0,0,0
0.00514423,0,6.63962e-06,0,0,0
0.00533062,0,7.3878e-06,0,0,0
0.00551701,0,8.19019e-06,0,0,0
0.0057034,0,9.04866e-06,0,0,0
0.00588979,0,9.96511e-06,0,0,0
0.00607618,0,1.09415e-05,0,0,0
0.00626257,0,1.19796e-05,0,0,0
0.00644897,0,1.30815e-05,0,0,0
0.00663536,0,1.42488e-05,0,0,0
0.00682175,0,1.54836e-05,0,0,0
0.00700814,0,1.67878e-05,0,0,0
0.00719453,0,1.81632e-05,0,0,0
0.00738092,0,1.96118e-05,0,0,0
0.0075676,0,2.11379e-05,0,0,0
0.00776799,0,2.28619e-05,0,0,0
0.00795438,0,2.45474e-05,0,0,0
0.00814076,0,2.63138e-05,0,0,0
0.00832715,0,2.81629e-05,0,0,0
0.00851353,0,3.00967e-05,0,0,0
0.00869992,0,3.2117e-05,0,0,0
0.0088863,0,3.42258e-05,0,0,0
0.00907269,0,3.6425e-05,0,0,0
0.00925907,0,3.87163e-05,0,0,0
0.00944545,0,4.11019e-05,0,0,0
0.00963184,0,4.35834e-05,0,0,0
0.00981822,0,4.61629e-05,0,0,0
0.0100054,0,4.88541e-05,0,0,0
0.0101918,0,5.16356e-05,0,0,0
0.0103782,0,5.45207e-05,0,0,0
0.0105646,0,5.75112e-05,0,0,0
0.0107509,0,6.06092e-05,0,0,0
0.0109373,0,6.38165e-05,0,0,0
0.0111237,0,6.7135e-05,0,0,0
0.0113101,0,7.05665e-05,0,0,0
0.0114964,0,7.41131e-05,0,0,0
0.0116844,0,7.78093e-05,0,0,0
0.0118718,0,8.16129e-05,0,0,0
0.0120582,0,8.55175e-05,0,0,0
0.0122445,0,8.95446e-05,0,0,0
0.0124327,0,9.37372e-05,0,0,0
0.0126191,0,9.80164e-05,0,0,0
0.0128054,0,0.000102424,0,0,0
0.0129918,0,0.000106962,0,0,0
0.0131782,0,0.000111632,0,0,0
0.0133645,0,0.000116435,0,0,0
0.0135509,0,0.000121375,0,0,0
0.0137372,0,0.000126453,0,0,0
0.0139541,0,0.000132536,0,0,0
0.0141404,0,0.000137918,0,0,0
0.0143267,0,0.000143444,0,0,0
0.0145131,0,0.000149115,0,0,0
0.0146994,0,0.000154934,0,0,0
0.0148858,0,0.000160903,0,0,0
0.0150721,0,0.000167022,0,0,0
0.0152584,0,0.000173295,0,0,0
0.0154448,0,0.000179723,0,0,0
0.0156311,0,0.000186308,0,0,0
0.0158174,0,0.000193052,0,0,0
0.0160037,0,0.000199957,0,0,0
0.0161901,0,0.000207024,0,0,0
0.0163764,0,0.000214256,0,0,0
0.0165627,0,0.000221655,0,0,0
0.016749,0,0.000229222,0,0,0
0.0169884,0,0.000239196,0,0,0
0.0171747,0,0.000247155,0,0,0
0.017361,0,0.000255288,0,0,0
0.0175473,0,0.000263598,0,0,0
0.0177336,0,0.000272086,0,0,0
0.0179198,0,0.000280754,0,0,0
0.0181061,0,0.000289605,0,0,0
0.0182924,0,0.000298639,0,0,0
0.0184786,0,0.00030786,0,0,0
0.0186649,0,0.000317268,0,0,0
0.0188515,0,0.000326883,0,0,0
0.0190377,0,0.000336673,0,0,0
0.019224,0,0.000346657,0,0,0
0.0194102,0,0.000356835,0,0,0
0.0195964,0,0.000367212,0,0,0
0.0197827,0,0.000377787,0,0,0
0.019969,0,0.000388568,0,0,0
0.0201552,0,0.000399548,0,0,0
0.0203414,0,0.000410732,0,0,0
0.0205276,0,0.000422123,0,0,0
0.0207138,0,0.000433723,0,0,0
0.0208999,0,0.000445533,0,0,0
0.0210861,0,0.000457556,0,0,0
0.0212723,0,0.000469793,0,0,0
0.0214584,0,0.000482246,0,0,0
0.0216446,0,0.000494918,0,0,0
0.0218307,0,0.000507809,0,0,0
0.0220169,0,0.000520922,0,0,0
0.022203,0,0.000534259,0,0,0
0.0223891,0,0.000547822,0,0,0
0.0225752,0,0.000561612,0,0,0
0.0227613,0,0.000575632,0,0,0
0.0229474,0,0.000589883,0,0,0
0.0231834,0,0.00060829,0,0,0
0.0233694,0,0.000623072,0,0,0
0.0235555,0,0.000638092,0,0,0
0.0237415,0,0.000653352,0,0,0
0.0239276,0,0.000668852,0,0,0
0.0241136,0,0.000684596,0,0,0
0.0242996,0,0.000700585,0,0,0
0.0244856,0,0.000716821,0,0,0
0.0246716,0,0.000733305,0,0,0
0.0248576,0,0.00075004,0,0,0
0.0250435,0,0.000767028,0,0,0
0.0252295,0,0.00078427,0,0,0
0.0254154,0,0.000801769,0,0,0
0.0256013,0,0.000819526,0,0,0
0.0257872,0,0.000837542,0,0,0
0.0259731,0,0.000855821,0,0,0
0.0261603,0,0.000874489,0,0,0
0.0263461,0,0.000893299,0,0,0
0.026532,0,0.000912377,0,0,0
0.0267178,0,0.000931725,0,0,0
0.0269036,0,0.000951344,0,0,0
0.0270894,0,0.000971236,0,0,0
0.0272752,0,0.000991403,0,0,0
0.027461,0,0.00101185,0,0,0
0.0276467,0,0.00103257,0,0,0
0.0278325,0,0.00105358,0,0,0
0.0280182,0,0.00107486,0,0,0
0.0282039,0,0.00109643,0,0,0
0.0283895,0,0.00111829,0,0,0
0.0285752,0,0.00114044,0,0,0
0.0287608,0,0.00116287,0,0,0
0.0289465,0,0.0011856,0,0,0
0.0291321,0,0.00120862,0,0,0
0.0293832,0,0.00124025,0,0,0
0.0295687,0,0.00126397,0,0,0
0.0297543,0,0.00128799,0,0,0
0.0299398,0,0.00131232,0,0,0
0.0301253,0,0.00133695,0,0,0
0.0303107,0,0.00136188,0,0,0
0.0304962,0,0.00138712,0,0,0
0.0306816,0,0.00141267,0,0,0
0.030867,0,0.00143854,0,0,0
0.0310523,0,0.00146471,0,0,0
0.0312377,0,0.0014912,0,0,0
0.031423,0,0.00151801,0,0,0
0.0316083,0,0.00154514,0,0,0
0.0317936,0,0.00157259,0,0,0
0.0319788,0,0.00160036,0,0,0
0.032164,0,0.00162845,0,0,0
0.0323492,0,0.00165688,0,0,0
0.0325344,0,0.00168563,0,0,0
0.0327195,0,0.00171471,0,0,0
0.0329046,0,0.00174412,0,0,0
0.0330897,0,0.00177387,0,0,0
0.0332747,0,0.00180395,0,0,0
0.0334597,0,0.00183437,0,0,0
0.0336447,0,0.00186513,0,0,0
0.0338296,0,0.00189623,0,0,0
0.0340146,0,0.00192767,0,0,0
0.0341994,0,0.00195946,0,0,0
0.0343843,0,0.0019916,0,0,0
0.0345691,0,0.00202408,0,0,0
0.0347539,0,0.00205692,0,0,0
0.0349386,0,0.0020901,0,0,0
0.0351233,0,0.00212365,0,0,0
0.035308,0,0.00215755,0,0,0
0.0354927,0,0.0021918,0,0,0
0.0356773,0,0.00222642,0,0,0
0.0358618,0,0.0022614,0,0,0
0.0360463,0,0.00229674,0,0,0
0.0362308,0,0.00233245,0,0,0
0.0364153,0,0.00236852,0,0,0
0.0365997,0,0.00240496,0,0,0
0.036784,0,0.00244178,0,0,0
0.0369684,0,0.00247897,0,0,0
0.0371527,0,0.00251653,0,0,0
0.0373369,0,0.00255447,0,0,0
0.0375211,0,0.00259279,0,0,0
0.0377052,0,0.00263148,0,0,0
0.0378894,0,0.00267056,0,0,0
0.0380734,0,0.00271003,0,0,0
0.0382574,0,0.00274988,0,0,0
0.0384414,0,0.00279012,0,0,0
0.0386253,0,0.00283074,0,0,0
0.0388092,0,0.00287176,0,0,0
0.038993,0,0.00291317,0,0,0
0.0391768,0,0.00295498,0,0,0
0.0393605,0,0.00299718,0,0,0
0.0395442,0,0.00303978,0,0,0
0.0397278,0,0.00308278,0,0,0
0.0399114,0,0.00312619,0,0,0
0.0400949,0,0.00317,0,0,0
0.0402784,0,0.00321421,0,0,0
0.0404618,0,0.00325883,0,0,0
0.0406452,0,0.00330386,0,0,0
0.0408285,0,0.00334931,0,0,0
0.0410117,0,0.00339516,0,0,0
0.0411949,0,0.00344144,0,0,0
0.041378,0,0.00348812,0,0,0
0.0415611,0,0.00353523,0,0,0
0.0417441,0,0.00358276,0,0,0
0.041927,0,0.00363071,0,0,0
0.0421099,0,0.00367908,0,0,0
0.0422928,0,0.00372788,0,0,0
0.0424755,0,0.00377711,0,0,0
0.0426582,0,0.00382677,0,0,0
0.0428409,0,0.00387685,0,0,0
0.0430234,0,0.00392738,0,0,0
0.0432059,0,0.00397833,0,0,0
0.0433884,0,0.00402973,0,0,0
0.0435707,0,0.00408156,0,0,0
0.043753,0,0.00413383,0,0,0
0.0439352,0,0.00418655,0,0,0
0.0441174,0,0.0042397,0,0,0
0.0442995,0,0.00429331,0,0,0
0.0444815,0,0.00434736,0,0,0
0.0446634,0,0.00440186,0,0,0
0.0448453,0,0.00445682,0,0,0
0.0450271,0,0.00451222,0,0,0
0.0452088,0,0.00456808,0,0,0
0.0453904,0,0.0046244,0,0,0
0.045572,0,0.00468117,0,0,0
0.0457535,0,0.00473841,0,0,0
0.0459349,0,0.0047961,0,0,0
0.0461162,0,0.00485427,0,0,0
0.0462974,0,0.00491289,0,0,0
0.0464786,0,0.00497198,0,0,0
0.0466596,0,0.00503155,0,0,0
0.0468406,0,0.00509158,0,0,0
0.0470215,0,0.00515208,0,0,0
0.0472023,0,0.00521306,0,0,0
0.047383,0,0.00527452,0,0,0
0.0475637,0,0.00533645,0,0,0
0.0477442,0,0.00539887,0,0,0
0.0479246,0,0.00546176,0,0,0
0.048105,0,0.00552514,0,0,0
0.0482853,0,0.005589,0,0,0
0.0484654,0,0.00565335,0,0,0
0.0486455,0,0.00571818,0,0,0
0.0488255,0,0.00578351,0,0,0
0.0490054,0,0.00584933,0,0,0
0.0491851,0,0.00591564,0,0,0
0.0493648,0,0.00598245,0,0,0
0.0495444,0,0.00604975,0,0,0
0.0497239,0,0.00611756,0,0,0
0.0499032,0,0.00618586,0,0,0
0.0500825,0,0.00625467,0,0,0
0.0502617,0,0.00632398,0,0,0
0.0504407,0,0.00639379,0,0,0
0.0506197,0,0.00646411,0,0,0
0.0507985,0,0.00653495,0,0,0
0.0509772,0,0.00660629,0,0,0
0.0511559,0,0.00667814,0,0,0
0.0513344,0,0.00675051,0,0,0
0.0515127,0,0.0068234,0,0,0
0.051691,0,0.0068968,0,0,0
0.0518692,0,0.00697072,0,0,0
0.0520472,0,0.00704517,0,0,0
0.0522251,0,0.00712013,0,0,0
0.0524029,0,0.00719562,0,0,0
0.0525806,0,0.00727164,0,0,0
0.0527582,0,0.00734818,0,0,0
0.0529356,0,0.00742526,0,0,0
0.0531129,0,0.00750286,0,0,0
0.0532901,0,0.007581,0,0,0
0.0534671,0,0.00765967,0,0,0
0.053644,0,0.00773888,0,0,0
0.0538211,0,0.00781876,0,0,0
0.0539978,0,0.00789905,0,0,0
0.0541743,0,0.00797988,0,0,0
0.0543507,0,0.00806125,0,0,0
0.054527,0,0.00814316,0,0,0
0.0547031,0,0.00822562,0,0,0
0.054879,0,0.00830863,0,0,0
0.0550549,0,0.00839219,0,0,0
0.0552306,0,0.0084763,0,0,0
0.0554061,0,0.00856097,0,0,0
0.0555815,0,0.00864618,0,0,0
0.0557568,0,0.00873196,0,0,0
0.0559319,0,0.00881829,0,0,0
0.0561069,0,0.00890518,0,0,0
0.0562817,0,0.00899263,0,0,0
0.0564563,0,0.00908064,0,0,0
0.0566309,0,0.00916922,0,0,0
0.0568052,0,0.00925836,0,0,0
0.0569794,0,0.00934807,0,0,0
0.0571534,0,0.00943835,0,0,0
0.0573273,0,0.0095292,0,0,0
0.057501,0,0.00962063,0,0,0
0.0576746,0,0.00971262,0,0,0
0.057848,0,0.0098052,0,0,0
0.0580212,0,0.00989835,0,0,0
0.0581943,0,0.00999207,0,0,0
0.0583672,0,0.0100864,0,0,0
0.0585399,0,0.0101813,0,0,0
0.0587124,0,0.0102767,0,0,0
0.0588848,0,0.0103728,0,0,0
0.059057,0,0.0104694,0,0,0
0.059229,0,0.0105667,0,0,0
0.0594009,0,0.0106645,0,0,0
0.0595726,0,0.0107629,0,0,0
0.059744,0,0.0108619,0,0,0
0.0599153,0,0.0109615,0,0,0
0.0600865,0,0.0110617,0,0,0
0.0602574,0,0.0111625,0,0,0
0.0604281,0,0.0112639,0,0,0
0.0605987,0,0.0113659,0,0,0
0.060769,0,0.0114685,0,0,0
0.0609392,0,0.0115717,0,0,0
0.0611092,0,0.0116755,0,0,0
0.061279,0,0.0117799,0,0,0
0.0614485,0,0.0118849,0,0,0
0.0616179,0,0.0119905,0,0,0
0.0617871,0,0.0120968,0,0,0
0.0619561,0,0.0122036,0,0,0
0.0621248,0,0.0123111,0,0,0
0.0622934,0,0.0124192,0,0,0
0.0624617,0,0.0125278,0,0,0
0.0626299,0,0.0126372,0,0,0
0.0627978,0,0.0127471,0,0,0
0.0629655,0,0.0128576,0,0,0
0.063133,0,0.0129688,0,0,0
0.0633002,0,0.0130806,0,0,0
0.0634673,0,0.013193,0,0,0
0.0636341,0,0.0133061,0,0,0
0.0638007,0,0.0134198,0,0,0
0.0639671,0,0.0135341,0,0,0
0.0641333,0,0.013649,0,0,0
0.0642992,0,0.0137646,0,0,0
0.0644649,0,0.0138808,0,0,0
0.0646303,0,0.0139977,0,0,0
0.0647956,0,0.0141151,0,0,0
0.0649605,0,0.0142333,0,0,0
0.0651253,0,0.014352,0,0,0
0.0652898,0,0.0144714,0,0,0
0.065454,0,0.0145915,0,0,0
0.0656181,0,0.0147121,0,0,0
0.0657818,0,0.0148335,0,0,0
0.0659453,0,0.0149555,0,0,0
0.0661086,0,0.0150781,0,0,0
0.0662716,0,0.0152014,0,0,0
0.0664344,0,0.0153253,0,0,0
0.0665968,0,0.0154499,0,0,0
0.0667591,0,0.0155751,0,0,0
0.0669211,0,0.015701,0,0,0
0.0670828,0,0.0158275,0,0,0
0.0672442,0,0.0159547,0,0,0
0.0674054,0,0.0160826,0,0,0
0.0675663,0,0.0162111,0,0,0
0.0677269,0,0.0163403,0,0,0
0.0678873,0,0.0164701,0,0,0
0.0680473,0,0.0166006,0,0,0
0.0682071,0,0.0167318,0,0,0
0.0683667,0,0.0168636,0,0,0
0.0685259,0,0.0169961,0,0,0
0.0686849,0,0.0171293,0,0,0
0.0688435,0,0.0172631,0,0,0
0.0690019,0,0.0173976,0,0,0
0.06916,0,0.0175328,0,0,0
0.0693177,0,0.0176687,0,0,0
0.0694752,0,0.0178052,0,0,0
0.0696324,0,0.0179424,0,0,0
0.0697893,0,0.0180803,0,0,0
0.0699459,0,0.0182188,0,0,0
0.0701022,0,0.0183581,0,0,0
0.0702582,0,0.018498,0,0,0
0.0704138,0,0.0186386,0,0,0
0.0705692,0,0.0187799,0,0,0
0.0707242,0,0.0189219,0,0,0
0.0708789,0,0.0190646,0,0,0
0.0710333,0,0.0192079,0,0,0
0.0711874,0,0.0193519,0,0,0
0.0713411,0,0.0194967,0,0,0
0.0714945,0,0.0196421,0,0,0
0.0716476,0,0.0197882,0,0,0
0.0718004,0,0.019935,0,0,0
0.0719528,0,0.0200825,0,0,0
0.0721049,0,0.0202306,0,0,0
0.0722566,0,0.0203795,0,0,0
0.072408,0,0.0205291,0,0,0
0.0725591,0,0.0206794,0,0,0
0.0727098,0,0.0208303,0,0,0
0.0728601,0,0.020982,0,0,0
0.0730102,0,0.0211344,0,0,0
0.0731598,0,0.0212875,0,0,0
0.0733091,0,0.0214412,0,0,0
0.0734581,0,0.0215957,0,0,0
0.0736066,0,0.0217509,0,0,0
0.0737548,0,0.0219068,0,0,0
0.0739027,0,0.0220634,0,0,0
0.0740502,0,0.0222207,0,0,0
0.0741973,0,0.0223787,0,0,0
0.074344,0,0.0225375,0,0,0
0.0744904,0,0.0226969,0,0,0
0.0746363,0,0.022857,0,0,0
0.0747819,0,0.0230179,0,0,0
0.0749271,0,0.0231795,0,0,0
0.0750719,0,0.0233418,0,0,0
0.0752164,0,0.0235048,0,0,0
0.0753604,0,0.0236685,0,0,0
0.075504,0,0.0238329,0,0,0
0.0756473,0,0.0239981,0,0,0
0.0757901,0,0.024164,0,0,0
0.0759325,0,0.0243306,0,0,0
0.0760746,0,0.0244979,0,0,0
0.0762162,0,0.0246659,0,0,0
0.0763574,0,0.0248347,0,0,0
0.0764982,0,0.0250042,0,0,0
0.0766385,0,0.0251744,0,0,0
0.0767785,0,0.0253453,0,0,0
0.076918,0,0.025517,0,0,0
0.0770571,0,0.0256894,0,0,0
0.0771958,0,0.0258625,0,0,0
0.077334,0,0.0260363,0,0,0
0.0774718,0,0.0262109,0,0,0
0.0776092,0,0.0263862,0,0,0
0.0777461,0,0.0265622,0,0,0
0.0778826,0,0.026739,0,0,0
0.0780186,0,0.0269165,0,0,0
0.0781542,0,0.0270947,0,0,0
0.0782893,0,0.0272737,0,0,0
0.078424,0,0.0274534,0,0,0
0.0785582,0,0.0276338,0,0,0
0.078692,0,0.027815,0,0,0
0.0788253,0,0.0279969,0,0,0
0.0789581,0,0.0281795,0,0,0
0.0790905,0,0.0283629,0,0,0
0.0792224,0,0.028547,0,0,0
0.0793538,0,0.0287319,0,0,0
0.0794847,0,0.0289174,0,0,0
0.0796151,0,0.0291038,0,0,0
0.0797451,0,0.0292908,0,0,0
0.0798746,0,0.0294787,0,0,0
0.0800036,0,0.0296672,0,0,0
0.0801321,0,0.0298565,0,0,0
0.08026,0,0.0300465,0,0,0
0.0803875,0,0.0302373,0,0,0
0.0805145,0,0.0304288,0,0,0
0.080641,0,0.0306211,0,0,0
0.080767,0,0.0308141,0,0,0
0.0808924,0,0.0310079,0,0,0
0.0810174,0,0.0312024,0,0,0
0.0811418,0,0.0313976,0,0,0
0.0812657,0,0.0315936,0,0,0
0.0813891,0,0.0317904,0,0,0
0.0815119,0,0.0319879,0,0,0
0.0816342,0,0.0321861,0,0,0
0.081756,0,0.0323851,0,0,0
0.0818773,0,0.0325848,0,0,0
0.081998,0,0.0327853,0,0,0
0.0821181,0,0.0329865,0,0,0
0.0822377,0,0.0331885,0,0,0
0.0823568,0,0.0333912,0,0,0
0.0824753,0,0.0335947,0,0,0
0.0825932,0,0.033799,0,0,0
0.0827106,0,0.0340039,0,0,0
0.0828274,0,0.0342097,0,0,0
0.0829437,0,0.0344162,0,0,0
0.0830594,0,0.0346234,0,0,0
0.0831745,0,0.0348314,0,0,0
0.083289,0,0.0350401,0,0,0
0.083403,0,0.0352496,0,0,0
0.0835163,0,0.0354599,0,0,0
0.0836291,0,0.0356708,0,0,0
0.0837413,0,0.0358826,0,0,0
0.0838529,0,0.0360951,0,0,0
0.0839639,0,0.0363084,0,0,0
0.0840742,0,0.0365224,0,0,0
0.084184,0,0.0367371,0,0,0
0.0842932,0,0.0369526,0,0,0
0.0844018,0,0.0371689,0,0,0
0.0845097,0,0.0373859,0,0,0
0.0846171,0,0.0376037,0,0,0
0.0847238,0,0.0378222,0,0,0
0.0848299,0,0.0380415,0,0,0
0.0849353,0,0.0382616,0,0,0
0.0850401,0,0.0384824,0,0,0
0.0851443,0,0.0387039,0,0,0
0.0852479,0,0.0389262,0,0,0
0.0853508,0,0.0391492,0,0,0
0.085453,0,0.0393731,0,0,0
0.0855546,0,0.0395976,0,0,0
0.0856556,0,0.0398229,0,0,0
0.0857559,0,0.040049,0,0,0
0.0858555,0,0.0402758,0,0,0
0.0859545,0,0.0405034,0,0,0
0.0860528,0,0.0407317,0,0,0
0.0861504,0,0.0409608,0,0,0
0.0862473,0,0.0411906,0,0,0
0.0863436,0,0.0414212,0,0,0
0.0864392,0,0.0416525,0,0,0
0.0865341,0,0.0418846,0,0,0
0.0866283,0,0.0421175,0,0,0
0.0867218,0,0.0423511,0,0,0
0.0868147,0,0.0425854,0,0,0
0.0869068,0,0.0428205,0,0,0
0.0869982,0,0.0430563,0,0,0
0.0870889,0,0.0432929,0,0,0
0.0871789,0,0.0435303,0,0,0
0.0872682,0,0.0437684,0,0,0
0.0873567,0,0.0440072,0,0,0
0.0874446,0,0.0442468,0,0,0
0.0875317,0,0.0444871,0,0,0
0.0876181,0,0.0447282,0,0,0
0.0877037,0,0.0449701,0,0,0
0.0877886,0,0.0452127,0,0,0
0.0878728,0,0.045456,0,0,0
0.0879562,0,0.0457001,0,0,0
0.0880388,0,0.0459449,0,0,0
0.0881207,0,0.0461905,0,0,0
0.0882019,0,0.0464368,0,0,0
0.0882823,0,0.0466838,0,0,0
0.0883619,0,0.0469316,0,0,0
0.0884408,0,0.0471802,0,0,0
0.0885188,0,0.0474295,0,0,0
0.0885961,0,0.0476795,0,0,0
0.0886727,0,0.0479303,0,0,0
0.0887484,0,0.0481818,0,0,0
0.0888233,0,0.048434,0,0,0
0.0888975,0,0.048687,0,0,0
0.0889709,0,0.0489407,0,0,0
0.0890434,0,0.0491952,0,0,0
0.0891152,0,0.0494504,0,0,0
0.0891861,0,0.0497063,0,0,0
0.0892562,0,0.049963,0,0,0
0.0893256,0,0.0502204,0,0,0
0.089394,0,0.0504786,0,0,0
0.0894617,0,0.0507374,0,0,0
0.0895286,0,0.050997,0,0,0
0.0895946,0,0.0512574,0,0,0
0.0896597,0,0.0515185,0,0,0
0.0897241,0,0.0517802,0,0,0
0.0897875,0,0.0520428,0,0,0
0.0898502,0,0.052306,0,0,0
0.089912,0,0.05257,0,0,0
0.0899729,0,0.0528347,0,0,0
0.090033,0,0.0531002,0,0,0
0.0900922,0,0.0533663,0,0,0
0.0901505,0,0.0536332,0,0,0
0.0902079,0,0.0539008,0,0,0
0.0902645,0,0.0541691,0,0,0
0.0903202,0,0.0544381,0,0,0
0.090375,0,0.0547079,0,0,0
0.090429,0,0.0549784,0,0,0
0.090482,0,0.0552496,0,0,0
0.0905341,0,0.0555215,0,0,0
0.0905854,0,0.0557941,0,0,0
0.0906357,0,0.0560674,0,0,0
0.0906851,0,0.0563414,0,0,0
0.0907336,0,0.0566162,0,0,0
0.0907812,0,0.0568917,0,0,0
0.0908278,0,0.0571678,0,0,0
0.0908736,0,0.0574447,0,0,0
0.0909184,0,0.0577223,0,0,0
0.0909622,0,0.0580005,0,0,0
0.0910051,0,0.0582795,0,0,0
0.0910471,0,0.0585592,0,0,0
0.0910882,0,0.0588396,0,0,0
0.0911282,0,0.0591207,0,0,0
0.0911674,0,0.0594024,0,0,0
0.0912055,0,0.0596849,0,0,0
0.0912427,0,0.0599681,0,0,0
0.091279,0,0.0602519,0,0,0
0.0913142,0,0.0605365,0,0,0
0.0913485,0,0.0608217,0,0,0
0.0913818,0,0.0611076,0,0,0
0.0914141,0,0.0613942,0,0,0
0.0914454,0,0.0616815,0,0,0
0.0914757,0,0.0619695,0,0,0
0.0915051,0,0.0622581,0,0,0
0.0915334,0,0.0625474,0,0,0
0.0915607,0,0.0628374,0,0,0
0.091587,0,0.0631281,0,0,0
0.0916123,0,0.0634194,0,0,0
0.0916365,0,0.0637115,0,0,0
0.0916598,0,0.0640042,0,0,0
0.091682,0,0.0642975,0,0,0
0.0917032,0,0.0645915,0,0,0
0.0917233,0,0.0648862,0,0,0
0.0917424,0,0.0651816,0,0,0
0.0917604,0,0.0654776,0,0,0
0.0917775,0,0.0657755,0,0,0
0.0917934,0,0.0660728,0,0,0
0.0918083,0,0.0663708,0,0,0
0.0918221,0,0.0666694,0,0,0
0.0918349,0,0.0669687,0,0,0
0.0918465,0,0.0672686,0,0,0
0.0918571,0,0.0675692,0,0,0
0.0918666,0,0.0678704,0,0,0
0.0918751,0,0.0681723,0,0,0
0.0918824,0,0.0684748,0,0,0
0.0918886,0,0.0687779,0,0,0
0.0918938,0,0.0690817,0,0,0
0.0918978,0,0.0693861,0,0,0
0.0919008,0,0.0696911,0,0,0
0.0919026,0,0.0699968,0,0,0
0.0919033,0,0.0703031,0,0,0
0.0919028,0,0.07061,0,0,0
0.0919013,0,0.0709175,0,0,0
0.0918986,0,0.0712256,0,0,0
0.0918948,0,0.0715344,0,0,0
0.0918898,0,0.0718438,0,0,0
0.0918837,0,0.0721538,0,0,0
0.0918765,0,0.0724643,0,0,0
0.0918681,0,0.0727755,0,0,0
0.0918585,0,0.0730874,0,0,0
0.0918478,0,0.0733998,0,0,0
0.0918359,0,0.0737128,0,0,0
0.0918229,0,0.0740264,0,0,0
0.0918087,0,0.0743406,0,0,0
0.0917933,0,0.0746553,0,0,0
0.0917767,0,0.0749707,0,0,0
0.0917589,0,0.0752867,0,0,0
0.0917399,0,0.0756032,0,0,0
0.0917197,0,0.0759203,0,0,0
0.0916984,0,0.076238,0,0,0
0.0916758,0,0.0765563,0,0,0
0.091652,0,0.0768751,0,0,0
0.091627,0,0.0771945,0,0,0
0.0916008,0,0.0775145,0,0,0
0.0915733,0,0.077835,0,0,0
0.0915447,0,0.0781561,0,0,0
0.0915148,0,0.0784778,0,0,0
0.0914836,0,0.0788,0,0,0
0.0914512,0,0.0791227,0,0,0
0.0914176,0,0.079446,0,0,0
0.0913827,0,0.0797699,0,0,0
0.0913466,0,0.0800943,0,0,0
0.0913092,0,0.0804192,0,0,0
0.0912705,0,0.0807447,0,0,0
0.0912306,0,0.0810706,0,0,0
0.0911893,0,0.0813972,0,0,0
0.0911469,0,0.0817242,0,0,0
0.0911031,0,0.0820518,0,0,0
0.091058,0,0.0823799,0,0,0
0.0910117,0,0.0827085,0,0,0
0.0909641,0,0.0830376,0,0,0
0.0909151,0,0.0833672,0,0,0
0.0908649,0,0.0836973,0,0,0
0.0908133,0,0.0840279,0,0,0
0.0907604,0,0.0843591,0,0,0
0.0907062,0,0.0846907,0,0,0
0.0906507,0,0.0850228,0,0,0
0.0905939,0,0.0853554,0,0,0
0.0905357,0,0.0856885,0,0,0
0.0904762,0,0.086022,0,0,0
0.0904154,0,0.0863561,0,0,0
0.0903532,0,0.0866906,0,0,0
0.0902896,0,0.0870256,0,0,0
0.0902247,0,0.087361,0,0,0
0.0901585,0,0.0876969,0,0,0
0.0900909,0,0.0880333,0,0,0
0.0900219,0,0.0883701,0,0,0
0.0899515,0,0.0887074,0,0,0
0.0898798,0,0.0890451,0,0,0
0.0898067,0,0.0893833,0,0,0
0.0897322,0,0.0897219,0,0,0
0.0896563,0,0.0900609,0,0,0
0.089579,0,0.0904004,0,0,0
0.0895003,0,0.0907402,0,0,0
0.0894202,0,0.0910806,0,0,0
0.0893387,0,0.0914213,0,0,0
0.0892558,0,0.0917624,0,0,0
0.0891715,0,0.092104,0,0,0
0.0890857,0,0.092446,0,0,0
0.0889986,0,0.0927883,0,0,0
0.08891,0,0.0931311,0,0,0
0.0888199,0,0.0934742,0,0,0
0.0887285,0,0.0938178,0,0,0
0.0886355,0,0.0941617,0,0,0
0.0885412,0,0.094506,0,0,0
0.0884454,0,0.0948507,0,0,0
0.0883481,0,0.0951958,0,0,0
0.0882494,0,0.0955412,0,0,0
0.0881492,0,0.095887,0,0,0
0.0880475,0,0.0962331,0,0,0
0.0879444,0,0.0965796,0,0,0
0.0878398,0,0.0969265,0,0,0
0.0877337,0,0.0972737,0,0,0
0.0876261,0,0.0976212,0,0,0
0.087517,0,0.0979691,0,0,0
0.0874064,0,0.0983173,0,0,0
0.0872944,0,0.0986658,0,0,0
0.0871808,0,0.0990147,0,0,0
0.0870657,0,0.0993638,0,0,0
0.0869491,0,0.0997133,0,0,0
0.086831,0,0.100063,0,0,0
0.0867114,0,0.100413,0,0,0
0.0865902,0,0.100764,0,0,0
0.0864675,0,0.101114,0,0,0
0.0863433,0,0.101465,0,0,0
0.0862175,0,0.101816,0,0,0
0.0860902,0,0.102168,0,0,0
0.0859614,0,0.10252,0,0,0
0.085831,0,0.102872,0,0,0
0.085699,0,0.103224,0,0,0
0.0855655,0,0.103577,0,0,0
0.0854304,0,0.10393,0,0,0
0.0852938,0,0.104283,0,0,0
0.0851556,0,0.104636,0,0,0
0.0850158,0,0.10499,0,0,0
0.0848744,0,0.105343,0,0,0
0.0847314,0,0.105697,0,0,0
0.0845869,0,0.106052,0,0,0
0.0844407,0,0.106406,0,0,0
0.084293,0,0.106761,0,0,0
0.0841437,0,0.107116,0,0,0
0.0839927,0,0.107471,0,0,0
0.0838402,0,0.107826,0,0,0
0.083686,0,0.108181,0,0,0
0.0835302,0,0.108537,0,0,0
0.0833728,0,0.108893,0,0,0
0.0832138,0,0.109249,0,0,0
0.0830531,0,0.109605,0,0,0
0.0828908,0,0.109961,0,0,0
0.0827269,0,0.110318,0,0,0
0.0825613,0,0.110674,0,0,0
0.0823941,0,0.111031,0,0,0
0.0822252,0,0.111388,0,0,0
0.0820547,0,0.111745,0,0,0
0.0818825,0,0.112102,0,0,0
0.0817087,0,0.112459,0,0,0
0.0815332,0,0.112817,0,0,0
0.081356,0,0.113174,0,0,0
0.0811772,0,0.113532,0,0,0
0.0809966,0,0.113889,0,0,0
0.0808144,0,0.114247,0,0,0
0.0806305,0,0.114605,0,0,0
0.080445,0,0.114963,0,0,0
0.0802577,0,0.115321,0,0,0
0.0800687,0,0.115679,0,0,0
0.079878,0,0.116037,0,0,0
0.0796857,0,0.116395,0,0,0
0.0794916,0,0.116753,0,0,0
0.0792958,0,0.117111,0,0,0
0.0790983,0,0.11747,0,0,0
0.0788991,0,0.117828,0,0,0
0.0786981,0,0.118186,0,0,0
0.0784955,0,0.118545,0,0,0
0.0782911,0,0.118903,0,0,0
0.0780849,0,0.119261,0,0,0
0.077877,0,0.11962,0,0,0
0.0776674,0,0.119978,0,0,0
0.0774561,0,0.120336,0,0,0
0.077243,0,0.120694,0,0,0
0.0770281,0,0.121053,0,0,0
0.0768115,0,0.121411,0,0,0
0.0765931,0,0.121769,0,0,0
0.076373,0,0.122127,0,0,0
0.0761511,0,0.122485,0,0,0
0.0759274,0,0.122843,0,0,0
0.075702,0,0.123201,0,0,0
0.0754748,0,0.123559,0,0,0
0.0752458,0,0.123916,0,0,0
0.075015,0,0.124274,0,0,0
0.0747824,0,0.124632,0,0,0
0.0745481,0,0.124989,0,0,0
0.0743119,0,0.125346,0,0,0
0.074074,0,0.125703,0,0,0
0.0738343,0,0.12606,0,0,0
0.0735927,0,0.126417,0,0,0
0.0733494,0,0.126774,0,0,0
0.0731042,0,0.127131,0,0,0
0.0728573,0,0.127487,0,0,0
0.0726085,0,0.127843,0,0,0
0.0723579,0,0.128199,0,0,0
0.0721054,0,0.128555,0,0,0
0.0718512,0,0.128911,0,0,0
0.0715951,0,0.129266,0,0,0
0.0713372,0,0.129622,0,0,0
0.0710775,0,0.129977,0,0,0
0.0708159,0,0.130332,0,0,0
0.0705525,0,0.130686,0,0,0
0.0702872,0,0.131041,0,0,0
0.0700201,0,0.131395,0,0,0
0.0697511,0,0.131749,0,0,0
0.0694803,0,0.132102,0,0,0
0.0692076,0,0.132456,0,0,0
0.0689331,0,0.132809,0,0,0
0.0686567,0,0.133162,0,0,0
0.0683785,0,0.133514,0,0,0
0.0680984,0,0.133867,0,0,0
0.0678164,0,0.134219,0,0,0
0.0675325,0,0.13457,0,0,0
0.0672468,0,0.134921,0,0,0
0.0669592,0,0.135272,0,0,0
0.0666697,0,0.135623,0,0,0
0.0663784,0,0.135973,0,0,0
0.0660851,0,0.136323,0,0,0
0.06579,0,0.136673,0,0,0
0.0654929,0,0.137022,0,0,0
0.065194,0,0.137371,0,0,0
0.0648932,0,0.137719,0,0,0
0.0645905,0,0.138067,0,0,0
0.0642859,0,0.138415,0,0,0
0.0639794,0,0.138762,0,0,0
0.0636709,0,0.139109,0,0,0
0.0633606,0,0.139455,0,0,0
0.0630484,0,0.139801,0,0,0
0.0627342,0,0.140147,0,0,0
0.0624182,0,0.140492,0,0,0
0.0621002,0,0.140836,0,0,0
0.0617803,0,0.141181,0,0,0
0.0614585,0,0.141524,0,0,0
0.0611348,0,0.141867,0,0,0
0.0608091,0,0.14221,0,0,0
0.0604815,0,0.142552,0,0,0
0.060152,0,0.142894,0,0,0
0.0598205,0,0.143235,0,0,0
0.0594872,0,0.143575,0,0,0
0.0591518,0,0.143915,0,0,0
0.0588146,0,0.144255,0,0,0
0.0584754,0,0.144594,0,0,0
0.0581343,0,0.144932,0,0,0
0.0577912,0,0.14527,0,0,0
0.0574462,0,0.145607,0,0,0
0.0570992,0,0.145944,0,0,0
0.0567503,0,0.146279,0,0,0
0.0563994,0,0.146615,0,0,0
0.0560466,0,0.14695,0,0,0
0.0556919,0,0.147284,0,0,0
0.0553351,0,0.147617,0,0,0
0.0549765,0,0.14795,0,0,0
0.0546158,0,0.148282,0,0,0
0.0542533,0,0.148614,0,0,0
0.0538887,0,0.148944,0,0,0
0.0535222,0,0.149275,0,0,0
0.0531537,0,0.149604,0,0,0
0.0527833,0,0.149933,0,0,0
0.0524109,0,0.150261,0,0,0
0.0520365,0,0.150588,0,0,0
0.0516602,0,0.150914,0,0,0
0.0512819,0,0.15124,0,0,0
0.0509016,0,0.151565,0,0,0
0.0505194,0,0.15189,0,0,0
0.0501352,0,0.152213,0,0,0
0.049749,0,0.152536,0,0,0
0.0493608,0,0.152858,0,0,0
0.0489707,0,0.153179,0,0,0
0.0485786,0,0.153499,0,0,0
0.0481845,0,0.153819,0,0,0
0.0477884,0,0.154137,0,0,0
0.0473903,0,0.154455,0,0,0
0.0469903,0,0.154772,0,0,0
0.0465883,0,0.155088,0,0,0
0.0461843,0,0.155404,0,0,0
0.0457784,0,0.155718,0,0,0
0.0453704,0,0.156031,0,0,0
0.0449605,0,0.156344,0,0,0
0.0445486,0,0.156656,0,0,0
0.0441347,0,0.156966,0,0,0
0.0437188,0,0.157276,0,0,0
0.0433009,0,0.157585,0,0,0
0.0428811,0,0.157893,0,0,0
0.0424592,0,0.1582,0,0,0
0.0420354,0,0.158506,0,0,0
0.0416096,0,0.158811,0,0,0
0.0411818,0,0.159115,0,0,0
0.040752,0,0.159418,0,0,0
0.0403203,0,0.15972,0,0,0
0.0398865,0,0.160021,0,0,0
0.0394508,0,0.160321,0,0,0
0.0390131,0,0.16062,0,0,0
0.0385734,0,0.160918,0,0,0
0.0381317,0,0.161214,0,0,0
0.037688,0,0.16151,0,0,0
0.0372423,0,0.161805,0,0,0
0.0367947,0,0.162098,0,0,0
0.0363451,0,0.162391,0,0,0
0.0358935,0,0.162682,0,0,0
0.0354399,0,0.162972,0,0,0
0.0349843,0,0.163261,0,0,0
0.0345267,0,0.163549,0,0,0
0.0340672,0,0.163836,0,0,0
0.0336057,0,0.164121,0,0,0
0.0331422,0,0.164406,0,0,0
0.0326767,0,0.164689,0,0,0
0.0322092,0,0.164971,0,0,0
0.0317398,0,0.165251,0,0,0
0.0312684,0,0.165531,0,0,0
0.030795,0,0.165809,0,0,0
0.0303196,0,0.166086,0,0,0
0.0298423,0,0.166362,0,0,0
0.0293629,0,0.166637,0,0,0
0.0288817,0,0.16691,0,0,0
0.0283984,0,0.167182,0,0,0
0.0279132,0,0.167453,0,0,0
0.027426,0,0.167722,0,0,0
0.0269368,0,0.16799,0,0,0
0.0264457,0,0.168257,0,0,0
0.0259526,0,0.168522,0,0,0
0.0254575,0,0.168786,0,0,0
0.0249605,0,0.169049,0,0,0
0.0244615,0,0.16931,0,0,0
0.0239606,0,0.16957,0,0,0
0.0234577,0,0.169828,0,0,0
0.0229529,0,0.170085,0,0,0
0.0224461,0,0.170341,0,0,0
0.0219373,0,0.170595,0,0,0
0.0214237,0,0.170849,0,0,0
0.0209111,0,0.171101,0,0,0
0.0203965,0,0.17135,0,0,0
0.0198799,0,0.171599,0,0,0
0.0193615,0,0.171846,0,0,0
0.018841,0,0.172091,0,0,0
0.0183187,0,0.172335,0,0,0
0.0177944,0,0.172577,0,0,0
0.0172682,0,0.172818,0,0,0
0.01674,0,0.173057,0,0,0
0.0162099,0,0.173295,0,0,0
0.0156779,0,0.173531,0,0,0
0.015144,0,0.173765,0,0,0
0.0146081,0,0.173998,0,0,0
0.0140704,0,0.17423,0,0,0
0.0135307,0,0.174459,0,0,0
0.0129891,0,0.174687,0,0,0
0.0124456,0,0.174914,0,0,0
0.0119002,0,0.175138,0,0,0
0.0113529,0,0.175362,0,0,0
0.0108037,0,0.175583,0,0,0
0.0102526,0,0.175803,0,0,0
0.00969965,0,0.176021,0,0,0
0.00914477,0,0.176237,0,0,0
0.00858801,0,0.176452,0,0,0
0.00802937,0,0.176665,0,0,0
0.00746884,0,0.176876,0,0,0
0.00690644,0,0.177085,0,0,0
0.00634217,0,0.177293,0,0,0
0.00577603,0,0.177499,0,0,0
0.00520803,0,0.177703,0,0,0
0.00463816,0,0.177905,0,0,0
0.00406644,0,0.178105,0,0,0
0.00349286,0,0.178304,0,0,0
0.00291743,0,0.178501,0,0,0
0.00234016,0,0.178696,0,0,0
0.00176105,0,0.178889,0,0,0
0.0011801,0,0.17908,0,0,0
0.000597314,0,0.179269,0,0,0
1.27017e-05,0,0.179457,0,0,0
-0,0,0.179643,0,0,0
-0,0,0.179829,0,0,0
-0,0,0.180016,0,0,0
-0,0,0.180202,0,0,0
-0,0,0.180388,0,0,0
-0,0,0.180575,0,0,0
-0,0,0.180761,0,0,0
-0,0,0.180948,0,0,0
-0,0,0.181134,0,0,0
-0,0,0.18132,0,0,0
-0,0,0.181507,0,0,0
-0,0,0.181693,0,0,0
-0,0,0.18188,0,0,0
-0,0,0.182066,0,0,0
-0,0,0.182252,0,0,0
-0,0,0.182439,0,0,0
-0,0,0.182625,0,0,0
-0,0,0.182812,0,0,0
-0,0,0.182998,0,0,0
-0,0,0.183184,0,0,0
-0,0,0.183371,0,0,0
-0,0,0.183557,0,0,0
-0,0,0.183744,0,0,0
-0,0,0.18393,0,0,0
-0,0,0.184116,0,0,0
-0,0,0.184303,0,0,0
-0,0,0.184489,0,0,0
-0,0,0.184675,0,0,0
-0,0,0.184862,0,0,0
-0,0,0.185048,0,0,0
-0,0,0.185235,0,0,0
-0,0,0.185421,0,0,0
-0,0,0.185607,0,0,0
-0,0,0.185794,0,0,0
-0,0,0.18598,0,0,0
-0,0,0.186167,0,0,0
-0,0,0.186353,0,0,0
-0,0,0.186391,0,0,0
-0,0,0.186391,0,0,0
-0,0,0.186391,0,0,0
-0,0,0.186391,0,0,0
-0,0,0.186391,0,0,0
-0,0,0.186391,0,0,0
-0,0,0.186391,0,0,0
-0,0,0.186391,0,0,0
-0,0,0.186391,0,0,0
-0,0,0.186391,0,0,0
-0,0,0.186391,0,0,0
-0,0,0.186391,0,0,0
-0,0,0.186391,0,0,0
-0,0,0.186391,0,0,0
-0,0,0.186391,0,0,0
-0,0,0.186391,0,0,0
-0,0,0.186391,0,0,0
-0,0,0.186391,0,0,0
-0,0,0.186391,0,0,0
-0,0,0.186391,0,0,0
-0,0,0.186391,0,0,0
-0,0,0.186391,0,0,0
-0,0,0.186391,0,0,0
-0,0,0.186391,0,0,0
-0,0,0.186391,0,0,0
-0,0,0.186391,0,0,0
-0,0,0.186391,0,0,0
-0,0,0.186391,0,0,0
-0,0,0.186391,0,0,0
-0,0,0.186391,0,0,0
-0,0,0.186391,0,0,0
-0,0,0.186391,0,0,0
-0,0,0.186391,0,0,0
-0,0,0.186391,0,0,0
-0,0,0.186391,0,0,0
-0,0,0.186391,0,0,0
-0,0,0.186391,0,0,0
-0,0,0.186391,0,0,0
-0,0,0.186391,0,0,0
-0,0,0.186391,0,0,0
-0,0,0.186391,0,0,0
-0,0,0.186391,0,0,0
-0,0,0.186391,0,0,0
-0,0,0.186391,0,0,0
-0,0,0.186391,0,0,0
-0,0,0.186391,0,0,0
-0,0,0.186391,0,0,0
-0,0,0.186391,0,0,0
-0,0,0.186391,0,0,0
-0,0,0.186391,0,0,0
-0,0,0.186391,0,0,0
-0,0,0.186391,0,0,0
-0,0,0.186391,0,0,0
-0,0,0.186391,0,0,0
-0,0,0.186391,0,0,0
-0,0,0.186391,0,0,0
-0,0,0.186391,0,0,0
-0,0,0.186391,0,0,0
-0,0,0.186391,0,0,0
-0,0,0.186391,0,0,0
-0,0,0.186391,0,0,0
-0,0,0.186391,0,0,0
-0,0,0.186391,0,0,0
-0,0,0.186391,0,0,0
-0,0,0.186391,0,0,0
-0,0,0.186391,0,0,0
-0,0,0.186391,0,0,0
-0,0,0.186391,0,0,0
-0,0,0.186391,0,0,0
-0,0,0.186391,0,0,0
-0,0,0.186391,0,0,0
-0,0,0.186391,0,0,0
-0,0,0.186391,0,0,0
-0,0,0.186391,0,0,0
-0,0,0.186391,0,0,0
-0,0,0.186391,0,0,0
-0,0,0.186391,0,0,0
-0,0,0.186391,0,0,0
-0,0,0.186391,0,0,0
-0,0,0.186391,0,0,0
-0,0,0.186391,0,0,0
-0,0,0.186391,0,0,0
-0,0,0.186391,0,0,0
-0,0,0.186391,0,0,0
-0,0,0.186391,0,0,0
-0,0,0.186391,0,0,0
-0,0,0.186391,0,0,0
-0,0,0.186391,0,0,0
-0,0,0.186391,0,0,0
-0,0,0.186391,0,0,0
-0,0,0.186391,0,0,0
-0,0,0.186391,0,0,0
-0,0,0.186391,0,0,0
-0,0,0.186391,0,0,0
-0,0,0.186391,0,0,0
-0,0,0.186391,0,0,0
-0,0,0.186391,0,0,0
-0,0,0.186391,0,0,0
-0,0,0.186391,0,0,0
-0,0,0.186391,0,0,0
-0,0,0.186391,0,0,0
-0,0,0.186391,0,0,0
-0,0,0.186391,0,0,0
-0,0,0.186391,0,0,0
-0,0,0.186391,0,0,0
-0,0,0.186391,0,0,0
-0,0,0.186391,0,0,0
-0,0,0.186391,0,0,0
-0,0,0.186391,0,0,0
-0,0,0.186391,0,0,0
-0,0,0.186391,0,0,0
-0,0,0.186391,0,0,0
-0,0,0.186391,0,0,0
-0,0,0.186391,0,0,0
-0,0,0.186391,0,0,0
-0,0,0.186391,0,0,0
-0,0,0.186391,0,0,0
-0,0,0.186391,0,0,0
-0,0,0.186391,0,0,0
-0,0,0.186391,0,0,0
-0,0,0.186391,0,0,0
-0,0,0.186391,0,0,0
-0,0,0.186391,0,0,0
-0,0,0.186391,0,0,0
-0,0,0.186391,0,0,0
-0,0,0.186391,0,0,0
-0,0,0.186391,0,0,0
-0,0,0.186391,0,0,0
-0,0,0.186391,0,0,0
-0,0,0.186391,0,0,0
-0,0,0.186391,0,0,0
-0,0,0.186391,0,0,0
-0,0,0.186391,0,0,0
-0,0,0.186391,0,0,0
-0,0,0.186391,0,0,0
-0,0,0.186391,0,0,0
-0,0,0.186391,0,0,0
-0,0,0.186391,0,0,0
-0,0,0.186391,0,0,0
-0,0,0.186391,0,0,0
-0,0,0.186391,0,0,0
-0,0,0.186391,0,0,0
-0,0,0.186391,0,0,0
-0,0,0.186391,0,0,0
-0,0,0.186391,0,0,0
-0,0,0.186391,0,0,0
-0,0,0.186391,0,0,0
-0,0,0.186391,0,0,0
-0,0,0.186391,0,0,0
-0,0,0.186391,0,0,0
-0,0,0.186391,0,0,0
-0,0,0.186391,0,0,0
-0,0,0.186391,0,0,0
-0,0,0.186391,0,0,0
-0,0,0.186391,0,0,0
-0,0,0.186391,0,0,0
-0,0,0.186391,0,0,0
-0,0,0.186391,0,0,0
-0,0,0.186391,0,0,0
-0,0,0.186391,0,0,0
-0,0,0.186391,0,0,0
-0,0,0.186391,0,0,0
-0,0,0.186391,0,0,0
-0,0,0.186391,0,0,0
-0,0,0.186391,0,0,0
-0,0,0.186391,0,0,0
-0,0,0.186391,0,0,0
-0,0,0.186391,0,0,0
-0,0,0.186391,0,0,0
-0,0,0.186391,0,0,0
-0,0,0.186391,0,0,0
-0,0,0.186391,0,0,0
-0,0,0.186391,0,0,0
-0,0,0.186391,0,0,0
-0,0,0.186391,0,0,0
-0,0,0.186391,0,0,0
-0,0,0.186391,0,0,0
-0,0,0.186391,0,0,0
-0,0,0.186391,0,0,0
-0,0,0.186391,0,0,0
-0,0,0.186391,0,0,0
-0,0,0.186391,0,0,0
-0,0,0.186391,0,0,0
-0,0,0.186391,0,0,0
-0,0,0.186391,0,0,0
-0,0,0.186391,0,0,0
-0,0,0.186391,0,0,0
-0,0,0.186391,0,0,0
-0,0,0.186391,0,0,0
-0,0,0.186391,0,0,0
-0,0,0.186391,0,0,0
-0,0,0.186391,0,0,0
-0,0,0.186391,0,0,0
-0,0,0.186391,0,0,0
-0,0,0.186391,0,0,0
-0,0,0.186391,0,0,0
-0,0,0.186391,0,0,0
-0,0,0.186391,0,0,0
-0,0,0.186391,0,0,0
-0,0,0.186391,0,0,0
-0,0,0.186391,0,0,0
-0,0,0.186391,0,0,0
-0,0,0.186391,0,0,0
-0,0,0.186391,0,0,0
-0,0,0.186391,0,0,0
-0,0,0.186391,0,0,0
-0,0,0.186391,0,0,0
-0,0,0.186391,0,0,0
-0,0,0.186391,0,0,0
-0,0,0.186391,0,0,0
-0,0,0.186391,0,0,0
-0,0,0.186391,0,0,0
-0,0,0.186391,0,0,0
-0,0,0.186391,0,0,0
-0,0,0.186391,0,0,0
-0,0,0.186391,0,0,0
-0,0,0.186391,0,0,0
-0,0,0.186391,0,0,0
-0,0,0.186391,0,0,0
-0,0,0.186391,0,0,0
-0,0,0.186391,0,0,0
-0,0,0.186391,0,0,0
-0,0,0.186391,0,0,0
-0,0,0.186391,0,0,0
-0,0,0.186391,0,0,0
-0,0,0.186391,0,0,0
-0,0,0.186391,0,0,0
-0,0,0.186391,0,0,0
-0,0,0.186391,0,0,0
-0,0,0.186391,0,0,0
-0,0,0.186391,0,0,0
-0,0,0.186391,0,0,0
-0,0,0.186391,0,0,0
-0,0,0.186391,0,0,0
-0,0,0.186391,0,0,0
-0,0,0.186391,0,0,0
-0,0,0.186391,0,0,0
-0,0,0.186391,0,0,0
-0,0,0.186391,0,0,0
-0,0,0.186391,0,0,0
-0,0,0.186391,0,0,0
-0,0,0.186391,0,0,0
-0,0,0.186391,0,0,0
-0,0,0.186391,0,0,0
-0,0,0.186391,0,0,0
-0,0,0.186391,0,0,0
-0,0,0.186391,0,0,0
-0,0,0.186391,0,0,0
-0,0,0.186391,0,0,0
-0,0,0.186391,0,0,0
-0,0,0.186391,0,0,0
-0,0,0.186391,0,0,0
-0,0,0.186391,0,0,0
-0,0,0.186391,0,0,0
-0,0,0.186391,0,0,0
-0,0,0.186391,0,0,0
-0,0,0.186391,0,0,0
-0,0,0.186391,0,0,0
-0,0,0.186391,0,0,0
-0,0,0.186391,0,0,0
-0,0,0.186391,0,0,0
-0,0,0.186391,0,0,0
-0,0,0.186391,0,0,0
-0,0,0.186391,0,0,0
-0,0,0.186391,0,0,0
-0,0,0.186391,0,0,0
-0,0,0.186391,0,0,0
-0,0,0.186391,0,0,0
-0,0,0.186391,0,0,0
-0,0,0.186391,0,0,0
-0,0,0.186391,0,0,0
-0,0,0.186391,0,0,0
-0,0,0.186391,0,0,0
-0,0,0.186391,0,0,0
-0,0,0.186391,0,0,0
-0,0,0.186391,0,0,0
-0,0,0.186391,0,0,0
-0,0,0.186391,0,0,0
-0,0,0.186391,0,0,0
-0,0,0.186391,0,0,0
-0,0,0.186391,0,0,0
-0,0,0.186391,0,0,0
-0,0,0.186391,0,0,0
-0,0,0.186391,0,0,0
-0,0,0.186391,0,0,0
-0,0,0.186391,0,0,0
-0,0,0.186391,0,0,0
-0,0,0.186391,0,0,0
-0,0,0.186391,0,0,0
-0,0,0.186391,0,0,0
-0,0,0.186391,0,0,0
-0,0,0.186391,0,0,0
-0,0,0.186391,0,0,0
-0,0,0.186391,0,0,0
-0,0,0.186391,0,0,0
-0,0,0.186391,0,0,0
-0,0,0.186391,0,0,0
-0,0,0.186391,0,0,0
-0,0,0.186391,0,0,0
-0,0,0.186391,0,0,0
-0,0,0.186391,0,0,0
-0,0,0.186391,0,0,0
-0,0,0.186391,0,0,0
-0,0,0.186391,0,0,0
-0,0,0.186391,0,0,0
-0,0,0.186391,0,0,0
-0,0,0.186391,0,0,0
-0,0,0.186391,0,0,0
-0,0,0.186391,0,0,0
-0,0,0.186391,0,0,0
-0,0,0.186391,0,0,0
-0,0,0.186391,0,0,0
-0,0,0.186391,0,0,0
-0,0,0.186391,0,0,0
-0,0,0.186391,0,0,0
-0,0,0.186391,0,0,0
-0,0,0.186391,0,0,0
-0,0,0.186391,0,0,0
-0,0,0.186391,0,0,0
-0,0,0.186391,0,0,0
-0,0,0.186391,0,0,0
-0,0,0.186391,0,0,0
-0,0,0.186391,0,0,0
-0,0,0.186391,0,0,0
-0,0,0.186391,0,0,0
-0,0,0.186391,0,0,0
-0,0,0.186391,0,0,0
-0,0,0.186391,0,0,0
-0,0,0.186391,0,0,0
-0,0,0.186391,0,0,0
-0,0,0.186391,0,0,0
-0,0,0.186391,0,0,0
-0,0,0.186391,0,0,0
-0,0,0.186391,0,0,0
-0,0,0.186391,0,0,0
-0,0,0.186391,0,0,0
-0,0,0.186391,0,0,0
-0,0,0.186391,0,0,0
-0,0,0.186391,0,0,0
-0,0,0.186391,0,0,0
-0,0,0.186391,0,0,0
-0,0,0.186391,0,0,0
-0,0,0.186391,0,0,0
-0,0,0.186391,0,0,0
-0,0,0.186391,0,0,0
-0,0,0.186391,0,0,0
-0,0,0.186391,0,0,0
-0,0,0.186391,0,0,0
-0,0,0.186391,0,0,0
-0,0,0.186391,0,0,0
-0,0,0.186391,0,0,0
-0,0,0.186391,0,0,0
-0,0,0.186391,0,0,0
-0,0,0.186391,0,0,0
-0,0,0.186391,0,0,0
-0,0,0.186391,0,0,0
-0,0,0.186391,0,0,0
-0,0,0.186391,0,0,0
-0,0,0.186391,0,0,0
-0,0,0.186391,0,0,0
-0,0,0.186391,0,0,0
-0,0,0.186391,0,0,0
-0,0,0.186391,0,0,0
-0,0,0.186391,0,0,0
-0,0,0.186391,0,0,0
-0,0,0.186391,0,0,0
-0,0,0.186391,0,0,0
-0,0,0.186391,0,0,0
-0,0,0.186391,0,0,0
-0,0,0.186391,0,0,0
-0,0,0.186391,0,0,0
-0,0,0.186391,0,0,0
-0,0,0.186391,0,0,0
-0,0,0.186391,0,0,0
-0,0,0.186391,0,0,0
-0,0,0.186391,0,0,0
-0,0,0.186391,0,0,0
-0,0,0.186391,0,0,0
-0,0,0.186391,0,0,0
-0,0,0.186391,0,0,0
-0,0,0.186391,0,0,0
-0,0,0.186391,0,0,0
-0,0,0.186391,0,0,0
-0,0,0.186391,0,0,0
-0,0,0.186391,0,0,0
-0,0,0.186391,0,0,0
-0,0,0.186391,0,0,0
-0,0,0.186391,0,0,0
-0,0,0.186391,0,0,0
-0,0,0.186391,0,0,0
-0,0,0.186391,0,0,0
-0,0,0.186391,0,0,0
-0,0,0.186391,0,0,0
-0,0,0.186391,0,0,0
-0,0,0.186391,0,0,0
-0,0,0.186391,0,0,0
-0,0,0.186391,0,0,0
-0,0,0.186391,0,0,0
-0,0,0.186391,0,0,0
-0,0,0.186391,0,0,0
-0,0,0.186391,0,0,0
-0,0,0.186391,0,0,0
-0,0,0.186391,0,0,0
-0,0,0.186391,0,0,0
-0,0,0.186391,0,0,0
-0,0,0.186391,0,0,0
-0,0,0.186391,0,0,0
-0,0,0.186391,0,0,0
-0,0,0.186391,0,0,0
-0,0,0.186391,0,0,0
-0,0,0.186391,0,0,0
-0,0,0.186391,0,0,0
-0,0,0.186391,0,0,0
-0,0,0.186391,0,0,0
-0,0,0.186391,0,0,0
-0,0,0.186391,0,0,0
-0,0,0.186391,0,0,0
-0,0,0.186391,0,0,0
-0,0,0.186391,0,0,0
-0,0,0.186391,0,0,0
-0,0,0.186391,0,0,0
-0,0,0.186391,0,0,0
-0,0,0.186391,0,0,0
-0,0,0.186391,0,0,0
-0,0,0.186391,0,0,0
-0,0,0.186391,0,0,0
-0,0,0.186391,0,0,0
-0,0,0.186391,0,0,0
-0,0,0.186391,0,0,0
-0,0,0.186391,0,0,0
-0,0,0.186391,0,0,0
-0,0,0.186391,0,0,0
-0,0,0.186391,0,0,0
-0,0,0.186391,0,0,0
-0,0,0.186391,0,0,0
-0,0,0.186391,0,0,0
-0,0,0.186391,0,0,0
-0,0,0.186391,0,0,0
-0,0,0.186391,0,0,0
-0,0,0.186391,0,0,0
-0,0,0.186391,0,0,0
-0,0,0.186391,0,0,0
-0,0,0.186391,0,0,0
-0,0,0.186391,0,0,0
-0,0,0.186391,0,0,0
-0,0,0.186391,0,0,0
-0,0,0.186391,0,0,0
-0,0,0.186391,0,0,0
-0,0,0.186391,0,0,0
-0,0,0.186391,0,0,0
-0,0,0.186391,0,0,0
-0,0,0.186391,0,0,0
-0,0,0.186391,0,0,0
-0,0,0.186391,0,0,0
-0,0,0.186391,0,0,0
-0,0,0.186391,0,0,0
-0,0,0.186391,0,0,0
-0,0,0.186391,0,0,0
-0,0,0.186391,0,0,0
-0,0,0.186391,0,0,0
-0,0,0.186391,0,0,0
-0,0,0.186391,0,0,0
-0,0,0.186391,0,0,0
-0,0,0.186391,0,0,0
-0,0,0.186391,0,0,0
-0,0,0.186391,0,0,0
-0,0,0.186391,0,0,0
-0,0,0.186391,0,0,0
-0,0,0.186391,0,0,0
-0,0,0.186391,0,0,0
-0,0,0.186391,0,0,0
-0,0,0.186391,0,0,0
-0,0,0.186391,0,0,0
-0,0,0.186391,0,0,0
-0,0,0.186391,0,0,0
-0,0,0.186391,0,0,0
-0,0,0.186391,0,0,0
-0,0,0.186391,0,0,0
-0,0,0.186391,0,0,0
-0,0,0.186391,0,0,0
-0,0,0.186391,0,0,0
-0,0,0.186391,0,0,0
-0,0,0.186391,0,0,0
-0,0,0.186391,0,0,0
-0,0,0.186391,0,0,0
-0,0,0.186391,0,0,0
-0,0,0.186391,0,0,0
-0,0,0.186391,0,0,0
-0,0,0.186391,0,0,0
-0,0,0.186391,0,0,0
-0,0,0.186391,0,0,0
-0,0,0.186391,0,0,0
-0,0,0.186391,0,0,0
-0,0,0.186391,0,0,0
-0,0,0.186391,0,0,0
-0,0,0.186391,0,0,0
-0,0,0.186391,0,0,0
-0,0,0.186391,0,0,0
-0,0,0.186391,0,0,0
-0,0,0.186391,0,0,0
-0,0,0.186391,0,0,0
-0,0,0.186391,0,0,0
-0,0,0.186391,0,0,0
-0,0,0.186391,0,0,0
-0,0,0.186391,0,0,0
-0,0,0.186391,0,0,0
-0,0,0.186391,0,0,0
-0,0,0.186391,0,0,0
-0,0,0.186391,0,0,0
-0,0,0.186391,0,0,0
-0,0,0.186391,0,0,0
-0,0,0.186391,0,0,0
-0,0,0.186391,0,0,0
-0,0,0.186391,0,0,0
-0,0,0.186391,0,0,0
-0,0,0.186391,0,0,0
-0,0,0.186391,0,0,0
-0,0,0.186391,0,0,0
-0,0,0.186391,0,0,0
-0,0,0.186391,0,0,0
-0,0,0.186391,0,0,0
-0,0,0.186391,0,0,0
-0,0,0.186391,0,0,0
-0,0,0.186391,0,0,0
-0,0,0.186391,0,0,0
-0,0,0.186391,0,0,0
-0,0,0.186391,0,0,0
-0,0,0.186391,0,0,0
-0,0,0.186391,0,0,0
-0,0,0.186391,0,0,0
-0,0,0.186391,0,0,0
-0,0,0.186391,0,0,0
-0,0,0.186391,0,0,0
-0,0,0.186391,0,0,0
-0,0,0.186391,0,0,0
-0,0,0.186391,0,0,0
-0,0,0.186391,0,0,0
-0,0,0.186391,0,0,0
-0,0,0.186391,0,0,0
-0,0,0.186391,0,0,0
-0,0,0.186391,0,0,0
-0,0,0.186391,0,0,0
-0,0,0.186391,0,0,0
-0,0,0.186391,0,0,0
-0,0,0.186391,0,0,0
-0,0,0.186391,0,0,0
-0,0,0.186391,0,0,0
-0,0,0.186391,0,0,0
-0,0,0.186391,0,0,0
-0,0,0.186391,0,0,0
-0,0,0.186391,0,0,0
-0,0,0.186391,0,0,0
-0,0,0.186391,0,0,0
-0,0,0.186391,0,0,0
-0,0,0.186391,0,0,0
-0,0,0.186391,0,0,0
-0,0,0.186391,0,0,0
-0,0,0.186391,0,0,0
-0,0,0.186391,0,0,0
-0,0,0.186391,0,0,0
-0,0,0.186391,0,0,0
-0,0,0.186391,0,0,0
-0,0,0.186391,0,0,0
-0,0,0.186391,0,0,0
-0,0,0.186391,0,0,0
-0,0,0.186391,0,0,0
-0,0,0.186391,0,0,0
-0,0,0.186391,0,0,0
-0,0,0.186391,0,0,0
-0,0,0.186391,0,0,0
-0,0,0.186391,0,0,0
-0,0,0.186391,0,0,0
-0,0,0.186391,0,0,0
-0,0,0.186391,0,0,0
-0,0,0.186391,0,0,0
-0,0,0.186391,0,0,0
-0,0,0.186391,0,0,0
-0,0,0.186391,0,0,0
-0,0,0.186391,0,0,0
-0,0,0.186391,0,0,0
-0,0,0.186391,0,0,0
-0,0,0.186391,0,0,0
-0,0,0.186391,0,0,0
-0,0,0.186391,0,0,0
-0,0,0.186391,0,0,0
-0,0,0.186391,0,0,0
-0,0,0.186391,0,0,0
-0,0,0.186391,0,0,0
-0,0,0.186391,0,0,0
-0,0,0.186391,0,0,0
-0,0,0.186391,0,0,0
-0,0,0.186391,0,0,0
-0,0,0.186391,0,0,0
-0,0,0.186391,0,0,0
-0,0,0.186391,0,0,0
-0,0,0.186391,0,0,0
-0,0,0.186391,0,0,0
-0,0,0.186391,0,0,0
-0,0,0.186391,0,0,0
-0,0,0.186391,0,0,0
-0,0,0.186391,0,0,0
-0,0,0.186391,0,0,0
-0,0,0.186391,0,0,0
-0,0,0.186391,0,0,0
-0,0,0.186391,0,0,0
-0,0,0.186391,0,0,0
-0,0,0.186391,0,0,0
-0,0,0.186391,0,0,0
-0,0,0.186391,0,0,0
-0,0,0.186391,0,0,0
-0,0,0.186391,0,0,0
-0,0,0.186391,0,0,0
-0,0,0.186391,0,0,0
-0,0,0.186391,0,0,0
-0,0,0.186391,0,0,0
-0,0,0.186391,0,0,0
-0,0,0.186391,0,0,0
-0,0,0.186391,0,0,0
-0,0,0.186391,0,0,0
-0,0,0.186391,0,0,0
-0,0,0.186391,0,0,0
-0,0,0.186391,0,0,0
-0,0,0.186391,0,0,0
-0,0,0.186391,0,0,0
-0,0,0.186391,0,0,0
-0,0,0.186391,0,0,0
-0,0,0.186391,0,0,0
-0,0,0.186391,0,0,0
-0,0,0.186391,0,0,0
-0,0,0.186391,0,0,0
-0,0,0.186391,0,0,0
-0,0,0.186391,0,0,0
-0,0,0.186391,0,0,0
-0,0,0.186391,0,0,0
-0,0,0.186391,0,0,0
-0,0,0.186391,0,0,0
-0,0,0.186391,0,0,0
-0,0,0.186391,0,0,0
-0,0,0.186391,0,0,0
-0,0,0.186391,0,0,0
-0,0,0.186391,0,0,0
-0,0,0.186391,0,0,0
-0,0,0.186391,0,0,0
-0,0,0.186391,0,0,0
-0,0,0.186391,0,0,0
-0,0,0.186391,0,0,0
-0,0,0.186391,0,0,0
-0,0,0.186391,0,0,0
-0,0,0.186391,0,0,0
-0,0,0.186391,0,0,0
-0,0,0.186391,0,0,0
-0,0,0.186391,0,0,0
-0,0,0.186391,0,0,0
-0,0,0.186391,0,0,0
-0,0,0.186391,0,0,0
-0,0,0.186391,0,0,0
-0,0,0.186391,0,0,0
-0,0,0.186391,0,0,0
-0,0,0.186391,0,0,0
-0,0,0.186391,0,0,0
-0,0,0.186391,0,0,0
-0,0,0.186391,0,0,0
-0,0,0.186391,0,0,0
-0,0,0.186391,0,0,0
-0,0,0.186391,0,0,0
-0,0,0.186391,0,0,0
-0,0,0.186391,0,0,0
-0,0,0.186391,0,0,0
-0,0,0.186391,0,0,0
-0,0,0.186391,0,0,0
-0,0,0.186391,0,0,0
-0,0,0.186391,0,0,0
-0,0,0.186391,0,0,0
-0,0,0.186391,0,0,0
-0,0,0.186391,0,0,0
-0,0,0.186391,0,0,0
-0,0,0.186391,0,0,0
-0,0,0.186391,0,0,0
-0,0,0.186391,0,0,0
-0,0,0.186391,0,0,0
-0,0,0.186391,0,0,0
-0,0,0.186391,0,0,0
-0,0,0.186391,0,0,0
-0,0,0.186391,0,0,0
-0,0,0.186391,0,0,0
-0,0,0.186391,0,0,0
-0,0,0.186391,0,0,0
-0,0,0.186391,0,0,0
-0,0,0.186391,0,0,0
-0,0,0.186391,0,0,0
-0,0,0.186391,0,0,0
-0,0,0.186391,0,0,0
-0,0,0.186391,0,0,0
-0,0,0.186391,0,0,0
-0,0,0.186391,0,0,0
-0,0,0.186391,0,0,0
-0,0,0.186391,0,0,0
-0,0,0.186391,0,0,0
-0,0,0.186391,0,0,0
-0,0,0.186391,0,0,0
-0,0,0.186391,0,0,0
-0,0,0.186391,0,0,0
-0,0,0.186391,0,0,0
-0,0,0.186391,0,0,0
-0,0,0.186391,0,0,0
-0,0,0.186391,0,0,0
-0,0,0.186391,0,0,0
-0,0,0.186391,0,0,0
-0,0,0.186391,0,0,0
-0,0,0.186391,0,0,0
-0,0,0.186391,0,0,0
-0,0,0.186391,0,0,0
-0,0,0.186391,0,0,0
-0,0,0.186391,0,0,0
-0,0,0.186391,0,0,0
-0,0,0.186391,0,0,0
-0,0,0.186391,0,0,0
-0,0,0.186391,0,0,0
-0,0,0.186391,0,0,0
-0,0,0.186391,0,0,0
-0,0,0.186391,0,0,0
-0,0,0.186391,0,0,0
-0,0,0.186391,0,0,0
-0,0,0.186391,0,0,0
-0,0,0.186391,0,0,0
-0,0,0.186391,0,0,0
-0,0,0.186391,0,0,0
-0,0,0.186391,0,0,0
-0,0,0.186391,0,0,0
-0,0,0.186391,0,0,0
-0,0,0.186391,0,0,0
-0,0,0.186391,0,0,0
-0,0,0.186391,0,0,0
-0,0,0.186391,0,0,0
-0,0,0.186391,0,0,0
-0,0,0.186391,0,0,0
-0,0,0.186391,0,0,0
-0,0,0.186391,0,0,0
-0,0,0.186391,0,0,0
-0,0,0.186391,0,0,0
-0,0,0.186391,0,0,0
-0,0,0.186391,0,0,0
-0,0,0.186391,0,0,0
-0,0,0.186391,0,0,0
-0,0,0.186391,0,0,0
-0,0,0.186391,0,0,0
-0,0,0.186391,0,0,0
-0,0,0.186391,0,0,0
-0,0,0.186391,0,0,0
-0,0,0.186391,0,0,0
-0,0,0.186391,0,0,0
-0,0,0.186391,0,0,0
-0,0,0.186391,0,0,0
-0,0,0.186391,0,0,0
-0,0,0.186391,0,0,0
-0,0,0.186391,0,0,0
-0,0,0.186391,0,0,0
-0,0,0.186391,0,0,0
-0,0,0.186391,0,0,0
-0,0,0.186391,0,0,0
-0,0,0.186391,0,0,0
-0,0,0.186391,0,0,0
-0,0,0.186391,0,0,0
-0,0,0.186391,0,0,0
-0,0,0.186391,0,0,0
-0,0,0.186391,0,0,0
-0,0,0.186391,0,0,0
-0,0,0.186391,0,0,0
-0,0,0.186391,0,0,0
-0,0,0.186391,0,0,0
-0,0,0.186391,0,0,0
-0,0,0.186391,0,0,0
-0,0,0.186391,0,0,0
-0,0,0.186391,0,0,0
-0,0,0.186391,0,0,0
-0,0,0.186391,0,0,0
-0,0,0.186391,0,0,0
-0,0,0.186391,0,0,0
-0,0,0.186391,0,0,0
-0,0,0.186391,0,0,0
-0,0,0.186391,0,0,0
-0,0,0.186391,0,0,0
-0,0,0.186391,0,0,0
-0,0,0.186391,0,0,0
-0,0,0.186391,0,0,0
-0,0,0.186391,0,0,0
-0,0,0.186391,0,0,0
-0,0,0.186391,0,0,0
-0,0,0.186391,0,0,0
-0,0,0.186391,0,0,0
-0,0,0.186391,0,0,0
-0,0,0.186391,0,0,0
-0,0,0.186391,0,0,0
-0,0,0.186391,0,0,0
-0,0,0.186391,0,0,0
-0,0,0.186391,0,0,0
-0,0,0.186391,0,0,0
-0,0,0.186391,0,0,0
-0,0,0.186391,0,0,0
-0,0,0.186391,0,0,0
-0,0,0.186391,0,0,0
-0,0,0.186391,0,0,0
-0,0,0.186391,0,0,0
-0,0,0.186391,0,0,0
-0,0,0.186391,0,0,0
-0,0,0.186391,0,0,0
-0,0,0.186391,0,0,0
-0,0,0.186391,0,0,0
-0,0,0.186391,0,0,0
-0,0,0.186391,0,0,0
-0,0,0.186391,0,0,0
-0,0,0.186391,0,0,0
-0,0,0.186391,0,0,0
-0,0,0.186391,0,0,0
-0,0,0.186391,0,0,0
-0,0,0.186391,0,0,0
-0,0,0.186391,0,0,0
-0,0,0.186391,0,0,0
-0,0,0.186391,0,0,0
-0,0,0.186391,0,0,0
-0,0,0.186391,0,0,0
-0,0,0.186391,0,0,0
-0,0,0.186391,0,0,0
-0,0,0.186391,0,0,0
-0,0,0.186391,0,0,0
-0,0,0.186391,0,0,0
-0,0,0.186391,0,0,0
-0,0,0.186391,0,0,0
-0,0,0.186391,0,0,0
-0,0,0.186391,0,0,0
-0,0,0.186391,0,0,0
-0,0,0.186391,0,0,0
-0,0,0.186391,0,0,0
-0,0,0.186391,0,0,0
-0,0,0.186391,0,0,0
-0,0,0.186391,0,0,0
-0,0,0.186391,0,0,0
-0,0,0.186391,0,0,0
-0,0,0.186391,0,0,0
-0,0,0.186391,0,0,0
-0,0,0.186391,0,0,0
-0,0,0.186391,0,0,0
-0,0,0.186391,0,0,0
-0,0,0.186391,0,0,0
-0,0,0.186391,0,0,0
-0,0,0.186391,0,0,0
-0,0,0.186391,0,0,0
-0,0,0.186391,0,0,0
-0,0,0.186391,0,0,0
-0,0,0.186391,0,0,0
-0,0,0.186391,0,0,0
-0,0,0.186391,0,0,0
-0,0,0.186391,0,0,0
-0,0,0.186391,0,0,0
-0,0,0.186391,0,0,0
-0,0,0.186391,0,0,0
-0,0,0.186391,0,0,0
-0,0,0.186391,0,0,0
-0,0,0.186391,0,0,0
-0,0,0.186391,0,0,0
-0,0,0.186391,0,0,0
-0,0,0.186391,0,0,0
-0,0,0.186391,0,0,0
-0,0,0.186391,0,0,0
-0,0,0.186391,0,0,0
-0,0,0.186391,0,0,0
-0,0,0.186391,0,0,0
-0,0,0.186391,0,0,0
-0,0,0.186391,0,0,0
-0,0,0.186391,0,0,0
-0,0,0.186391,0,0,0
-0,0,0.186391,0,0,0
-0,0,0.186391,0,0,0
-0,0,0.186391,0,0,0
-0,0,0.186391,0,0,0
-0,0,0.186391,0,0,0
-0,0,0.186391,0,0,0
-0,0,0.186391,0,0,0
-0,0,0.186391,0,0,0
-0,0,0.186391,0,0,0
-0,0,0.186391,0,0,0
-0,0,0.186391,0,0,0
-0,0,0.186391,0,0,0
-0,0,0.186391,0,0,0
-0,0,0.186391,0,0,0
-0,0,0.186391,0,0,0
-0,0,0.186391,0,0,0
-0,0,0.186391,0,0,0
-0,0,0.186391,0,0,0
-0,0,0.186391,0,0,0
-0,0,0.186391,0,0,0
-0,0,0.186391,0,0,0
-0,0,0.186391,0,0,0
-0,0,0.186391,0,0,0
-0,0,0.186391,0,0,0
-0,0,0.186391,0,0,0
-0,0,0.186391,0,0,0
-0,0,0.186391,0,0,0
-0,0,0.186391,0,0,0
-0,0,0.186391,0,0,0
-0,0,0.186391,0,0,0
-0,0,0.186391,0,0,0
-0,0,0.186391,0,0,0
-0,0,0.186391,0,0,0
-0,0,0.186391,0,0,0
-0,0,0.186391,0,0,0
-0,0,0.186391,0,0,0
-0,0,0.186391,0,0,0
-0,0,0.186391,0,0,0
-0,0,0.186391,0,0,0
-0,0,0.186391,0,0,0
-0,0,0.186391,0,0,0
-0,0,0.186391,0,0,0
-0,0,0.186391,0,0,0
-0,0,0.186391,0,0,0
-0,0,0.186391,0,0,0
-0,0,0.186391,0,0,0
-0,0,0.186391,0,0,0
-0,0,0.186391,0,0,0
-0,0,0.186391,0,0,0
-0,0,0.186391,0,0,0
-0,0,0.186391,0,0,0
-0,0,0.186391,0,0,0
-0,0,0.186391,0,0,0
-0,0,0.186391,0,0,0
-0,0,0.186391,0,0,0
-0,0,0.186391,0,0,0
-0,0,0.186391,0,0,0
-0,0,0.186391,0,0,0
-0,0,0.186391,0,0,0
-0,0,0.186391,0,0,0
-0,0,0.186391,0,0,0
-0,0,0.186391,0,0,0
-0,0,0.186391,0,0,0
-0,0,0.186391,0,0,0
-0,0,0.186391,0,0,0
-0,0,0.186391,0,0,0
-0,0,0.186391,0,0,0
-0,0,0.186391,0,0,0
-0,0,0.186391,0,0,0
-0,0,0.186391,0,0,0
-0,0,0.186391,0,0,0
-0,0,0.186391,0,0,0
-0,0,0.186391,0,0,0
-0,0,0.186391,0,0,0
-0,0,0.186391,0,0,0
-0,0,0.186391,0,0,0
-0,0,0.186391,0,0,0
-0,0,0.186391,0,0,0
-0,0,0.186391,0,0,0
-0,0,0.186391,0,0,0
-0,0,0.186391,0,0,0
-0,0,0.186391,0,0,0
-0,0,0.186391,0,0,0
-0,0,0.186391,0,0,0
-0,0,0.186391,0,0,0
-0,0,0.186391,0,0,0
-0,0,0.186391,0,0,0
-0,0,0.186391,0,0,0
-0,0,0.186391,0,0,0
-0,0,0.186391,0,0,0
-0,0,0.186391,0,0,0
-0,0,0.186391,0,0,0
-0,0,0.186391,0,0,0
-0,0,0.186391,0,0,0
-0,0,0.186391,0,0,0
-0,0,0.186391,0,0,0
-0,0,0.186391,0,0,0
-0,0,0.186391,0,0,0
-0,0,0.186391,0,0,0
-0,0,0.186391,0,0,0
-0,0,0.186391,0,0,0
-0,0,0.186391,0,0,0
-0,0,0.186391,0,0,0
-0,0,0.186391,0,0,0
-0,0,0.186391,0,0,0
-0,0,0.186391,0,0,0
-0,0,0.186391,0,0,0
-0,0,0.186391,0,0,0
-0,0,0.186391,0,0,0
-0,0,0.186391,0,0,0
-0,0,0.186391,0,0,0
-0,0,0.186391,0,0,0
-0,0,0.186391,0,0,0
-0,0,0.186391,0,0,0
-0,0,0.186391,0,0,0
-0,0,0.186391,0,0,0
-0,0,0.186391,0,0,0
-0,0,0.186391,0,0,0
-0,0,0.186391,0,0,0
-0,0,0.186391,0,0,0
-0,0,0.186391,0,0,0
-0,0,0.186391,0,0,0
-0,0,0.186391,0,0,0
-0,0,0.186391,0,0,0
-0,0,0.186391,0,0,0
-0,0,0.186391,0,0,0
-0,0,0.186391,0,0,0
-0,0,0.186391,0,0,0
-0,0,0.186391,0,0,0
-0,0,0.186241,0,0,0
-0,0,0.186055,0,0,0
-0,0,0.185868,0,0,0
-0,0,0.185682,0,0,0
-0,0,0.185496,0,0,0
-0,0,0.185309,0,0,0
-0,0,0.185123,0,0,0
-0,0,0.184936,0,0,0
-0,0,0.18475,0,0,0
-0,0,0.184564,0,0,0
-0,0,0.184377,0,0,0
-0,0,0.184191,0,0,0
-0,0,0.184004,0,0,0
-0,0,0.183818,0,0,0
-0,0,0.183632,0,0,0
-0,0,0.183445,0,0,0
-0,0,0.183259,0,0,0
-0,0,0.183072,0,0,0
-0,0,0.182886,0,0,0
-0,0,0.1827,0,0,0
-0,0,0.182513,0,0,0
-0,0,0.182327,0,0,0
-0,0,0.18214,0,0,0
-0,0,0.181954,0,0,0
-0,0,0.181768,0,0,0
-0,0,0.181581,0,0,0
-0,0,0.181395,0,0,0
-0,0,0.181209,0,0,0
-0,0,0.181022,0,0,0
-0,0,0.180836,0,0,0
-0,0,0.180649,0,0,0
-0,0,0.180463,0,0,0
-0,0,0.180277,0,0,0
-0,0,0.18009,0,0,0
-0,0,0.179904,0,0,0
-0,0,0.179717,0,0,0
-0,0,0.179531,0,0,0
-0.000355614,0,0.179344,0,0,0
-0.000939138,0,0.179156,0,0,0
-0.00152083,0,0.178965,0,0,0
-0.00210069,0,0.178773,0,0,0
-0.0026787,0,0.178579,0,0,0
-0.00325488,0,0.178383,0,0,0
-0.0038292,0,0.178185,0,0,0
-0.00440168,0,0.177985,0,0,0
-0.0049723,0,0.177784,0,0,0
-0.00554105,0,0.177581,0,0,0
-0.00610795,0,0.177376,0,0,0
-0.00667298,0,0.177169,0,0,0
-0.00723614,0,0.17696,0,0,0
-0.00779742,0,0.17675,0,0,0
-0.00835683,0,0.176537,0,0,0
-0.00891435,0,0.176324,0,0,0
-0.00946999,0,0.176108,0,0,0
-0.0100237,0,0.175891,0,0,0
-0.0105756,0,0.175672,0,0,0
-0.0111256,0,0.175451,0,0,0
-0.0116736,0,0.175228,0,0,0
-0.0122198,0,0.175004,0,0,0
-0.0127641,0,0.174779,0,0,0
-0.0133064,0,0.174551,0,0,0
-0.0138469,0,0.174322,0,0,0
-0.0143854,0,0.174092,0,0,0
-0.014922,0,0.173859,0,0,0
-0.0154568,0,0.173625,0,0,0
-0.0159895,0,0.17339,0,0,0
-0.0165204,0,0.173153,0,0,0
-0.0170493,0,0.172914,0,0,0
-0.0175763,0,0.172674,0,0,0
-0.0181014,0,0.172433,0,0,0
-0.0186246,0,0.172189,0,0,0
-0.0191458,0,0.171945,0,0,0
-0.019665,0,0.171698,0,0,0
-0.0201824,0,0.171451,0,0,0
-0.0206978,0,0.171202,0,0,0
-0.0212112,0,0.170951,0,0,0
-0.0217227,0,0.170699,0,0,0
-0.0222323,0,0.170445,0,0,0
-0.0227399,0,0.17019,0,0,0
-0.0232455,0,0.169934,0,0,0
-0.0237492,0,0.169676,0,0,0
-0.0242509,0,0.169417,0,0,0
-0.0247507,0,0.169156,0,0,0
-0.0252485,0,0.168894,0,0,0
-0.0257444,0,0.16863,0,0,0
-0.0262383,0,0.168366,0,0,0
-0.0267302,0,0.168099,0,0,0
-0.0272202,0,0.167832,0,0,0
-0.0277082,0,0.167563,0,0,0
-0.0281943,0,0.167293,0,0,0
-0.0286783,0,0.167022,0,0,0
-0.0291604,0,0.166749,0,0,0
-0.0296406,0,0.166475,0,0,0
-0.0301187,0,0.1662,0,0,0
-0.0305949,0,0.165923,0,0,0
-0.0310691,0,0.165645,0,0,0
-0.0315413,0,0.165366,0,0,0
-0.0320116,0,0.165086,0,0,0
-0.0324799,0,0.164805,0,0,0
-0.0329462,0,0.164522,0,0,0
-0.0334105,0,0.164238,0,0,0
-0.0338728,0,0.163953,0,0,0
-0.0343332,0,0.163667,0,0,0
-0.0347915,0,0.163379,0,0,0
-0.0352479,0,0.163091,0,0,0
-0.0357024,0,0.162801,0,0,0
-0.0361548,0,0.16251,0,0,0
-0.0366052,0,0.162218,0,0,0
-0.0370537,0,0.161925,0,0,0
-0.0375002,0,0.161631,0,0,0
-0.0379447,0,0.161336,0,0,0
-0.0383872,0,0.16104,0,0,0
-0.0388277,0,0.160742,0,0,0
-0.0392662,0,0.160444,0,0,0
-0.0397028,0,0.160144,0,0,0
-0.0401373,0,0.159844,0,0,0
-0.0405699,0,0.159542,0,0,0
-0.0410005,0,0.15924,0,0,0
-0.0414291,0,0.158936,0,0,0
-0.0418558,0,0.158632,0,0,0
-0.0422804,0,0.158326,0,0,0
-0.042703,0,0.158019,0,0,0
-0.0431237,0,0.157712,0,0,0
-0.0435424,0,0.157403,0,0,0
-0.0439591,0,0.157094,0,0,0
-0.0443738,0,0.156784,0,0,0
-0.0447866,0,0.156472,0,0,0
-0.0451973,0,0.15616,0,0,0
-0.0456061,0,0.155847,0,0,0
-0.0460129,0,0.155533,0,0,0
-0.0464177,0,0.155218,0,0,0
-0.0468205,0,0.154903,0,0,0
-0.0472213,0,0.154586,0,0,0
-0.0476202,0,0.154268,0,0,0
-0.0480171,0,0.15395,0,0,0
-0.048412,0,0.153631,0,0,0
-0.0488049,0,0.153311,0,0,0
-0.0491959,0,0.15299,0,0,0
-0.0495849,0,0.152669,0,0,0
-0.0499719,0,0.152346,0,0,0
-0.0503569,0,0.152023,0,0,0
-0.0507399,0,0.151699,0,0,0
-0.051121,0,0.151374,0,0,0
-0.0515001,0,0.151049,0,0,0
-0.0518773,0,0.150723,0,0,0
-0.0522525,0,0.150396,0,0,0
-0.0526257,0,0.150068,0,0,0
-0.0529969,0,0.14974,0,0,0
-0.0533662,0,0.149411,0,0,0
-0.0537335,0,0.149081,0,0,0
-0.0540989,0,0.14875,0,0,0
-0.0544623,0,0.148419,0,0,0
-0.0548237,0,0.148087,0,0,0
-0.0551832,0,0.147755,0,0,0
-0.0555407,0,0.147421,0,0,0
-0.0558963,0,0.147088,0,0,0
-0.0562499,0,0.146753,0,0,0
-0.0566016,0,0.146418,0,0,0
-0.0569513,0,0.146082,0,0,0
-0.0572991,0,0.145746,0,0,0
-0.0576449,0,0.145409,0,0,0
-0.0579888,0,0.145072,0,0,0
-0.0583307,0,0.144734,0,0,0
-0.0586707,0,0.144395,0,0,0
-0.0590087,0,0.144056,0,0,0
-0.0593449,0,0.143716,0,0,0
-0.059679,0,0.143376,0,0,0
-0.0600113,0,0.143035,0,0,0
-0.0603416,0,0.142693,0,0,0
-0.06067,0,0.142351,0,0,0
-0.0609964,0,0.142009,0,0,0
-0.061321,0,0.141666,0,0,0
-0.0616436,0,0.141323,0,0,0
-0.0619643,0,0.140979,0,0,0
-0.0622831,0,0.140634,0,0,0
-0.0625999,0,0.14029,0,0,0
-0.0629148,0,0.139944,0,0,0
-0.0632279,0,0.139599,0,0,0
-0.063539,0,0.139252,0,0,0
-0.0638482,0,0.138906,0,0,0
-0.0641555,0,0.138559,0,0,0
-0.0644609,0,0.138211,0,0,0
-0.0647644,0,0.137863,0,0,0
-0.065066,0,0.137515,0,0,0
-0.0653657,0,0.137166,0,0,0
-0.0656635,0,0.136817,0,0,0
-0.0659594,0,0.136468,0,0,0
-0.0662535,0,0.136118,0,0,0
-0.0665456,0,0.135768,0,0,0
-0.0668359,0,0.135418,0,0,0
-0.0671759,0,0.135004,0,0,0
-0.0674621,0,0.134652,0,0,0
-0.0677464,0,0.134301,0,0,0
-0.0680288,0,0.133949,0,0,0
-0.0683094,0,0.133597,0,0,0
-0.068588,0,0.133244,0,0,0
-0.0688649,0,0.132892,0,0,0
-0.0691398,0,0.132539,0,0,0
-0.0694129,0,0.132185,0,0,0
-0.0696842,0,0.131832,0,0,0
-0.0699536,0,0.131478,0,0,0
-0.0702211,0,0.131124,0,0,0
-0.0704868,0,0.130769,0,0,0
-0.0707506,0,0.130415,0,0,0
-0.0710127,0,0.13006,0,0,0
-0.0712728,0,0.129705,0,0,0
-0.0715312,0,0.12935,0,0,0
-0.0717877,0,0.128994,0,0,0
-0.0720424,0,0.128639,0,0,0
-0.0722952,0,0.128283,0,0,0
-0.0725462,0,0.127927,0,0,0
-0.0727954,0,0.127571,0,0,0
-0.0730428,0,0.127214,0,0,0
-0.0732884,0,0.126858,0,0,0
-0.0735322,0,0.126501,0,0,0
-0.0737742,0,0.126144,0,0,0
-0.0740143,0,0.125787,0,0,0
-0.0742527,0,0.12543,0,0,0
-0.0744893,0,0.125073,0,0,0
-0.074724,0,0.124715,0,0,0
-0.074957,0,0.124358,0,0,0
-0.0751882,0,0.124,0,0,0
-0.0754176,0,0.123643,0,0,0
-0.0756452,0,0.123285,0,0,0
-0.0758711,0,0.122927,0,0,0
-0.0760952,0,0.122569,0,0,0
-0.0763175,0,0.122211,0,0,0
-0.076538,0,0.121853,0,0,0
-0.0767568,0,0.121495,0,0,0
-0.0769739,0,0.121137,0,0,0
-0.0771891,0,0.120779,0,0,0
-0.0774026,0,0.12042,0,0,0
-0.0776144,0,0.120062,0,0,0
-0.0778244,0,0.119704,0,0,0
-0.0780327,0,0.119346,0,0,0
-0.0782393,0,0.118987,0,0,0
-0.0784441,0,0.118629,0,0,0
-0.0786471,0,0.118271,0,0,0
-0.0788485,0,0.117912,0,0,0
-0.0790481,0,0.117554,0,0,0
-0.079246,0,0.117196,0,0,0
-0.0794422,0,0.116838,0,0,0
-0.0796367,0,0.116479,0,0,0
-0.0798295,0,0.116121,0,0,0
-0.0800205,0,0.115763,0,0,0
-0.0802099,0,0.115405,0,0,0
-0.0803976,0,0.115047,0,0,0
-0.0805836,0,0.114689,0,0,0
-0.0807678,0,0.114331,0,0,0
-0.0809504,0,0.113974,0,0,0
-0.0811314,0,0.113616,0,0,0
-0.0813106,0,0.113258,0,0,0
-0.0814882,0,0.112901,0,0,0
-0.0816641,0,0.112544,0,0,0
-0.0818383,0,0.112186,0,0,0
-0.0820109,0,0.111829,0,0,0
-0.0821818,0,0.111472,0,0,0
-0.082351,0,0.111115,0,0,0
-0.0825187,0,0.110758,0,0,0
-0.0826846,0,0.110402,0,0,0
-0.0828489,0,0.110045,0,0,0
-0.0830116,0,0.109689,0,0,0
-0.0831727,0,0.109333,0,0,0
-0.0833321,0,0.108977,0,0,0
-0.0834899,0,0.108621,0,0,0
-0.083646,0,0.108265,0,0,0
-0.0838006,0,0.10791,0,0,0
-0.0839535,0,0.107555,0,0,0
-0.0841048,0,0.107199,0,0,0
-0.0842545,0,0.106845,0,0,0
-0.0844027,0,0.10649,0,0,0
-0.0845492,0,0.106135,0,0,0
-0.0846941,0,0.105781,0,0,0
-0.0848374,0,0.105427,0,0,0
-0.0849792,0,0.105073,0,0,0
-0.0851193,0,0.10472,0,0,0
-0.0852579,0,0.104366,0,0,0
-0.085395,0,0.104013,0,0,0
-0.0855304,0,0.10366,0,0,0
-0.0856643,0,0.103308,0,0,0
-0.0857966,0,0.102955,0,0,0
-0.0859274,0,0.102603,0,0,0
-0.0860566,0,0.102251,0,0,0
-0.0861843,0,0.1019,0,0,0
-0.0863104,0,0.101548,0,0,0
-0.086435,0,0.101197,0,0,0
-0.086558,0,0.100847,0,0,0
-0.0866795,0,0.100496,0,0,0
-0.0867995,0,0.100146,0,0,0
-0.086918,0,0.0997961,0,0,0
-0.087035,0,0.0994466,0,0,0
-0.0871504,0,0.0990973,0,0,0
-0.0872643,0,0.0987484,0,0,0
-0.0873768,0,0.0983998,0,0,0
-0.0874877,0,0.0980516,0,0,0
-0.0875971,0,0.0977036,0,0,0
-0.087705,0,0.097356,0,0,0
-0.0878115,0,0.0970087,0,0,0
-0.0879165,0,0.0966618,0,0,0
-0.0880199,0,0.0963152,0,0,0
-0.088122,0,0.095969,0,0,0
-0.0882225,0,0.0956232,0,0,0
-0.0883216,0,0.0952777,0,0,0
-0.0884192,0,0.0949325,0,0,0
-0.0885153,0,0.0945878,0,0,0
-0.08861,0,0.0942434,0,0,0
-0.0887033,0,0.0938993,0,0,0
-0.0887951,0,0.0935557,0,0,0
-0.0888855,0,0.0932125,0,0,0
-0.0889744,0,0.0928696,0,0,0
-0.0890619,0,0.0925272,0,0,0
-0.089148,0,0.0921851,0,0,0
-0.0892327,0,0.0918435,0,0,0
-0.0893159,0,0.0915023,0,0,0
-0.0893977,0,0.0911614,0,0,0
-0.0894782,0,0.090821,0,0,0
-0.0895572,0,0.090481,0,0,0
-0.0896348,0,0.0901415,0,0,0
-0.089711,0,0.0898024,0,0,0
-0.0897858,0,0.0894637,0,0,0
-0.0898593,0,0.0891254,0,0,0
-0.0899314,0,0.0887876,0,0,0
-0.090002,0,0.0884502,0,0,0
-0.0900713,0,0.0881133,0,0,0
-0.0901393,0,0.0877768,0,0,0
-0.0902059,0,0.0874408,0,0,0
-0.0902711,0,0.0871053,0,0,0
-0.090335,0,0.0867702,0,0,0
-0.0903975,0,0.0864356,0,0,0
-0.0904586,0,0.0861014,0,0,0
-0.0905185,0,0.0857678,0,0,0
-0.0905769,0,0.0854346,0,0,0
-0.0906341,0,0.0851019,0,0,0
-0.0906899,0,0.0847697,0,0,0
-0.0907444,0,0.0844379,0,0,0
-0.0907976,0,0.0841067,0,0,0
-0.0908495,0,0.083776,0,0,0
-0.0909,0,0.0834457,0,0,0
-0.0909493,0,0.083116,0,0,0
-0.0909972,0,0.0827868,0,0,0
-0.0910439,0,0.0824581,0,0,0
-0.0910893,0,0.0821299,0,0,0
-0.0911333,0,0.0818022,0,0,0
-0.0911761,0,0.081475,0,0,0
-0.0912176,0,0.0811484,0,0,0
-0.0912579,0,0.0808223,0,0,0
-0.0912968,0,0.0804967,0,0,0
-0.0913345,0,0.0801717,0,0,0
-0.091371,0,0.0798472,0,0,0
-0.0914062,0,0.0795232,0,0,0
-0.0914401,0,0.0791998,0,0,0
-0.0914728,0,0.0788769,0,0,0
-0.0915042,0,0.0785546,0,0,0
-0.0915344,0,0.0782328,0,0,0
-0.0915634,0,0.0779116,0,0,0
-0.0915911,0,0.0775909,0,0,0
-0.0916176,0,0.0772708,0,0,0
-0.0916429,0,0.0769513,0,0,0
-0.091667,0,0.0766323,0,0,0
-0.0916899,0,0.0763139,0,0,0
-0.0917115,0,0.0759961,0,0,0
-0.091732,0,0.0756788,0,0,0
-0.0917512,0,0.0753622,0,0,0
-0.0917693,0,0.0750461,0,0,0
-0.0917862,0,0.0747306,0,0,0
-0.0918019,0,0.0744157,0,0,0
-0.0918164,0,0.0741014,0,0,0
-0.0918297,0,0.0737876,0,0,0
-0.0918419,0,0.0734745,0,0,0
-0.0918528,0,0.0731619,0,0,0
-0.0918627,0,0.07285,0,0,0
-0.0918713,0,0.0725387,0,0,0
-0.0918789,0,0.0722279,0,0,0
-0.0918852,0,0.0719178,0,0,0
-0.0918905,0,0.0716083,0,0,0
-0.0918945,0,0.0712994,0,0,0
-0.0918975,0,0.0709911,0,0,0
-0.0918993,0,0.0706834,0,0,0
-0.0919,0,0.0703764,0,0,0
-0.0918996,0,0.07007,0,0,0
-0.091898,0,0.0697642,0,0,0
-0.0918954,0,0.069459,0,0,0
-0.0918916,0,0.0691545,0,0,0
-0.0918867,0,0.0688506,0,0,0
-0.0918807,0,0.0685473,0,0,0
-0.0918737,0,0.0682446,0,0,0
-0.0918655,0,0.0679426,0,0,0
-0.0918562,0,0.0676413,0,0,0
-0.0918459,0,0.0673406,0,0,0
-0.0918345,0,0.0670405,0,0,0
-0.091822,0,0.0667411,0,0,0
-0.0918084,0,0.0664423,0,0,0
-0.0917938,0,0.0661442,0,0,0
-0.0917781,0,0.0658467,0,0,0
-0.0917614,0,0.0655499,0,0,0
-0.0917436,0,0.0652537,0,0,0
-0.0917248,0,0.0649582,0,0,0
-0.0917049,0,0.0646634,0,0,0
-0.091684,0,0.0643692,0,0,0
-0.091662,0,0.0640757,0,0,0
-0.091639,0,0.0637829,0,0,0
-0.091615,0,0.0634907,0,0,0
-0.09159,0,0.0631992,0,0,0
-0.0915639,0,0.0629083,0,0,0
-0.0915368,0,0.0626182,0,0,0
-0.0915088,0,0.0623287,0,0,0
-0.0914797,0,0.0620399,0,0,0
-0.0914496,0,0.0617518,0,0,0
-0.0914185,0,0.0614643,0,0,0
-0.0913864,0,0.0611776,0,0,0
-0.0913534,0,0.0608915,0,0,0
-0.0913194,0,0.0606061,0,0,0
-0.0912843,0,0.0603214,0,0,0
-0.0912483,0,0.0600374,0,0,0
-0.0912114,0,0.0597541,0,0,0
-0.0911735,0,0.0594715,0,0,0
-0.0911346,0,0.0591895,0,0,0
-0.0910947,0,0.0589083,0,0,0
-0.0910539,0,0.0586277,0,0,0
-0.0910122,0,0.0583479,0,0,0
-0.0909695,0,0.0580688,0,0,0
-0.0909258,0,0.0577903,0,0,0
-0.0908813,0,0.0575126,0,0,0
-0.0908358,0,0.0572355,0,0,0
-0.0907893,0,0.0569592,0,0,0
-0.090742,0,0.0566836,0,0,0
-0.0906937,0,0.0564087,0,0,0
-0.0906445,0,0.0561345,0,0,0
-0.0905944,0,0.055861,0,0,0
-0.0905434,0,0.0555882,0,0,0
-0.0904915,0,0.0553161,0,0,0
-0.0904387,0,0.0550448,0,0,0
-0.090385,0,0.0547741,0,0,0
-0.0903304,0,0.0545042,0,0,0
-0.0902749,0,0.054235,0,0,0
-0.0902185,0,0.0539665,0,0,0
-0.0901613,0,0.0536987,0,0,0
-0.0901031,0,0.0534317,0,0,0
-0.0900442,0,0.0531654,0,0,0
-0.0899843,0,0.0528998,0,0,0
-0.0899236,0,0.0526349,0,0,0
-0.089862,0,0.0523707,0,0,0
-0.0897996,0,0.0521073,0,0,0
-0.0897363,0,0.0518446,0,0,0
-0.0896722,0,0.0515827,0,0,0
-0.0896072,0,0.0513214,0,0,0
-0.0895414,0,0.0510609,0,0,0
-0.0894748,0,0.0508011,0,0,0
-0.0894073,0,0.0505421,0,0,0
-0.089339,0,0.0502838,0,0,0
-0.0892699,0,0.0500262,0,0,0
-0.0892,0,0.0497693,0,0,0
-0.0891292,0,0.0495132,0,0,0
-0.0890577,0,0.0492579,0,0,0
-0.0889853,0,0.0490032,0,0,0
-0.0889122,0,0.0487493,0,0,0
-0.0888382,0,0.0484962,0,0,0
-0.0887634,0,0.0482437,0,0,0
-0.0886879,0,0.047992,0,0,0
-0.0886116,0,0.0477411,0,0,0
-0.0885345,0,0.0474909,0,0,0
-0.0884566,0,0.0472414,0,0,0
-0.0883779,0,0.0469927,0,0,0
-0.0882985,0,0.0467447,0,0,0
-0.0882183,0,0.0464975,0,0,0
-0.0881373,0,0.046251,0,0,0
-0.0880556,0,0.0460053,0,0,0
-0.0879731,0,0.0457603,0,0,0
-0.0878899,0,0.045516,0,0,0
-0.0878059,0,0.0452725,0,0,0
-0.0877212,0,0.0450298,0,0,0
-0.0876357,0,0.0447878,0,0,0
-0.0875495,0,0.0445465,0,0,0
-0.0874626,0,0.044306,0,0,0
-0.0873749,0,0.0440662,0,0,0
-0.0872866,0,0.0438272,0,0,0
-0.0871975,0,0.0435889,0,0,0
-0.0871076,0,0.0433514,0,0,0
-0.0870171,0,0.0431146,0,0,0
-0.0869259,0,0.0428786,0,0,0
-0.0868339,0,0.0426433,0,0,0
-0.0867413,0,0.0424088,0,0,0
-0.0866479,0,0.042175,0,0,0
-0.0865539,0,0.041942,0,0,0
-0.0864591,0,0.0417098,0,0,0
-0.0863637,0,0.0414783,0,0,0
-0.0862676,0,0.0412475,0,0,0
-0.0861708,0,0.0410175,0,0,0
-0.0860734,0,0.0407882,0,0,0
-0.0859752,0,0.0405597,0,0,0
-0.0858764,0,0.040332,0,0,0
-0.0857769,0,0.040105,0,0,0
-0.0856768,0,0.0398787,0,0,0
-0.085576,0,0.0396532,0,0,0
-0.0854746,0,0.0394285,0,0,0
-0.0853725,0,0.0392045,0,0,0
-0.0852697,0,0.0389813,0,0,0
-0.0851663,0,0.0387588,0,0,0
-0.0850623,0,0.0385371,0,0,0
-0.0849577,0,0.0383161,0,0,0
-0.0848524,0,0.0380959,0,0,0
-0.0847464,0,0.0378764,0,0,0
-0.0846399,0,0.0376577,0,0,0
-0.0845327,0,0.0374398,0,0,0
-0.0844249,0,0.0372226,0,0,0
-0.0843165,0,0.0370061,0,0,0
-0.0842075,0,0.0367904,0,0,0
-0.0840978,0,0.0365755,0,0,0
-0.0839876,0,0.0363613,0,0,0
-0.0838767,0,0.0361479,0,0,0
-0.0837653,0,0.0359352,0,0,0
-0.0836532,0,0.0357233,0,0,0
-0.0835406,0,0.0355121,0,0,0
-0.0834274,0,0.0353017,0,0,0
-0.0833136,0,0.035092,0,0,0
-0.0831992,0,0.0348831,0,0,0
-0.0830842,0,0.0346749,0,0,0
-0.0829687,0,0.0344675,0,0,0
-0.0828526,0,0.0342609,0,0,0
-0.0827359,0,0.0340549,0,0,0
-0.0826187,0,0.0338498,0,0,0
-0.0825009,0,0.0336454,0,0,0
-0.0823825,0,0.0334417,0,0,0
-0.0822636,0,0.0332388,0,0,0
-0.0821441,0,0.0330366,0,0,0
-0.0820241,0,0.0328352,0,0,0
-0.0819035,0,0.0326346,0,0,0
-0.0817824,0,0.0324347,0,0,0
-0.0816608,0,0.0322355,0,0,0
-0.0815386,0,0.0320371,0,0,0
-0.0814159,0,0.0318394,0,0,0
-0.0812926,0,0.0316425,0,0,0
-0.0811688,0,0.0314463,0,0,0
-0.0810445,0,0.0312509,0,0,0
-0.0809197,0,0.0310562,0,0,0
-0.0807944,0,0.0308623,0,0,0
-0.0806686,0,0.0306691,0,0,0
-0.0805422,0,0.0304767,0,0,0
-0.0804153,0,0.030285,0,0,0
-0.080288,0,0.030094,0,0,0
-0.0801601,0,0.0299038,0,0,0
-0.0800317,0,0.0297143,0,0,0
-0.0799029,0,0.0295256,0,0,0
-0.0797735,0,0.0293376,0,0,0
-0.0796437,0,0.0291504,0,0,0
-0.0795134,0,0.0289638,0,0,0
-0.0793825,0,0.0287781,0,0,0
-0.0792513,0,0.0285931,0,0,0
-0.0791195,0,0.0284088,0,0,0
-0.0789872,0,0.0282252,0,0,0
-0.0788545,0,0.0280424,0,0,0
-0.0787214,0,0.0278603,0,0,0
-0.0785877,0,0.027679,0,0,0
-0.0784536,0,0.0274984,0,0,0
-0.078319,0,0.0273185,0,0,0
-0.078184,0,0.0271394,0,0,0
-0.0780485,0,0.026961,0,0,0
-0.0779126,0,0.0267833,0,0,0
-0.0777763,0,0.0266064,0,0,0
-0.0776394,0,0.0264302,0,0,0
-0.0775022,0,0.0262547,0,0,0
-0.0773645,0,0.0260799,0,0,0
-0.0772264,0,0.0259059,0,0,0
-0.0770878,0,0.0257326,0,0,0
-0.0769488,0,0.0255601,0,0,0
-0.0768094,0,0.0253882,0,0,0
-0.0766695,0,0.0252171,0,0,0
-0.0765293,0,0.0250467,0,0,0
-0.0763886,0,0.0248771,0,0,0
-0.0762475,0,0.0247082,0,0,0
-0.076106,0,0.0245399,0,0,0
-0.075964,0,0.0243724,0,0,0
-0.0758217,0,0.0242057,0,0,0
-0.075679,0,0.0240396,0,0,0
-0.0755358,0,0.0238743,0,0,0
-0.0753923,0,0.0237097,0,0,0
-0.0752484,0,0.0235458,0,0,0
-0.075104,0,0.0233826,0,0,0
-0.0749593,0,0.0232201,0,0,0
-0.0748142,0,0.0230584,0,0,0
-0.0746687,0,0.0228974,0,0,0
-0.0745228,0,0.022737,0,0,0
-0.0743766,0,0.0225774,0,0,0
-0.0742299,0,0.0224185,0,0,0
-0.0740829,0,0.0222603,0,0,0
-0.0739355,0,0.0221029,0,0,0
-0.0737878,0,0.0219461,0,0,0
-0.0736397,0,0.02179,0,0,0
-0.0734912,0,0.0216347,0,0,0
-0.0733423,0,0.02148,0,0,0
-0.0731931,0,0.0213261,0,0,0
-0.0730436,0,0.0211728,0,0,0
-0.0728936,0,0.0210203,0,0,0
-0.0727434,0,0.0208685,0,0,0
-0.0725927,0,0.0207173,0,0,0
-0.0724418,0,0.0205669,0,0,0
-0.0722904,0,0.0204171,0,0,0
-0.0721388,0,0.0202681,0,0,0
-0.0719868,0,0.0201197,0,0,0
-0.0718344,0,0.0199721,0,0,0
-0.0716818,0,0.0198251,0,0,0
-0.0715288,0,0.0196789,0,0,0
-0.0713754,0,0.0195333,0,0,0
-0.0712218,0,0.0193884,0,0,0
-0.0710678,0,0.0192442,0,0,0
-0.0709122,0,0.0190995,0,0,0
-0.0707575,0,0.0189567,0,0,0
-0.0706026,0,0.0188145,0,0,0
-0.0704473,0,0.0186731,0,0,0
-0.0702917,0,0.0185323,0,0,0
-0.0701358,0,0.0183922,0,0,0
-0.0699796,0,0.0182528,0,0,0
-0.0698231,0,0.0181141,0,0,0
-0.0696663,0,0.0179761,0,0,0
-0.0695092,0,0.0178387,0,0,0
-0.0693518,0,0.017702,0,0,0
-0.0691941,0,0.017566,0,0,0
-0.0690361,0,0.0174307,0,0,0
-0.0688778,0,0.017296,0,0,0
-0.0687192,0,0.017162,0,0,0
-0.0685603,0,0.0170287,0,0,0
-0.0684011,0,0.016896,0,0,0
-0.0682417,0,0.016764,0,0,0
-0.068082,0,0.0166327,0,0,0
-0.0679219,0,0.0165021,0,0,0
-0.0677617,0,0.0163721,0,0,0
-0.0676011,0,0.0162427,0,0,0
-0.0674403,0,0.0161141,0,0,0
-0.0672791,0,0.015986,0,0,0
-0.0671178,0,0.0158587,0,0,0
-0.0669561,0,0.015732,0,0,0
-0.0667942,0,0.015606,0,0,0
-0.066632,0,0.0154806,0,0,0
-0.0664696,0,0.0153559,0,0,0
-0.0663069,0,0.0152318,0,0,0
-0.066144,0,0.0151084,0,0,0
-0.0659808,0,0.0149856,0,0,0
-0.0658173,0,0.0148635,0,0,0
-0.0656536,0,0.014742,0,0,0
-0.0654897,0,0.0146211,0,0,0
-0.0653255,0,0.0145009,0,0,0
-0.065161,0,0.0143814,0,0,0
-0.0649963,0,0.0142625,0,0,0
-0.0648314,0,0.0141442,0,0,0
-0.0646663,0,0.0140266,0,0,0
-0.0645009,0,0.0139096,0,0,0
-0.0643352,0,0.0137932,0,0,0
-0.0641694,0,0.0136775,0,0,0
-0.0640033,0,0.0135624,0,0,0
-0.0638369,0,0.013448,0,0,0
-0.0636704,0,0.0133341,0,0,0
-0.0635036,0,0.013221,0,0,0
-0.0633366,0,0.0131084,0,0,0
-0.0631694,0,0.0129964,0,0,0
-0.063002,0,0.0128851,0,0,0
-0.0628343,0,0.0127744,0,0,0
-0.0626664,0,0.0126643,0,0,0
-0.0624984,0,0.0125549,0,0,0
-0.0623301,0,0.012446,0,0,0
-0.0621616,0,0.0123378,0,0,0
-0.0619929,0,0.0122302,0,0,0
-0.0618239,0,0.0121232,0,0,0
-0.0616548,0,0.0120168,0,0,0
-0.0614855,0,0.0119111,0,0,0
-0.061316,0,0.0118059,0,0,0
-0.0611462,0,0.0117014,0,0,0
-0.0609763,0,0.0115974,0,0,0
-0.0608062,0,0.0114941,0,0,0
-0.0606359,0,0.0113914,0,0,0
-0.0604654,0,0.0112892,0,0,0
-0.0602947,0,0.0111877,0,0,0
-0.0601238,0,0.0110868,0,0,0
-0.0599527,0,0.0109864,0,0,0
-0.0597815,0,0.0108867,0,0,0
-0.05961,0,0.0107875,0,0,0
-0.0594384,0,0.010689,0,0,0
-0.0592666,0,0.010591,0,0,0
-0.0590946,0,0.0104937,0,0,0
-0.0589225,0,0.0103969,0,0,0
-0.0587501,0,0.0103007,0,0,0
-0.0585776,0,0.0102051,0,0,0
-0.058405,0,0.01011,0,0,0
-0.0582321,0,0.0100156,0,0,0
-0.0580591,0,0.00992174,0,0,0
-0.0578859,0,0.00982845,0,0,0
-0.0577126,0,0.00973574,0,0,0
-0.057539,0,0.00964361,0,0,0
-0.0573654,0,0.00955205,0,0,0
-0.0571915,0,0.00946107,0,0,0
-0.0570175,0,0.00937065,0,0,0
-0.0568434,0,0.00928081,0,0,0
-0.056669,0,0.00919153,0,0,0
-0.0564946,0,0.00910282,0,0,0
-0.05632,0,0.00901467,0,0,0
-0.0561452,0,0.00892709,0,0,0
-0.0559702,0,0.00884007,0,0,0
-0.0557952,0,0.00875361,0,0,0
-0.0556199,0,0.0086677,0,0,0
-0.0554446,0,0.00858235,0,0,0
-0.0552691,0,0.00849756,0,0,0
-0.0550934,0,0.00841332,0,0,0
-0.0549176,0,0.00832963,0,0,0
-0.0547417,0,0.00824649,0,0,0
-0.0545656,0,0.0081639,0,0,0
-0.0543894,0,0.00808186,0,0,0
-0.054213,0,0.00800036,0,0,0
-0.0540365,0,0.0079194,0,0,0
-0.0538599,0,0.00783899,0,0,0
-0.0536831,0,0.00775911,0,0,0
-0.0535062,0,0.00767977,0,0,0
-0.0533292,0,0.00760097,0,0,0
-0.0531521,0,0.00752271,0,0,0
-0.0529748,0,0.00744498,0,0,0
-0.0527974,0,0.00736778,0,0,0
-0.0526199,0,0.00729111,0,0,0
-0.0524422,0,0.00721496,0,0,0
-0.0522645,0,0.00713935,0,0,0
-0.0520866,0,0.00706426,0,0,0
-0.0519086,0,0.00698969,0,0,0
-0.0517305,0,0.00691564,0,0,0
-0.0515522,0,0.00684212,0,0,0
-0.0513739,0,0.00676911,0,0,0
-0.0511954,0,0.00669662,0,0,0
-0.0510168,0,0.00662464,0,0,0
-0.0508381,0,0.00655317,0,0,0
-0.0506593,0,0.00648222,0,0,0
-0.0504804,0,0.00641177,0,0,0
-0.0503013,0,0.00634184,0,0,0
-0.0501222,0,0.00627241,0,0,0
-0.049943,0,0.00620348,0,0,0
-0.0497636,0,0.00613506,0,0,0
-0.0495842,0,0.00606713,0,0,0
-0.0494046,0,0.00599971,0,0,0
-0.049225,0,0.00593278,0,0,0
-0.0490452,0,0.00586635,0,0,0
-0.0488654,0,0.00580042,0,0,0
-0.0486854,0,0.00573497,0,0,0
-0.0485054,0,0.00567002,0,0,0
-0.0483252,0,0.00560555,0,0,0
-0.048145,0,0.00554157,0,0,0
-0.0479646,0,0.00547808,0,0,0
-0.0477842,0,0.00541507,0,0,0
-0.0476037,0,0.00535254,0,0,0
-0.0474231,0,0.00529049,0,0,0
-0.0472424,0,0.00522892,0,0,0
-0.0470616,0,0.00516783,0,0,0
-0.0468807,0,0.00510721,0,0,0
-0.0466998,0,0.00504706,0,0,0
-0.0465187,0,0.00498739,0,0,0
-0.0463376,0,0.00492818,0,0,0
-0.0461564,0,0.00486944,0,0,0
-0.0459751,0,0.00481117,0,0,0
-0.0457937,0,0.00475336,0,0,0
-0.0456123,0,0.00469602,0,0,0
-0.0454307,0,0.00463913,0,0,0
-0.0452491,0,0.0045827,0,0,0
-0.0450674,0,0.00452673,0,0,0
-0.0448857,0,0.00447122,0,0,0
-0.0447038,0,0.00441615,0,0,0
-0.0445219,0,0.00436154,0,0,0
-0.0443399,0,0.00430738,0,0,0
-0.0441578,0,0.00425367,0,0,0
-0.0439757,0,0.0042004,0,0,0
-0.0437935,0,0.00414758,0,0,0
-0.0436112,0,0.0040952,0,0,0
-0.0434289,0,0.00404326,0,0,0
-0.0432464,0,0.00399176,0,0,0
-0.043064,0,0.0039407,0,0,0
-0.0428814,0,0.00389008,0,0,0
-0.0426988,0,0.00383988,0,0,0
-0.0425161,0,0.00379012,0,0,0
-0.0423334,0,0.00374079,0,0,0
-0.0421506,0,0.00369188,0,0,0
-0.0419677,0,0.00364341,0,0,0
-0.0417848,0,0.00359535,0,0,0
-0.0416018,0,0.00354772,0,0,0
-0.0414187,0,0.00350052,0,0,0
-0.0412356,0,0.00345373,0,0,0
-0.0410524,0,0.00340735,0,0,0
-0.0408692,0,0.0033614,0,0,0
-0.0406859,0,0.00331585,0,0,0
-0.0405026,0,0.00327072,0,0,0
-0.0403192,0,0.003226,0,0,0
-0.0401357,0,0.00318168,0,0,0
-0.0399522,0,0.00313778,0,0,0
-0.0397686,0,0.00309427,0,0,0
-0.039585,0,0.00305117,0,0,0
-0.0394014,0,0.00300848,0,0,0
-0.0392177,0,0.00296618,0,0,0
-0.0390339,0,0.00292427,0,0,0
-0.0388501,0,0.00288276,0,0,0
-0.0386662,0,0.00284165,0,0,0
-0.0384823,0,0.00280093,0,0,0
-0.0382984,0,0.0027606,0,0,0
-0.0381143,0,0.00272065,0,0,0
-0.0379303,0,0.00268109,0,0,0
-0.0377462,0,0.00264192,0,0,0
-0.0375621,0,0.00260313,0,0,0
-0.0373779,0,0.00256472,0,0,0
-0.0371936,0,0.00252668,0,0,0
-0.0370094,0,0.00248903,0,0,0
-0.0368251,0,0.00245175,0,0,0
-0.0366407,0,0.00241484,0,0,0
-0.0364563,0,0.00237831,0,0,0
-0.0362719,0,0.00234214,0,0,0
-0.0360874,0,0.00230635,0,0,0
-0.0359029,0,0.00227091,0,0,0
-0.0357183,0,0.00223585,0,0,0
-0.0355337,0,0.00220114,0,0,0
-0.0353491,0,0.00216679,0,0,0
-0.0351644,0,0.00213281,0,0,0
-0.0349797,0,0.00209918,0,0,0
-0.034795,0,0.0020659,0,0,0
-0.0346102,0,0.00203298,0,0,0
-0.0344254,0,0.00200041,0,0,0
-0.0342406,0,0.00196819,0,0,0
-0.0340557,0,0.00193631,0,0,0
-0.0338708,0,0.00190478,0,0,0
-0.0336859,0,0.0018736,0,0,0
-0.0335009,0,0.00184275,0,0,0
-0.0333159,0,0.00181225,0,0,0
-0.0331309,0,0.00178208,0,0,0
-0.0329458,0,0.00175225,0,0,0
-0.0327607,0,0.00172276,0,0,0
-0.0325756,0,0.00169359,0,0,0
-0.0323904,0,0.00166476,0,0,0
-0.0322053,0,0.00163626,0,0,0
-0.0320201,0,0.00160808,0,0,0
-0.0318348,0,0.00158023,0,0,0
-0.0316496,0,0.0015527,0,0,0
-0.0314643,0,0.00152549,0,0,0
-0.031279,0,0.00149861,0,0,0
-0.0310936,0,0.00147203,0,0,0
-0.0309083,0,0.00144578,0,0,0
-0.0307229,0,0.00141984,0,0,0
-0.0305375,0,0.00139421,0,0,0
-0.030352,0,0.00136889,0,0,0
-0.0301666,0,0.00134388,0,0,0
-0.0299811,0,0.00131917,0,0,0
-0.0297956,0,0.00129477,0,0,0
-0.0296101,0,0.00127068,0,0,0
-0.0294245,0,0.00124688,0,0,0
-0.029239,0,0.00122338,0,0,0
-0.0290534,0,0.00120018,0,0,0
-0.0288678,0,0.00117727,0,0,0
-0.0286821,0,0.00115466,0,0,0
-0.0284965,0,0.00113234,0,0,0
-0.0283108,0,0.00111031,0,0,0
-0.0281251,0,0.00108856,0,0,0
-0.0279394,0,0.0010671,0,0,0
-0.0277537,0,0.00104593,0,0,0
-0.027568,0,0.00102503,0,0,0
-0.0273822,0,0.00100442,0,0,0
-0.0271964,0,0.000984085,0,0,0
-0.0270107,0,0.000964025,0,0,0
-0.0268248,0,0.000944241,0,0,0
-0.026639,0,0.000924728,0,0,0
-0.0264532,0,0.000905487,0,0,0
-0.0262673,0,0.000886514,0,0,0
-0.0260815,0,0.000867808,0,0,0
-0.0258956,0,0.000849367,0,0,0
-0.0257097,0,0.000831189,0,0,0
-0.0255238,0,0.000813272,0,0,0
-0.0253378,0,0.000795614,0,0,0
-0.0251519,0,0.000778214,0,0,0
-0.0249659,0,0.00076107,0,0,0
-0.02478,0,0.000744179,0,0,0
-0.024594,0,0.00072754,0,0,0
-0.024408,0,0.000711151,0,0,0
-0.024222,0,0.00069501,0,0,0
-0.024036,0,0.000679115,0,0,0
-0.02385,0,0.000663464,0,0,0
-0.0236639,0,0.000648056,0,0,0
-0.0234779,0,0.000632888,0,0,0
-0.0232918,0,0.000617958,0,0,0
-0.0231058,0,0.000603266,0,0,0
-0.0229197,0,0.000588808,0,0,0
-0.0227336,0,0.000574583,0,0,0
-0.0225475,0,0.000560589,0,0,0
-0.0223614,0,0.000546824,0,0,0
-0.0221753,0,0.000533287,0,0,0
-0.0219891,0,0.000519974,0,0,0
-0.021803,0,0.000506886,0,0,0
-0.0216169,0,0.000494019,0,0,0
-0.0214307,0,0.000481371,0,0,0
-0.0212445,0,0.000468942,0,0,0
-0.0210584,0,0.000456728,0,0,0
-0.0208722,0,0.000444728,0,0,0
-0.020686,0,0.000432941,0,0,0
-0.0204998,0,0.000421364,0,0,0
-0.0203136,0,0.000409995,0,0,0
-0.0201274,0,0.000398832,0,0,0
-0.0199412,0,0.000387874,0,0,0
-0.019755,0,0.000377119,0,0,0
-0.0195688,0,0.000366565,0,0,0
-0.0193825,0,0.000356209,0,0,0
-0.0191963,0,0.000346051,0,0,0
-0.0190101,0,0.000336088,0,0,0
-0.0188238,0,0.000326318,0,0,0
-0.0186376,0,0.000316739,0,0,0
-0.0184513,0,0.000307349,0,0,0
-0.018265,0,0.000298148,0,0,0
-0.0180788,0,0.000289132,0,0,0
-0.0178925,0,0.000280299,0,0,0
-0.0177062,0,0.000271649,0,0,0
-0.0175199,0,0.000263178,0,0,0
-0.0173336,0,0.000254886,0,0,0
-0.0171473,0,0.00024677,0,0,0
-0.016961,0,0.000238828,0,0,0
-0.0167747,0,0.000231059,0,0,0
-0.0165884,0,0.00022346,0,0,0
-0.0164021,0,0.000216029,0,0,0
-0.0162158,0,0.000208766,0,0,0
-0.0160295,0,0.000201667,0,0,0
-0.0158432,0,0.000194732,0,0,0
-0.0156569,0,0.000187957,0,0,0
-0.0154705,0,0.000181341,0,0,0
-0.0152842,0,0.000174883,0,0,0
-0.0150979,0,0.00016858,0,0,0
-0.0149115,0,0.000162431,0,0,0
-0.0147252,0,0.000156433,0,0,0
-0.0145389,0,0.000150585,0,0,0
-0.0143525,0,0.000144885,0,0,0
-0.0141662,0,0.00013933,0,0,0
-0.0139798,0,0.00013392,0,0,0
-0.0137935,0,0.000128652,0,0,0
-0.0136071,0,0.000123524,0,0,0
-0.0134208,0,0.000118534,0,0,0
-0.0132344,0,0.000113681,0,0,0
-0.0130481,0,0.000108962,0,0,0
-0.0128617,0,0.000104376,0,0,0
-0.0126753,0,9.99207e-05,0,0,0
-0.012489,0,9.55942e-05,0,0,0
-0.0123026,0,9.13948e-05,0,0,0
-0.0121162,0,8.73204e-05,0,0,0
-0.0119299,0,8.33692e-05,0,0,0
-0.0117435,0,7.95393e-05,0,0,0
-0.0115571,0,7.58287e-05,0,0,0
-0.0113708,0,7.22357e-05,0,0,0
-0.0111844,0,6.87582e-05,0,0,0
-0.010998,0,6.53945e-05,0,0,0
-0.0108116,0,6.21426e-05,0,0,0
-0.0106253,0,5.90006e-05,0,0,0
-0.0104389,0,5.59666e-05,0,0,0
-0.0102525,0,5.30388e-05,0,0,0
-0.0100661,0,5.02151e-05,0,0,0
-0.00987974,0,4.74939e-05,0,0,0
-0.00969336,0,4.4873e-05,0,0,0
-0.00950698,0,4.23507e-05,0,0,0
-0.0093206,0,3.99251e-05,0,0,0
-0.00913421,0,3.75942e-05,0,0,0
-0.00894783,0,3.53562e-05,0,0,0
-0.00876144,0,3.32092e-05,0,0,0
-0.00857506,0,3.11512e-05,0,0,0
-0.00838867,0,2.91804e-05,0,0,0
-0.00820229,0,2.72949e-05,0,0,0
-0.0080159,0,2.54928e-05,0,0,0
-0.00782951,0,2.37722e-05,0,0,0
-0.00764313,0,2.21312e-05,0,0,0
-0.00745674,0,2.05679e-05,0,0,0
-0.00727035,0,1.90804e-05,0,0,0
-0.00708396,0,1.76668e-05,0,0,0
-0.00689758,0,1.63252e-05,0,0,0
-0.00671119,0,1.50538e-05,0,0,0
-0.0065248,0,1.38506e-05,0,0,0
-0.00633841,0,1.27137e-05,0,0,0
-0.00615202,0,1.16413e-05,0,0,0
-0.00596563,0,1.06314e-05,0,0,0
-0.00577924,0,9.68219e-06,0,0,0
-0.00559285,0,8.79172e-06,0,0,0
-0.00540646,0,7.95811e-06,0,0,0
-0.00522007,0,7.17946e-06,0,0,0
-0.00503368,0,6.45389e-06,0,0,0
-0.00484729,0,5.77949e-06,0,0,0
-0.0046609,0,5.15438e-06,0,0,0
-0.00447451,0,4.57665e-06,0,0,0
-0.00428812,0,4.04441e-06,0,0,0
-0.00410172,0,3.55577e-06,0,0,0
-0.00391533,0,3.10883e-06,0,0,0
-0.00372894,0,2.70169e-06,0,0,0
-0.00354255,0,2.33247e-06,0,0,0
-0.00335616,0,1.99926e-06,0,0,0
-0.00316977,0,1.70018e-06,0,0,0
-0.00298338,0,1.43332e-06,0,0,0
-0.00279699,0,1.19679e-06,0,0,0
-0.0026106,0,9.88703e-07,0,0,0
-0.0024242,0,8.07153e-07,0,0,0
-0.00223781,0,6.5025e-07,0,0,0
-0.00205142,0,5.16099e-07,0,0,0
-0.00186503,0,4.02803e-07,0,0,0
-0.00167864,0,3.08469e-07,0,0,0
-0.00149225,0,2.31202e-07,0,0,0
-0.00130586,0,1.69106e-07,0,0,0
-0.00111947,0,1.20286e-07,0,0,0
-0.000933075,0,8.28479e-08,0,0,0
-0.000746683,0,5.48959e-08,0,0,0
-0.000560292,0,3.45353e-08,0,0,0
-0.000373901,0,1.98711e-08,0,0,0
-0.00018751,0,9.00827e-09,0,0,0
-1.11835e-06,0,5.18095e-11,0,0,0
0.000185273,0,-8.89328e-09,0,0,0
