0.055,0,-1.49113e-14
0.055,0,-1.48169e-07
0.055,0,-4.76385e-07
0.055,0,-9.90993e-07
0.055,0,-1.69199e-06
0.055,0,-2.57938e-06
0.055,0,-3.65316e-06
0.055,0,-4.91334e-06
0.055,0,-6.3599e-06
0.055,0,-7.99285e-06
0.055,0,-9.8122e-06
0.055,0,-1.45462e-05
0.055,0,-1.6968e-05
0.055,0,-1.95763e-05
0.055,0,-2.23709e-05
0.055,0,-2.53519e-05
0.055,0,-2.85588e-05
0.055,0,-3.19148e-05
0.055,0,-3.54573e-05
0.055,0,-3.91861e-05
0.055,0,-4.31013e-05
0.055,0,-4.72029e-05
0.055,0,-5.14909e-05
0.055,0,-5.63941e-05
0.055,0,-6.10724e-05
0.055,0,-6.5937e-05
0.055,0,-7.0988e-05
0.0549999,0,-7.62255e-05
0.0549999,0,-8.16493e-05
0.0549999,0,-8.72595e-05
0.0549999,0,-9.30561e-05
0.0549999,0,-9.90391e-05
0.0549999,0,-0.000105208
0.0549999,0,-0.000111565
0.0549999,0,-0.000118107
0.0549999,0,-0.000124836
0.0549998,0,-0.000131751
0.0549998,0,-0.000138852
0.0549998,0,-0.00014614
0.0549998,0,-0.000153626
0.0549998,0,-0.000161869
0.0549997,0,-0.000169731
0.0549997,0,-0.000177778
0.0549997,0,-0.000186012
0.0549997,0,-0.000194432
0.0549996,0,-0.000203039
0.0549996,0,-0.000211832
0.0549996,0,-0.000220812
0.0549995,0,-0.000229978
0.0549995,0,-0.00023933
0.0549994,0,-0.000248869
0.0549994,0,-0.000258594
0.0549993,0,-0.000268549
0.0549993,0,-0.000278648
0.0549992,0,-0.000288933
0.0549992,0,-0.000299404
0.0549991,0,-0.000310062
0.0549991,0,-0.000320906
0.054999,0,-0.000331936
0.0549989,0,-0.000343153
0.0549989,0,-0.000354557
0.0549988,0,-0.000366249
0.0549987,0,-0.000378089
0.0549986,0,-0.000390054
0.0549985,0,-0.000402206
0.0549984,0,-0.000414664
0.0549983,0,-0.00042719
0.0549982,0,-0.000439902
0.0549981,0,-0.000452801
0.054998,0,-0.000465886
0.0549979,0,-0.000479157
0.0549978,0,-0.000492615
0.0549977,0,-0.00050626
0.0549975,0,-0.00052237
0.0549974,0,-0.000536417
0.0549972,0,-0.000550651
0.0549971,0,-0.00056507
0.0549969,0,-0.000579677
0.0549968,0,-0.000594469
0.0549966,0,-0.000609448
0.0549965,0,-0.000624614
0.0549963,0,-0.000639965
0.0549961,0,-0.000655503
0.0549959,0,-0.000671227
0.0549957,0,-0.000687138
0.0549955,0,-0.000703235
0.0549953,0,-0.000719518
0.0549951,0,-0.000735988
0.0549949,0,-0.000752643
0.0549945,0,-0.000774321
0.0549943,0,-0.000791403
0.0549941,0,-0.000808671
0.0549938,0,-0.000826125
0.0549935,0,-0.000843765
0.0549933,0,-0.000861592
0.054993,0,-0.000879605
0.0549927,0,-0.000897804
0.0549924,0,-0.00091619
0.0549921,0,-0.000934761
0.0549917,0,-0.000953552
0.0549914,0,-0.000972496
0.0549911,0,-0.000991627
0.0549907,0,-0.00101094
0.0549903,0,-0.00103045
0.05499,0,-0.00105014
0.0549896,0,-0.00107002
0.0549892,0,-0.00109008
0.0549888,0,-0.00111033
0.0549884,0,-0.00113077
0.0549879,0,-0.00115139
0.0549875,0,-0.00117219
0.0549871,0,-0.00119319
0.0549866,0,-0.00121437
0.0549861,0,-0.00123573
0.0549856,0,-0.00125728
0.0549851,0,-0.00127902
0.0549846,0,-0.00130094
0.0549841,0,-0.00132305
0.0549835,0,-0.00134535
0.054983,0,-0.00136783
0.0549824,0,-0.0013905
0.0549818,0,-0.00141335
0.0549811,0,-0.0014426
0.0549805,0,-0.00146588
0.0549798,0,-0.00148934
0.0549792,0,-0.00151299
0.0549785,0,-0.00153683
0.0549778,0,-0.00156085
0.0549772,0,-0.00158505
0.0549764,0,-0.00160945
0.0549757,0,-0.00163402
0.054975,0,-0.00165879
0.0549742,0,-0.00168374
0.0549734,0,-0.00170888
0.0549727,0,-0.0017342
0.0549718,0,-0.00175971
0.054971,0,-0.0017854
0.0549702,0,-0.00181128
0.0549693,0,-0.00183752
0.0549684,0,-0.00186378
0.0549675,0,-0.00189021
0.0549666,0,-0.00191684
0.0549656,0,-0.00194365
0.0549647,0,-0.00197065
0.0549637,0,-0.00199783
0.0549627,0,-0.0020252
0.0549617,0,-0.00205275
0.0549606,0,-0.00208049
0.0549596,0,-0.00210842
0.0549585,0,-0.00213653
0.0549574,0,-0.00216482
0.0549562,0,-0.00219331
0.0549551,0,-0.00222197
0.0549539,0,-0.00225083
0.0549527,0,-0.00227987
0.0549511,0,-0.00231946
0.0549498,0,-0.00234893
0.0549485,0,-0.0023786
0.0549472,0,-0.00240844
0.0549459,0,-0.00243848
0.0549446,0,-0.00246869
0.0549432,0,-0.0024991
0.0549418,0,-0.00252969
0.0549404,0,-0.00256046
0.0549389,0,-0.00259142
0.0549374,0,-0.00262256
0.0549359,0,-0.0026539
0.0549344,0,-0.00268541
0.0549328,0,-0.00271711
0.0549313,0,-0.002749
0.0549296,0,-0.00278107
0.054928,0,-0.00281333
0.0549263,0,-0.00284577
0.0549246,0,-0.00287839
0.0549229,0,-0.00291121
0.0549211,0,-0.0029442
0.0549194,0,-0.00297739
0.0549175,0,-0.00301075
0.0549157,0,-0.00304431
0.0549138,0,-0.00307804
0.0549119,0,-0.00311196
0.0549099,0,-0.00314607
0.054908,0,-0.00318036
0.054906,0,-0.00321484
0.0549039,0,-0.0032495
0.0549018,0,-0.00328435
0.0548997,0,-0.00331938
0.0548976,0,-0.00335459
0.0548954,0,-0.00338999
0.0548932,0,-0.00342558
0.054891,0,-0.00346135
0.0548887,0,-0.0034973
0.0548864,0,-0.00353344
0.054884,0,-0.00356977
0.0548816,0,-0.00360627
0.0548792,0,-0.00364296
0.0548768,0,-0.00367984
0.0548743,0,-0.0037169
0.0548717,0,-0.00375415
0.0548692,0,-0.00379158
0.0548665,0,-0.00382919
0.0548639,0,-0.00386699
0.0548612,0,-0.00390497
0.0548585,0,-0.00394313
0.0548557,0,-0.00398148
0.0548529,0,-0.00402002
0.05485,0,-0.00405873
0.0548471,0,-0.00409763
0.0548442,0,-0.00413672
0.0548412,0,-0.00417599
0.0548382,0,-0.00421544
0.0548352,0,-0.00425508
0.0548321,0,-0.0042949
0.0548289,0,-0.0043349
0.0548257,0,-0.00437508
0.0548225,0,-0.00441546
0.0548192,0,-0.00445601
0.0548159,0,-0.00449675
0.0548125,0,-0.00453767
0.0548091,0,-0.00457877
0.0548056,0,-0.00462006
0.0548021,0,-0.00466152
0.0547985,0,-0.00470318
0.0547949,0,-0.00474501
0.0547913,0,-0.00478703
0.0547876,0,-0.00482923
0.0547838,0,-0.00487162
0.05478,0,-0.00491418
0.0547762,0,-0.00495693
0.0547723,0,-0.00499987
0.0547683,0,-0.00504298
0.0547643,0,-0.00508628
0.0547603,0,-0.00512976
0.0547561,0,-0.00517342
0.054752,0,-0.00521726
0.0547478,0,-0.00526129
0.0547435,0,-0.0053055
0.0547392,0,-0.00534989
0.0547348,0,-0.00539446
0.0547304,0,-0.00543921
0.0547259,0,-0.00548415
0.0547214,0,-0.00552927
0.0547168,0,-0.00557457
0.0547121,0,-0.00562005
0.0547074,0,-0.00566571
0.0547026,0,-0.00571156
0.0546978,0,-0.00575758
0.0546929,0,-0.00580379
0.054688,0,-0.00585018
0.054683,0,-0.00589675
0.0546779,0,-0.0059435
0.0546728,0,-0.00599043
0.0546676,0,-0.00603754
0.0546624,0,-0.00608483
0.0546571,0,-0.00613231
0.0546517,0,-0.00617996
0.0546463,0,-0.00622779
0.0546408,0,-0.00627581
0.0546352,0,-0.006324
0.0546296,0,-0.00637238
0.0546239,0,-0.00642093
0.0546182,0,-0.00646967
0.0546123,0,-0.00651859
0.0546065,0,-0.00656768
0.0546005,0,-0.00661696
0.0545945,0,-0.00666641
0.0545884,0,-0.00671604
0.0545823,0,-0.00676586
0.054576,0,-0.00681585
0.0545698,0,-0.00686602
0.0545634,0,-0.00691637
0.054557,0,-0.0069669
0.0545505,0,-0.00701761
0.0545439,0,-0.0070685
0.0545373,0,-0.00711957
0.0545305,0,-0.00717081
0.0545237,0,-0.00722224
0.0545169,0,-0.00727384
0.05451,0,-0.00732562
0.0545029,0,-0.00737758
0.0544959,0,-0.00742971
0.0544887,0,-0.00748203
0.0544815,0,-0.00753452
0.0544742,0,-0.00758719
0.0544668,0,-0.00764004
0.0544593,0,-0.00769306
0.0544518,0,-0.00774626
0.0544442,0,-0.00779964
0.0544365,0,-0.0078532
0.0544287,0,-0.00790702
0.0544208,0,-0.00796093
0.0544129,0,-0.00801501
0.0544048,0,-0.00806928
0.0543967,0,-0.00812372
0.0543886,0,-0.00817833
0.0543803,0,-0.00823312
0.0543719,0,-0.00828809
0.0543635,0,-0.00834323
0.054355,0,-0.00839855
0.0543464,0,-0.00845404
0.0543377,0,-0.00850971
0.0543289,0,-0.00856556
0.0543201,0,-0.00862158
0.0543111,0,-0.00867777
0.0543021,0,-0.00873414
0.0542929,0,-0.00879068
0.0542837,0,-0.0088474
0.0542744,0,-0.00890429
0.054265,0,-0.00896136
0.0542556,0,-0.0090186
0.054246,0,-0.00907602
0.0542363,0,-0.0091336
0.0542266,0,-0.00919136
0.0542167,0,-0.0092493
0.0542068,0,-0.00930741
0.0541967,0,-0.00936569
0.0541866,0,-0.00942414
0.0541764,0,-0.00948277
0.054166,0,-0.00954157
0.0541556,0,-0.00960054
0.0541451,0,-0.00965968
0.0541345,0,-0.00971899
0.0541238,0,-0.00977848
0.0541129,0,-0.00983814
0.054102,0,-0.00989797
0.054091,0,-0.00995797
0.0540799,0,-0.0100181
0.0540687,0,-0.0100785
0.0540574,0,-0.010139
0.054046,0,-0.0101997
0.0540344,0,-0.0102605
0.0540228,0,-0.0103216
0.0540111,0,-0.0103828
0.0539993,0,-0.0104441
0.0539873,0,-0.0105057
0.0539753,0,-0.0105674
0.0539631,0,-0.0106292
0.0539509,0,-0.0106913
0.0539385,0,-0.0107535
0.053926,0,-0.0108159
0.0539135,0,-0.0108784
0.0539008,0,-0.0109411
0.053888,0,-0.011004
0.053875,0,-0.011067
0.053862,0,-0.0111303
0.0538489,0,-0.0111937
0.0538356,0,-0.0112572
0.0538223,0,-0.0113209
0.0538088,0,-0.0113848
0.0537952,0,-0.0114489
0.0537815,0,-0.0115131
0.0537677,0,-0.0115775
0.0537537,0,-0.011642
0.0537397,0,-0.0117067
0.0537255,0,-0.0117716
0.0537112,0,-0.0118366
0.0536968,0,-0.0119018
0.0536823,0,-0.0119672
0.0536676,0,-0.0120328
0.0536528,0,-0.0120985
0.0536379,0,-0.0121643
0.0536229,0,-0.0122303
0.0536078,0,-0.0122965
0.0535925,0,-0.0123629
0.0535771,0,-0.0124294
0.0535616,0,-0.0124961
0.053546,0,-0.0125629
0.0535302,0,-0.0126299
0.0535143,0,-0.0126971
0.0534983,0,-0.0127644
0.0534822,0,-0.0128319
0.0534659,0,-0.0128995
0.0534495,0,-0.0129674
0.053433,0,-0.0130353
0.0534163,0,-0.0131034
0.0533995,0,-0.0131717
0.0533826,0,-0.0132402
0.0533655,0,-0.0133088
0.0533483,0,-0.0133775
0.053331,0,-0.0134465
0.0533135,0,-0.0135156
0.0532959,0,-0.0135848
0.0532782,0,-0.0136542
0.0532603,0,-0.0137237
0.0532423,0,-0.0137935
0.0532241,0,-0.0138633
0.0532058,0,-0.0139334
0.0531874,0,-0.0140035
0.0531688,0,-0.0140739
0.0531501,0,-0.0141444
0.0531313,0,-0.014215
0.0531123,0,-0.0142858
0.0530932,0,-0.0143568
0.0530739,0,-0.0144279
0.0530545,0,-0.0144991
0.0530349,0,-0.0145706
0.0530152,0,-0.0146421
0.0529953,0,-0.0147139
0.0529753,0,-0.0147857
0.0529551,0,-0.0148578
0.0529348,0,-0.0149299
0.0529144,0,-0.0150023
0.0528938,0,-0.0150748
0.052873,0,-0.0151474
0.0528521,0,-0.0152202
0.0528311,0,-0.0152931
0.0528098,0,-0.0153662
0.0527885,0,-0.0154394
0.052767,0,-0.0155128
0.0527453,0,-0.0155863
0.0527235,0,-0.01566
0.0527015,0,-0.0157339
0.0526793,0,-0.0158078
0.052657,0,-0.015882
0.0526346,0,-0.0159562
0.052612,0,-0.0160306
0.0525892,0,-0.0161052
0.0525662,0,-0.0161799
0.0525431,0,-0.0162548
0.0525199,0,-0.0163298
0.0524965,0,-0.0164049
0.0524729,0,-0.0164802
0.0524491,0,-0.0165556
0.0524252,0,-0.0166312
0.0524011,0,-0.0167069
0.0523769,0,-0.0167828
0.0523525,0,-0.0168588
0.0523279,0,-0.0169349
0.0523031,0,-0.0170112
0.0522782,0,-0.0170877
0.0522531,0,-0.0171642
0.0522279,0,-0.0172409
0.0522024,0,-0.0173178
0.0521768,0,-0.0173948
0.0521511,0,-0.0174719
0.0521251,0,-0.0175492
0.052099,0,-0.0176266
0.0520727,0,-0.0177041
0.0520462,0,-0.0177818
0.0520196,0,-0.0178596
0.0519927,0,-0.0179375
0.0519657,0,-0.0180156
0.0519385,0,-0.0180939
0.0519112,0,-0.0181722
0.0518836,0,-0.0182507
0.0518559,0,-0.0183293
0.051828,0,-0.0184081
0.0517999,0,-0.018487
0.0517716,0,-0.018566
0.0517432,0,-0.0186452
0.0517146,0,-0.0187244
0.0516857,0,-0.0188039
0.0516567,0,-0.0188834
0.0516275,0,-0.0189631
0.0515981,0,-0.0190429
0.0515686,0,-0.0191228
0.0515388,0,-0.0192029
0.0515089,0,-0.0192831
0.0514787,0,-0.0193634
0.0514484,0,-0.0194439
0.0514179,0,-0.0195245
0.0513871,0,-0.0196052
0.0513562,0,-0.019686
0.0513251,0,-0.0197669
0.0512938,0,-0.019848
0.0512623,0,-0.0199292
0.0512306,0,-0.0200106
0.0511987,0,-0.020092
0.0511667,0,-0.0201736
0.0511344,0,-0.0202553
0.0511019,0,-0.0203371
0.0510692,0,-0.020419
0.0510363,0,-0.0205011
0.0510032,0,-0.0205833
0.0509699,0,-0.0206656
0.0509364,0,-0.020748
0.0509027,0,-0.0208305
0.0508688,0,-0.0209132
0.0508347,0,-0.0209959
0.0508004,0,-0.0210788
0.0507659,0,-0.0211618
0.0507312,0,-0.0212449
0.0506962,0,-0.0213282
0.0506611,0,-0.0214115
0.0506257,0,-0.021495
0.0505902,0,-0.0215786
0.0505544,0,-0.0216622
0.0505184,0,-0.021746
0.0504822,0,-0.0218299
0.0504458,0,-0.021914
0.0504092,0,-0.0219981
0.0503723,0,-0.0220823
0.0503353,0,-0.0221667
0.050298,0,-0.0222511
0.0502605,0,-0.0223357
0.0502228,0,-0.0224204
0.0501848,0,-0.0225051
0.0501467,0,-0.02259
0.0501083,0,-0.022675
0.0500697,0,-0.0227601
0.0500309,0,-0.0228453
0.0499919,0,-0.0229306
0.0499526,0,-0.023016
0.0499131,0,-0.0231015
0.0498734,0,-0.0231871
0.0498335,0,-0.0232728
0.0497933,0,-0.0233586
0.0497529,0,-0.0234445
0.0497123,0,-0.0235305
0.0496715,0,-0.0236166
0.0496304,0,-0.0237028
0.0495891,0,-0.0237891
0.0495475,0,-0.0238755
0.0495058,0,-0.023962
0.0494638,0,-0.0240486
0.0494215,0,-0.0241353
0.0493791,0,-0.024222
0.0493364,0,-0.0243089
0.0492934,0,-0.0243958
0.0492503,0,-0.0244829
0.0492068,0,-0.02457
0.0491632,0,-0.0246572
0.0491193,0,-0.0247446
0.0490752,0,-0.024832
0.0490308,0,-0.0249194
0.0489862,0,-0.025007
0.0489414,0,-0.0250947
0.0488963,0,-0.0251824
0.0488509,0,-0.0252703
0.0488054,0,-0.0253582
0.0487595,0,-0.0254462
0.0487135,0,-0.0255343
0.0486672,0,-0.0256224
0.0486206,0,-0.0257107
0.0485738,0,-0.025799
0.0485267,0,-0.0258874
0.0484794,0,-0.0259759
0.0484319,0,-0.0260644
0.0483841,0,-0.0261531
0.048336,0,-0.0262418
0.0482877,0,-0.0263305
0.0482391,0,-0.0264194
0.0481903,0,-0.0265083
0.0481413,0,-0.0265973
0.0480919,0,-0.0266864
0.0480424,0,-0.0267756
0.0479925,0,-0.0268648
0.0479424,0,-0.0269541
0.0478921,0,-0.0270435
0.0478415,0,-0.0271329
0.0477906,0,-0.0272224
0.0477395,0,-0.0273119
0.0476881,0,-0.0274016
0.0476364,0,-0.0274913
0.0475845,0,-0.027581
0.0475324,0,-0.0276708
0.0474799,0,-0.0277607
0.0474272,0,-0.0278507
0.0473743,0,-0.0279407
0.047321,0,-0.0280307
0.0472675,0,-0.0281208
0.0472138,0,-0.028211
0.0471597,0,-0.0283013
0.0471054,0,-0.0283915
0.0470508,0,-0.0284819
0.046996,0,-0.0285723
0.0469409,0,-0.0286628
0.0468855,0,-0.0287533
0.0468298,0,-0.0288438
0.0467739,0,-0.0289344
0.0467177,0,-0.0290251
0.0466612,0,-0.0291158
0.0466045,0,-0.0292066
0.0465474,0,-0.0292974
0.0464901,0,-0.0293882
0.0464326,0,-0.0294791
0.0463747,0,-0.0295701
0.0463166,0,-0.029661
0.0462581,0,-0.0297521
0.0461994,0,-0.0298431
0.0461405,0,-0.0299342
0.0460812,0,-0.0300254
0.0460216,0,-0.0301166
0.0459618,0,-0.0302078
0.0459017,0,-0.0302991
0.0458413,0,-0.0303904
0.0457806,0,-0.0304817
0.0457197,0,-0.0305731
0.0456584,0,-0.0306644
0.0455969,0,-0.0307559
0.0455351,0,-0.0308473
0.0454729,0,-0.0309388
0.0454105,0,-0.0310303
0.0453479,0,-0.0311219
0.0452849,0,-0.0312135
0.0452216,0,-0.0313051
0.045158,0,-0.0313967
0.0450942,0,-0.0314883
0.04503,0,-0.03158
0.0449656,0,-0.0316717
0.0449008,0,-0.0317634
0.0448358,0,-0.0318552
0.0447705,0,-0.0319469
0.0447046,0,-0.0320391
0.0446386,0,-0.0321309
0.0445724,0,-0.0322227
0.0445059,0,-0.0323145
0.0444391,0,-0.0324063
0.044372,0,-0.0324981
0.0443045,0,-0.03259
0.0442368,0,-0.0326819
0.0441688,0,-0.0327737
0.0441005,0,-0.0328656
0.0440319,0,-0.0329575
0.0439629,0,-0.0330494
0.0438937,0,-0.0331413
0.0438242,0,-0.0332332
0.0437543,0,-0.0333251
0.0436842,0,-0.033417
0.0436137,0,-0.0335089
0.0435429,0,-0.0336008
0.0434719,0,-0.0336927
0.0434005,0,-0.0337846
0.0433288,0,-0.0338765
0.0432568,0,-0.0339684
0.0431845,0,-0.0340602
0.0431119,0,-0.0341521
0.0430389,0,-0.034244
0.0429657,0,-0.0343358
0.0428921,0,-0.0344277
0.0428183,0,-0.0345195
0.0427441,0,-0.0346113
0.0426696,0,-0.0347031
0.0425948,0,-0.0347949
0.0425196,0,-0.0348867
0.0424442,0,-0.0349784
0.0423684,0,-0.0350702
0.0422924,0,-0.0351619
0.042216,0,-0.0352535
0.0421392,0,-0.0353452
0.0420622,0,-0.0354369
0.0419849,0,-0.0355285
0.0419072,0,-0.0356201
0.0418292,0,-0.0357116
0.0417509,0,-0.0358031
0.0416722,0,-0.0358946
0.0415933,0,-0.0359861
0.041514,0,-0.0360775
0.0414344,0,-0.0361689
0.0413544,0,-0.0362603
0.0412742,0,-0.0363516
0.0411936,0,-0.0364429
0.0411127,0,-0.0365342
0.0410315,0,-0.0366254
0.0409499,0,-0.0367166
0.040868,0,-0.0368077
0.0407858,0,-0.0368988
0.0407033,0,-0.0369898
0.0406204,0,-0.0370808
0.0405372,0,-0.0371717
0.0404536,0,-0.0372626
0.0403698,0,-0.0373535
0.0402856,0,-0.0374442
0.0402011,0,-0.037535
0.0401162,0,-0.0376257
0.040031,0,-0.0377163
0.0399455,0,-0.0378068
0.0398596,0,-0.0378973
0.0397735,0,-0.0379878
0.0396869,0,-0.0380782
0.0396001,0,-0.0381685
0.0395129,0,-0.0382588
0.0394254,0,-0.0383489
0.0393375,0,-0.0384391
0.0392493,0,-0.0385291
0.0391607,0,-0.0386191
0.0390719,0,-0.038709
0.0389827,0,-0.0387989
0.0388931,0,-0.0388886
0.0388032,0,-0.0389783
0.038713,0,-0.039068
0.0386224,0,-0.0391575
0.0385315,0,-0.039247
0.0384403,0,-0.0393363
0.0383487,0,-0.0394256
0.0382567,0,-0.0395148
0.0381645,0,-0.039604
0.0380718,0,-0.039693
0.0379789,0,-0.039782
0.0378856,0,-0.0398708
0.0377919,0,-0.0399596
0.0376979,0,-0.0400483
0.0376036,0,-0.0401369
0.0375089,0,-0.0402254
0.0374139,0,-0.0403138
0.0373185,0,-0.0404021
0.0372228,0,-0.0404903
0.0371268,0,-0.0405784
0.0370304,0,-0.0406664
0.0369336,0,-0.0407543
0.0368365,0,-0.040842
0.0367391,0,-0.0409297
0.0366413,0,-0.0410173
0.0365431,0,-0.0411048
0.0364446,0,-0.0411921
0.0363458,0,-0.0412793
0.0362466,0,-0.0413665
0.0361471,0,-0.0414535
0.0360472,0,-0.0415404
0.0359469,0,-0.0416271
0.0358463,0,-0.0417138
0.0357454,0,-0.0418003
0.0356441,0,-0.0418867
0.0355425,0,-0.041973
0.0354405,0,-0.0420592
0.0353381,0,-0.0421452
0.0352354,0,-0.0422311
0.0351324,0,-0.0423168
0.035029,0,-0.0424025
0.0349252,0,-0.042488
0.0348211,0,-0.0425733
0.0347167,0,-0.0426586
0.0346119,0,-0.0427436
0.0345067,0,-0.0428286
0.0344012,0,-0.0429134
0.0342953,0,-0.0429981
0.0341891,0,-0.0430826
0.0340825,0,-0.0431669
0.0339755,0,-0.0432512
0.0338683,0,-0.0433352
0.0337606,0,-0.0434191
0.0336526,0,-0.0435029
0.0335442,0,-0.0435865
0.0334355,0,-0.04367
0.0333265,0,-0.0437533
0.033217,0,-0.0438364
0.0331072,0,-0.0439194
0.0329971,0,-0.0440022
0.0328866,0,-0.0440848
0.0327758,0,-0.0441673
0.0326645,0,-0.0442496
0.032553,0,-0.0443317
0.0324411,0,-0.0444137
0.0323288,0,-0.0444955
0.0322161,0,-0.0445771
0.0321031,0,-0.0446586
0.0319898,0,-0.0447398
0.0318761,0,-0.0448209
0.031762,0,-0.0449018
0.0316476,0,-0.0449826
0.0315328,0,-0.0450631
0.0314177,0,-0.0451434
0.0313022,0,-0.0452236
0.0311863,0,-0.0453036
0.0310701,0,-0.0453834
0.0309535,0,-0.045463
0.0308366,0,-0.0455423
0.0307193,0,-0.0456215
0.0306016,0,-0.0457005
0.0304836,0,-0.0457793
0.0303653,0,-0.0458579
0.0302465,0,-0.0459363
0.0301275,0,-0.0460145
0.030008,0,-0.0460925
0.0298882,0,-0.0461703
0.0297681,0,-0.0462478
0.0296476,0,-0.0463252
0.0295267,0,-0.0464023
0.0294054,0,-0.0464792
0.0292839,0,-0.0465559
0.0291619,0,-0.0466324
0.0290396,0,-0.0467087
0.0289169,0,-0.0467847
0.0287939,0,-0.0468605
0.0286705,0,-0.0469361
0.0285468,0,-0.0470115
0.0284227,0,-0.0470866
0.0282983,0,-0.0471615
0.0281734,0,-0.0472362
0.0280483,0,-0.0473106
0.0279228,0,-0.0473848
0.0277969,0,-0.0474588
0.0276706,0,-0.0475325
0.027544,0,-0.0476059
0.0274171,0,-0.0476792
0.0272898,0,-0.0477522
0.0271621,0,-0.0478249
0.0270341,0,-0.0478974
0.0269057,0,-0.0479696
0.026777,0,-0.0480416
0.0266479,0,-0.0481133
0.0265184,0,-0.0481848
0.0263886,0,-0.048256
0.0262585,0,-0.0483269
0.026128,0,-0.0483976
0.0259971,0,-0.048468
0.0258659,0,-0.0485382
0.0257343,0,-0.0486081
0.0256024,0,-0.0486777
0.0254701,0,-0.048747
0.0253375,0,-0.0488161
0.0252045,0,-0.0488849
0.0250712,0,-0.0489534
0.0249375,0,-0.0490217
0.0248034,0,-0.0490896
0.024669,0,-0.0491573
0.0245343,0,-0.0492247
0.0243992,0,-0.0492918
0.0242637,0,-0.0493586
0.024128,0,-0.0494251
0.0239918,0,-0.0494913
0.0238553,0,-0.0495573
0.0237185,0,-0.0496229
0.0235813,0,-0.0496883
0.0234437,0,-0.0497533
0.0233058,0,-0.0498181
0.0231676,0,-0.0498825
0.023029,0,-0.0499466
0.0228901,0,-0.0500105
0.0227508,0,-0.050074
0.0226111,0,-0.0501372
0.0224712,0,-0.0502001
0.0223309,0,-0.0502626
0.0221902,0,-0.0503249
0.0220492,0,-0.0503868
0.0219078,0,-0.0504485
0.0217661,0,-0.0505098
0.0216241,0,-0.0505707
0.0214817,0,-0.0506314
0.021339,0,-0.0506917
0.0211959,0,-0.0507517
0.0210525,0,-0.0508113
0.0209088,0,-0.0508707
0.0207647,0,-0.0509296
0.0206203,0,-0.0509883
0.0204755,0,-0.0510466
0.0203304,0,-0.0511045
0.020185,0,-0.0511622
0.0200392,0,-0.0512194
0.0198931,0,-0.0512764
0.0197466,0,-0.0513329
0.0195998,0,-0.0513892
0.0194527,0,-0.051445
0.0193053,0,-0.0515005
0.0191575,0,-0.0515557
0.0190094,0,-0.0516105
0.0188609,0,-0.0516649
0.0187122,0,-0.051719
0.018563,0,-0.0517727
0.0184136,0,-0.051826
0.0182638,0,-0.051879
0.0181137,0,-0.0519316
0.0179633,0,-0.0519838
0.0178126,0,-0.0520357
0.0176615,0,-0.0520872
0.0175101,0,-0.0521382
0.0173584,0,-0.052189
0.0172063,0,-0.0522393
0.0170539,0,-0.0522892
0.0169012,0,-0.0523388
0.0167482,0,-0.052388
0.0165949,0,-0.0524367
0.0164412,0,-0.0524851
0.0162872,0,-0.0525331
0.0161329,0,-0.0525807
0.0159783,0,-0.0526279
0.0158234,0,-0.0526747
0.0156682,0,-0.052721
0.0155126,0,-0.052767
0.0153567,0,-0.0528126
0.0152005,0,-0.0528578
0.015044,0,-0.0529025
0.0148872,0,-0.0529469
0.0147301,0,-0.0529908
0.0145727,0,-0.0530343
0.0144149,0,-0.0530774
0.0142569,0,-0.0531201
0.0140985,0,-0.0531623
0.0139399,0,-0.0532041
0.0137809,0,-0.0532455
0.0136216,0,-0.0532865
0.0134621,0,-0.053327
0.0133022,0,-0.0533671
0.013142,0,-0.0534068
0.0129816,0,-0.053446
0.0128208,0,-0.0534848
0.0126597,0,-0.0535232
0.0124984,0,-0.0535611
0.0123367,0,-0.0535986
0.0121748,0,-0.0536356
0.0120125,0,-0.0536721
0.01185,0,-0.0537083
0.0116871,0,-0.0537439
0.011524,0,-0.0537791
0.0113606,0,-0.0538139
0.0111969,0,-0.0538482
0.011033,0,-0.053882
0.0108687,0,-0.0539154
0.0107041,0,-0.0539483
0.0105393,0,-0.0539808
0.0103742,0,-0.0540127
0.0102088,0,-0.0540442
0.0100431,0,-0.0540753
0.00987719,0,-0.0541058
0.00971097,0,-0.0541359
0.00954447,0,-0.0541655
0.00937769,0,-0.0541946
0.00921065,0,-0.0542233
0.00904333,0,-0.0542514
0.00887574,0,-0.0542791
0.00870789,0,-0.0543063
0.00853976,0,-0.054333
0.00837137,0,-0.0543592
0.00820272,0,-0.0543849
0.0080338,0,-0.0544101
0.00786462,0,-0.0544348
0.00769518,0,-0.054459
0.00752548,0,-0.0544827
0.00735553,0,-0.0545059
0.00718531,0,-0.0545286
0.00701484,0,-0.0545508
0.00684317,0,-0.0545726
0.00667219,0,-0.0545938
0.00650097,0,-0.0546144
0.00632949,0,-0.0546346
0.00615777,0,-0.0546542
0.0059858,0,-0.0546733
0.00581359,0,-0.0546919
0.00564113,0,-0.0547099
0.00546843,0,-0.0547275
0.0052955,0,-0.0547445
0.00512232,0,-0.054761
0.00494891,0,-0.0547769
0.00477526,0,-0.0547923
0.00460138,0,-0.0548072
0.00442726,0,-0.0548215
0.00425292,0,-0.0548353
0.00407835,0,-0.0548486
0.00390355,0,-0.0548613
0.00372852,0,-0.0548735
0.00355327,0,-0.0548851
0.0033778,0,-0.0548962
0.0032021,0,-0.0549067
0.00302619,0,-0.0549167
0.00285006,0,-0.0549261
0.00267372,0,-0.054935
0.00249716,0,-0.0549433
0.00232039,0,-0.054951
0.00214341,0,-0.0549582
0.00196622,0,-0.0549648
0.00178882,0,-0.0549709
0.00161122,0,-0.0549764
0.00143342,0,-0.0549813
0.00125541,0,-0.0549857
0.00107721,0,-0.0549895
0.000898806,0,-0.0549927
0.000720207,0,-0.0549953
0.000541415,0,-0.0549973
0.00036243,0,-0.0549988
0.000183256,0,-0.0549997
3.89282e-06,0,-0.055
-0.000178205,0,-0.055
-0.000357941,0,-0.055
-0.000537863,0,-0.055
-0.000717972,0,-0.055
-0.000898268,0,-0.055
-0.00107875,0,-0.055
-0.00125942,0,-0.055
-0.00144027,0,-0.055
-0.00162131,0,-0.055
-0.00180254,0,-0.055
-0.00198395,0,-0.055
-0.00216555,0,-0.055
-0.00234734,0,-0.055
-0.00252931,0,-0.055
-0.00271147,0,-0.055
-0.00289382,0,-0.055
-0.00307635,0,-0.055
-0.00325907,0,-0.055
-0.00344197,0,-0.055
-0.00362506,0,-0.055
-0.00380834,0,-0.055
-0.00399181,0,-0.055
-0.00417546,0,-0.055
-0.00435929,0,-0.055
-0.00454332,0,-0.055
-0.00472753,0,-0.055
-0.00491192,0,-0.055
-0.0050965,0,-0.055
-0.00528127,0,-0.055
-0.00546623,0,-0.055
-0.00565137,0,-0.055
-0.0058367,0,-0.055
-0.00602221,0,-0.055
-0.00620791,0,-0.055
-0.0063938,0,-0.055
-0.00657987,0,-0.055
-0.00676613,0,-0.055
-0.00695252,0,-0.055
-0.00713891,0,-0.055
-0.0073253,0,-0.055
-0.00751169,0,-0.055
-0.00769808,0,-0.055
-0.00788448,0,-0.055
-0.00807087,0,-0.055
-0.00825726,0,-0.055
-0.00844365,0,-0.055
-0.00863004,0,-0.055
-0.00881643,0,-0.055
-0.00900282,0,-0.055
-0.00918921,0,-0.055
-0.00937561,0,-0.055
-0.009562,0,-0.055
-0.00974839,0,-0.055
-0.00993478,0,-0.055
-0.0101212,0,-0.055
-0.0103076,0,-0.055
-0.010494,0,-0.055
-0.0106803,0,-0.055
-0.0108667,0,-0.055
-0.0110531,0,-0.055
-0.0112395,0,-0.055
-0.0114259,0,-0.055
-0.0116123,0,-0.055
-0.0117987,0,-0.055
-0.0119851,0,-0.055
-0.0121715,0,-0.055
-0.0123579,0,-0.055
-0.0125443,0,-0.055
-0.0127306,0,-0.055
-0.012917,0,-0.055
-0.0131034,0,-0.055
-0.0132898,0,-0.055
-0.0134762,0,-0.055
-0.0136626,0,-0.055
-0.013849,0,-0.055
-0.0140354,0,-0.055
-0.0142218,0,-0.055
-0.0144082,0,-0.055
-0.0145946,0,-0.055
-0.014781,0,-0.055
-0.0149673,0,-0.055
-0.0151537,0,-0.055
-0.0153401,0,-0.055
-0.0155265,0,-0.055
-0.0157129,0,-0.055
-0.0158993,0,-0.055
-0.0160857,0,-0.055
-0.0162721,0,-0.055
-0.0164585,0,-0.055
-0.0166449,0,-0.055
-0.0168313,0,-0.055
-0.0170176,0,-0.055
-0.017204,0,-0.055
-0.0173904,0,-0.055
-0.0175768,0,-0.055
-0.0177632,0,-0.055
-0.0179496,0,-0.055
-0.018136,0,-0.055
-0.0183224,0,-0.055
-0.0185088,0,-0.055
-0.0186952,0,-0.055
-0.0188816,0,-0.055
-0.019068,0,-0.055
-0.0192543,0,-0.055
-0.0194407,0,-0.055
-0.0196271,0,-0.055
-0.0198135,0,-0.055
-0.0199999,0,-0.055
-0.0201863,0,-0.055
-0.0203727,0,-0.055
-0.0205591,0,-0.055
-0.0207455,0,-0.055
-0.0209319,0,-0.055
-0.0211183,0,-0.055
-0.0213046,0,-0.055
-0.021491,0,-0.055
-0.0216774,0,-0.055
-0.0218638,0,-0.055
-0.0220502,0,-0.055
-0.0222366,0,-0.055
-0.022423,0,-0.055
-0.0226094,0,-0.055
-0.0227958,0,-0.055
-0.0229822,0,-0.055
-0.0231686,0,-0.055
-0.0233549,0,-0.055
-0.0235413,0,-0.055
-0.0237277,0,-0.055
-0.0239141,0,-0.055
-0.0241005,0,-0.055
-0.0242869,0,-0.055
-0.0244733,0,-0.055
-0.0246597,0,-0.055
-0.0248461,0,-0.055
-0.0250325,0,-0.055
-0.0252189,0,-0.055
-0.0254053,0,-0.055
-0.0255916,0,-0.055
-0.025778,0,-0.055
-0.0259644,0,-0.055
-0.0261508,0,-0.055
-0.0263372,0,-0.055
-0.0265236,0,-0.055
-0.02671,0,-0.055
-0.0268964,0,-0.055
-0.0270828,0,-0.055
-0.0272692,0,-0.055
-0.0274556,0,-0.055
-0.0276419,0,-0.055
-0.0278283,0,-0.055
-0.0280147,0,-0.055
-0.0282011,0,-0.055
-0.0283875,0,-0.055
-0.0285739,0,-0.055
-0.0287603,0,-0.055
-0.0289467,0,-0.055
-0.0291331,0,-0.055
-0.0293195,0,-0.055
-0.0295059,0,-0.055
-0.0296923,0,-0.055
-0.0298786,0,-0.055
-0.030065,0,-0.055
-0.0302514,0,-0.055
-0.0304378,0,-0.055
-0.0306242,0,-0.055
-0.0308106,0,-0.055
-0.030997,0,-0.055
-0.0311834,0,-0.055
-0.0313698,0,-0.055
-0.0315562,0,-0.055
-0.0317426,0,-0.055
-0.0319289,0,-0.055
-0.0321153,0,-0.055
-0.0323017,0,-0.055
-0.0324881,0,-0.055
-0.0326745,0,-0.055
-0.0328609,0,-0.055
-0.0330473,0,-0.055
-0.0332337,0,-0.055
-0.0334201,0,-0.055
-0.0336065,0,-0.055
-0.0337929,0,-0.055
-0.0339793,0,-0.055
-0.0341656,0,-0.055
-0.034352,0,-0.055
-0.0345384,0,-0.055
-0.0347248,0,-0.055
-0.0349112,0,-0.055
-0.0350976,0,-0.055
-0.035284,0,-0.055
-0.0354704,0,-0.055
-0.0356568,0,-0.055
-0.0358432,0,-0.055
-0.0360296,0,-0.055
-0.0362159,0,-0.055
-0.0364023,0,-0.055
-0.0365887,0,-0.055
-0.0367751,0,-0.055
-0.0369615,0,-0.055
-0.0371479,0,-0.055
-0.0373343,0,-0.055
-0.0375207,0,-0.055
-0.0377071,0,-0.055
-0.0378935,0,-0.055
-0.0380799,0,-0.055
-0.0382662,0,-0.055
-0.0384526,0,-0.055
-0.038639,0,-0.055
-0.0388254,0,-0.055
-0.0390118,0,-0.055
-0.0391982,0,-0.055
-0.0393846,0,-0.055
-0.039571,0,-0.055
-0.0397574,0,-0.055
-0.0399438,0,-0.055
-0.0401302,0,-0.055
-0.0403166,0,-0.055
-0.0405029,0,-0.055
-0.0406893,0,-0.055
-0.0408757,0,-0.055
-0.0410621,0,-0.055
-0.0412485,0,-0.055
-0.0414349,0,-0.055
-0.0416213,0,-0.055
-0.0418077,0,-0.055
-0.0419941,0,-0.055
-0.0421805,0,-0.055
-0.0423669,0,-0.055
-0.0425532,0,-0.055
-0.0427396,0,-0.055
-0.042926,0,-0.055
-0.0431124,0,-0.055
-0.0432988,0,-0.055
-0.0434852,0,-0.055
-0.0436716,0,-0.055
-0.043858,0,-0.055
-0.0440444,0,-0.055
-0.0442308,0,-0.055
-0.0444172,0,-0.055
-0.0446036,0,-0.055
-0.0447899,0,-0.055
-0.0449763,0,-0.055
-0.0451627,0,-0.055
-0.0453491,0,-0.055
-0.0455355,0,-0.055
-0.0457219,0,-0.055
-0.0459083,0,-0.055
-0.0460947,0,-0.055
-0.0462811,0,-0.055
-0.0464675,0,-0.055
-0.0466539,0,-0.055
-0.0468402,0,-0.055
-0.0470266,0,-0.055
-0.047213,0,-0.055
-0.0473994,0,-0.055
-0.0475858,0,-0.055
-0.0477722,0,-0.055
-0.0479586,0,-0.055
-0.048145,0,-0.055
-0.0483314,0,-0.055
-0.0485178,0,-0.055
-0.0487042,0,-0.055
-0.0488906,0,-0.055
-0.0490769,0,-0.055
-0.0492633,0,-0.055
-0.0494497,0,-0.055
-0.0496361,0,-0.055
-0.0498225,0,-0.055
-0.0500089,0,-0.055
-0.0501953,0,-0.055
-0.0503817,0,-0.055
-0.0505681,0,-0.055
-0.0507545,0,-0.055
-0.0509409,0,-0.055
-0.0511272,0,-0.055
-0.0513136,0,-0.055
-0.0515,0,-0.055
-0.0516864,0,-0.055
-0.0518728,0,-0.055
-0.0520592,0,-0.055
-0.0522456,0,-0.055
-0.052432,0,-0.055
-0.0526184,0,-0.055
-0.0528048,0,-0.055
-0.0529912,0,-0.055
-0.0531775,0,-0.055
-0.0533639,0,-0.055
-0.0535503,0,-0.055
-0.0537367,0,-0.055
-0.0539231,0,-0.055
-0.0541095,0,-0.055
-0.0542959,0,-0.055
-0.0544823,0,-0.055
-0.0546687,0,-0.055
-0.0548551,0,-0.055
-0.0550415,0,-0.055
-0.0552279,0,-0.055
-0.0554142,0,-0.055
-0.0556006,0,-0.055
-0.055787,0,-0.055
-0.0559734,0,-0.055
-0.0561598,0,-0.055
-0.0563462,0,-0.055
-0.0565326,0,-0.055
-0.056719,0,-0.055
-0.0569054,0,-0.055
-0.0570918,0,-0.055
-0.0572782,0,-0.055
-0.0574645,0,-0.055
-0.0576509,0,-0.055
-0.0578373,0,-0.055
-0.0580237,0,-0.055
-0.0582101,0,-0.055
-0.0583965,0,-0.055
-0.0585829,0,-0.055
-0.0587693,0,-0.055
-0.0589557,0,-0.055
-0.0591421,0,-0.055
-0.0593285,0,-0.055
-0.0595149,0,-0.055
-0.0597012,0,-0.055
-0.0598876,0,-0.055
-0.060074,0,-0.055
-0.0602604,0,-0.055
-0.0604468,0,-0.055
-0.0606332,0,-0.055
-0.0608196,0,-0.055
-0.061006,0,-0.055
-0.0611924,0,-0.055
-0.0613788,0,-0.055
-0.0615652,0,-0.055
-0.0617515,0,-0.055
-0.0619379,0,-0.055
-0.0621243,0,-0.055
-0.0623107,0,-0.055
-0.0624971,0,-0.055
-0.0626835,0,-0.055
-0.0628699,0,-0.055
-0.0630563,0,-0.055
-0.0632427,0,-0.055
-0.0634291,0,-0.055
-0.0636155,0,-0.055
-0.0638019,0,-0.055
-0.0639882,0,-0.055
-0.0641746,0,-0.055
-0.064361,0,-0.055
-0.0645474,0,-0.055
-0.0647338,0,-0.055
-0.0649202,0,-0.055
-0.0651066,0,-0.055
-0.065293,0,-0.055
-0.0654794,0,-0.055
-0.0656658,0,-0.055
-0.0658522,0,-0.055
-0.0660385,0,-0.055
-0.0662249,0,-0.055
-0.0664113,0,-0.055
-0.0665977,0,-0.055
-0.0667841,0,-0.055
-0.0669705,0,-0.055
-0.0671569,0,-0.055
-0.0673433,0,-0.055
-0.0675297,0,-0.055
-0.0677161,0,-0.055
-0.0679025,0,-0.055
-0.0680888,0,-0.055
-0.0682752,0,-0.055
-0.0684616,0,-0.055
-0.068648,0,-0.055
-0.0688344,0,-0.055
-0.0690208,0,-0.055
-0.0692072,0,-0.055
-0.0693936,0,-0.055
-0.06958,0,-0.055
-0.0697664,0,-0.055
-0.0699528,0,-0.055
-0.0701392,0,-0.055
-0.0703256,0,-0.055
-0.070512,0,-0.055
-0.0706983,0,-0.055
-0.0708847,0,-0.055
-0.0710711,0,-0.055
-0.0712575,0,-0.055
-0.0714439,0,-0.055
-0.0716303,0,-0.055
-0.0718167,0,-0.055
-0.0720031,0,-0.055
-0.0721895,0,-0.055
-0.0723759,0,-0.055
-0.0725623,0,-0.055
-0.0727486,0,-0.055
-0.072935,0,-0.055
-0.0731214,0,-0.055
-0.0733078,0,-0.055
-0.0734942,0,-0.055
-0.0736806,0,-0.055
-0.073867,0,-0.055
-0.0740534,0,-0.055
-0.0742398,0,-0.055
-0.0744262,0,-0.055
-0.0746126,0,-0.055
-0.074799,0,-0.055
-0.0749853,0,-0.055
-0.0751717,0,-0.055
-0.0753581,0,-0.055
-0.0755445,0,-0.055
-0.0757309,0,-0.055
-0.0759173,0,-0.055
-0.0761037,0,-0.055
-0.0762901,0,-0.055
-0.0764765,0,-0.055
-0.0766629,0,-0.055
-0.0768493,0,-0.055
-0.0770356,0,-0.055
-0.077222,0,-0.055
-0.0774084,0,-0.055
-0.0775948,0,-0.055
-0.0777812,0,-0.055
-0.0779676,0,-0.055
-0.078154,0,-0.055
-0.0783404,0,-0.055
-0.0785268,0,-0.055
-0.0787132,0,-0.055
-0.0788996,0,-0.055
-0.079086,0,-0.055
-0.0792723,0,-0.055
-0.0794587,0,-0.055
-0.0796451,0,-0.055
-0.0798315,0,-0.055
-0.0800179,0,-0.055
-0.0802043,0,-0.055
-0.0803907,0,-0.055
-0.0805771,0,-0.055
-0.0807635,0,-0.055
-0.0809499,0,-0.055
-0.0811363,0,-0.055
-0.0813226,0,-0.055
-0.081509,0,-0.055
-0.0816954,0,-0.055
-0.0818818,0,-0.055
-0.0820682,0,-0.055
-0.0822546,0,-0.055
-0.082441,0,-0.055
-0.0826274,0,-0.055
-0.0828138,0,-0.055
-0.0830002,0,-0.055
-0.0831866,0,-0.055
-0.0833729,0,-0.055
-0.0835593,0,-0.055
-0.0837457,0,-0.055
-0.0839321,0,-0.055
-0.0841185,0,-0.055
-0.0843049,0,-0.055
-0.0844913,0,-0.055
-0.0846777,0,-0.055
-0.0848641,0,-0.055
-0.0850505,0,-0.055
-0.0852369,0,-0.055
-0.0854233,0,-0.055
-0.0856096,0,-0.055
-0.085796,0,-0.055
-0.0859824,0,-0.055
-0.0861688,0,-0.055
-0.0863552,0,-0.055
-0.0865416,0,-0.055
-0.086728,0,-0.055
-0.0869144,0,-0.055
-0.0871008,0,-0.055
-0.0872872,0,-0.055
-0.0874736,0,-0.055
-0.0876599,0,-0.055
-0.0878463,0,-0.055
-0.0880327,0,-0.055
-0.0882191,0,-0.055
-0.0884055,0,-0.055
-0.0885919,0,-0.055
-0.0887783,0,-0.055
-0.0889647,0,-0.055
-0.0891511,0,-0.055
-0.0893375,0,-0.055
-0.0895239,0,-0.055
-0.0897103,0,-0.055
-0.0898966,0,-0.055
-0.090083,0,-0.055
-0.0902694,0,-0.055
-0.0904558,0,-0.055
-0.0906422,0,-0.055
-0.0908286,0,-0.055
-0.091015,0,-0.055
-0.0912014,0,-0.055
-0.0913878,0,-0.055
-0.0915742,0,-0.055
-0.0917606,0,-0.055
-0.0919469,0,-0.055
-0.0921333,0,-0.055
-0.0923197,0,-0.055
-0.0925061,0,-0.055
-0.0926925,0,-0.055
-0.0928789,0,-0.055
-0.0930653,0,-0.055
-0.0932517,0,-0.055
-0.0934381,0,-0.055
-0.0936245,0,-0.055
-0.0938109,0,-0.055
-0.0939973,0,-0.055
-0.0941836,0,-0.055
-0.09437,0,-0.055
-0.0945564,0,-0.055
-0.0947428,0,-0.055
-0.0949292,0,-0.055
-0.0951156,0,-0.055
-0.095302,0,-0.055
-0.0954884,0,-0.055
-0.0956748,0,-0.055
-0.0958612,0,-0.055
-0.0960476,0,-0.055
-0.0962339,0,-0.055
-0.0964203,0,-0.055
-0.0966067,0,-0.055
-0.0967931,0,-0.055
-0.0969795,0,-0.055
-0.0971659,0,-0.055
-0.0973523,0,-0.055
-0.0975387,0,-0.055
-0.0977251,0,-0.055
-0.0979115,0,-0.055
-0.0980979,0,-0.055
-0.0982842,0,-0.055
-0.0984706,0,-0.055
-0.098657,0,-0.055
-0.0988434,0,-0.055
-0.0990298,0,-0.055
-0.0992162,0,-0.055
-0.0994026,0,-0.055
-0.099589,0,-0.055
-0.0997754,0,-0.055
-0.0999618,0,-0.055
-0.100148,0,-0.055
-0.100335,0,-0.055
-0.100521,0,-0.055
-0.100707,0,-0.055
-0.100894,0,-0.055
-0.10108,0,-0.055
-0.101267,0,-0.055
-0.101453,0,-0.055
-0.101639,0,-0.055
-0.101826,0,-0.055
-0.102012,0,-0.055
-0.102198,0,-0.055
-0.102385,0,-0.055
-0.102571,0,-0.055
-0.102758,0,-0.055
-0.102944,0,-0.055
-0.10313,0,-0.055
-0.103317,0,-0.055
-0.103503,0,-0.055
-0.10369,0,-0.055
-0.103876,0,-0.055
-0.104062,0,-0.055
-0.104249,0,-0.055
-0.104435,0,-0.055
-0.104622,0,-0.055
-0.104808,0,-0.055
-0.104994,0,-0.055
-0.105181,0,-0.055
-0.105367,0,-0.055
-0.105554,0,-0.055
-0.10574,0,-0.055
-0.105926,0,-0.055
-0.106113,0,-0.055
-0.106299,0,-0.055
-0.106485,0,-0.055
-0.106672,0,-0.055
-0.106858,0,-0.055
-0.107045,0,-0.055
-0.107231,0,-0.055
-0.107417,0,-0.055
-0.107604,0,-0.055
-0.10779,0,-0.055
-0.107977,0,-0.055
-0.108163,0,-0.055
-0.108349,0,-0.055
-0.108536,0,-0.055
-0.108722,0,-0.055
-0.108909,0,-0.055
-0.109095,0,-0.055
-0.109281,0,-0.055
-0.109468,0,-0.055
-0.109654,0,-0.055
-0.109841,0,-0.055
-0.110027,0,-0.055
-0.110213,0,-0.055
-0.1104,0,-0.055
-0.110586,0,-0.055
-0.110772,0,-0.055
-0.110959,0,-0.055
-0.111145,0,-0.055
-0.111332,0,-0.055
-0.111518,0,-0.055
-0.111704,0,-0.055
-0.111891,0,-0.055
-0.112077,0,-0.055
-0.112264,0,-0.055
-0.11245,0,-0.055
-0.112636,0,-0.055
-0.112823,0,-0.055
-0.113009,0,-0.055
-0.113196,0,-0.055
-0.113382,0,-0.055
-0.113568,0,-0.055
-0.113755,0,-0.055
-0.113941,0,-0.055
-0.114128,0,-0.055
-0.114314,0,-0.055
-0.1145,0,-0.055
-0.114687,0,-0.055
-0.114873,0,-0.055
-0.115059,0,-0.055
-0.115246,0,-0.055
-0.115432,0,-0.055
-0.115619,0,-0.055
-0.115805,0,-0.055
-0.115991,0,-0.055
-0.116178,0,-0.055
-0.116364,0,-0.055
-0.116551,0,-0.055
-0.116737,0,-0.055
-0.116923,0,-0.055
-0.11711,0,-0.055
-0.117296,0,-0.055
-0.117483,0,-0.055
-0.117669,0,-0.055
-0.117855,0,-0.055
-0.118042,0,-0.055
-0.118228,0,-0.055
-0.118415,0,-0.055
-0.118601,0,-0.055
-0.118787,0,-0.055
-0.118974,0,-0.055
-0.11916,0,-0.055
-0.119346,0,-0.055
-0.119533,0,-0.055
-0.119719,0,-0.055
-0.119906,0,-0.055
-0.120092,0,-0.055
-0.120278,0,-0.055
-0.120465,0,-0.055
-0.120651,0,-0.055
-0.120838,0,-0.055
-0.121024,0,-0.055
-0.12121,0,-0.055
-0.121397,0,-0.055
-0.121583,0,-0.055
-0.12177,0,-0.055
-0.121956,0,-0.055
-0.122142,0,-0.055
-0.122329,0,-0.055
-0.122515,0,-0.055
-0.122702,0,-0.055
-0.122888,0,-0.055
-0.123074,0,-0.055
-0.123261,0,-0.055
-0.123447,0,-0.055
-0.123633,0,-0.055
-0.12382,0,-0.055
-0.124006,0,-0.055
-0.124193,0,-0.055
-0.124379,0,-0.055
-0.124565,0,-0.055
-0.124752,0,-0.055
-0.124938,0,-0.055
-0.125125,0,-0.055
-0.125311,0,-0.055
-0.125497,0,-0.055
-0.125684,0,-0.055
-0.12587,0,-0.055
-0.126057,0,-0.055
-0.126243,0,-0.055
-0.126429,0,-0.055
-0.126616,0,-0.055
-0.126802,0,-0.055
-0.126989,0,-0.055
-0.127175,0,-0.055
-0.127361,0,-0.055
-0.127548,0,-0.055
-0.127734,0,-0.055
-0.12792,0,-0.055
-0.128107,0,-0.055
-0.128293,0,-0.055
-0.12848,0,-0.055
-0.128666,0,-0.055
-0.128852,0,-0.055
-0.129039,0,-0.055
-0.129225,0,-0.055
-0.129412,0,-0.055
-0.129598,0,-0.055
-0.129784,0,-0.055
-0.129971,0,-0.055
-0.130157,0,-0.055
-0.130344,0,-0.055
-0.13053,0,-0.055
-0.130716,0,-0.055
-0.130903,0,-0.055
-0.131089,0,-0.055
-0.131276,0,-0.055
-0.131462,0,-0.055
-0.131648,0,-0.055
-0.131835,0,-0.055
-0.132021,0,-0.055
-0.132207,0,-0.055
-0.132394,0,-0.055
-0.13258,0,-0.055
-0.132767,0,-0.055
-0.132953,0,-0.055
-0.133139,0,-0.055
-0.133326,0,-0.055
-0.133512,0,-0.055
-0.133699,0,-0.055
-0.133885,0,-0.055
-0.134071,0,-0.055
-0.134258,0,-0.055
-0.134444,0,-0.055
-0.134631,0,-0.055
-0.134817,0,-0.055
-0.135003,0,-0.055
-0.13519,0,-0.055
-0.135376,0,-0.055
-0.135563,0,-0.055
-0.135749,0,-0.055
-0.135935,0,-0.055
-0.136122,0,-0.055
-0.136308,0,-0.055
-0.136494,0,-0.055
-0.136681,0,-0.055
-0.136867,0,-0.055
-0.137054,0,-0.055
-0.13724,0,-0.055
-0.137426,0,-0.055
-0.137613,0,-0.055
-0.137799,0,-0.055
-0.137986,0,-0.055
-0.138172,0,-0.055
-0.138358,0,-0.055
-0.138545,0,-0.055
-0.138731,0,-0.055
-0.138918,0,-0.055
-0.139104,0,-0.055
-0.13929,0,-0.055
-0.139477,0,-0.055
-0.139663,0,-0.055
-0.13985,0,-0.055
-0.140036,0,-0.055
-0.140222,0,-0.055
-0.140409,0,-0.055
-0.140595,0,-0.055
-0.140781,0,-0.055
-0.140968,0,-0.055
-0.141154,0,-0.055
-0.141341,0,-0.055
-0.141527,0,-0.055
-0.141713,0,-0.055
-0.1419,0,-0.055
-0.142086,0,-0.055
-0.142273,0,-0.055
-0.142459,0,-0.055
-0.142645,0,-0.055
-0.142832,0,-0.055
-0.143018,0,-0.055
-0.143205,0,-0.055
-0.143391,0,-0.055
-0.143577,0,-0.055
-0.143764,0,-0.055
-0.14395,0,-0.055
-0.144137,0,-0.055
-0.144323,0,-0.055
-0.144509,0,-0.055
-0.144696,0,-0.055
-0.144882,0,-0.055
-0.145068,0,-0.055
-0.145255,0,-0.055
-0.145441,0,-0.055
-0.145628,0,-0.055
-0.145814,0,-0.055
-0.146,0,-0.055
-0.146187,0,-0.055
-0.146373,0,-0.055
-0.14656,0,-0.055
-0.146746,0,-0.055
-0.146932,0,-0.055
-0.147119,0,-0.055
-0.147305,0,-0.055
-0.147492,0,-0.055
-0.14768,0,-0.055
-0.147866,0,-0.055
-0.148053,0,-0.055
-0.148239,0,-0.055
-0.148425,0,-0.055
-0.148612,0,-0.055
-0.148798,0,-0.055
-0.148985,0,-0.055
-0.149171,0,-0.055
-0.149357,0,-0.055
-0.149544,0,-0.055
-0.14973,0,-0.055
-0.149916,0,-0.055
-0.150103,0,-0.055
-0.150289,0,-0.055
-0.150476,0,-0.055
-0.150662,0,-0.055
-0.150848,0,-0.055
-0.151035,0,-0.055
-0.151221,0,-0.055
-0.151408,0,-0.055
-0.151594,0,-0.055
-0.15178,0,-0.055
-0.151967,0,-0.055
-0.152153,0,-0.055
-0.15234,0,-0.055
-0.152526,0,-0.055
-0.152712,0,-0.055
-0.152899,0,-0.055
-0.153085,0,-0.055
-0.153272,0,-0.055
-0.153458,0,-0.055
-0.153644,0,-0.055
-0.153831,0,-0.055
-0.154017,0,-0.055
-0.154204,0,-0.055
-0.15439,0,-0.055
-0.154576,0,-0.055
-0.154763,0,-0.055
-0.154949,0,-0.055
-0.155136,0,-0.055
-0.155322,0,-0.055
-0.155508,0,-0.055
-0.155695,0,-0.055
-0.155881,0,-0.055
-0.156068,0,-0.055
-0.156254,0,-0.055
-0.15644,0,-0.055
-0.156627,0,-0.055
-0.156813,0,-0.055
-0.156999,0,-0.055
-0.157186,0,-0.055
-0.157372,0,-0.055
-0.157559,0,-0.055
-0.157745,0,-0.055
-0.157931,0,-0.055
-0.158118,0,-0.055
-0.158304,0,-0.055
-0.158491,0,-0.055
-0.158677,0,-0.055
-0.158863,0,-0.055
-0.15905,0,-0.055
-0.159236,0,-0.055
-0.159423,0,-0.055
-0.159609,0,-0.055
-0.159795,0,-0.055
-0.159982,0,-0.055
-0.160168,0,-0.055
-0.160355,0,-0.055
-0.160541,0,-0.055
-0.160727,0,-0.055
-0.160914,0,-0.055
-0.1611,0,-0.055
-0.161286,0,-0.055
-0.161473,0,-0.055
-0.161659,0,-0.055
-0.161846,0,-0.055
-0.162032,0,-0.055
-0.162218,0,-0.055
-0.162405,0,-0.055
-0.162591,0,-0.055
-0.162778,0,-0.055
-0.162964,0,-0.055
-0.16315,0,-0.055
-0.163337,0,-0.055
-0.163523,0,-0.055
-0.16371,0,-0.055
-0.163896,0,-0.055
-0.164082,0,-0.055
-0.164269,0,-0.055
-0.164455,0,-0.055
-0.164642,0,-0.055
-0.164828,0,-0.055
-0.165014,0,-0.055
-0.165201,0,-0.055
-0.165387,0,-0.055
-0.165573,0,-0.055
-0.16576,0,-0.055
-0.165946,0,-0.055
-0.166133,0,-0.055
-0.166319,0,-0.055
-0.166505,0,-0.055
-0.166692,0,-0.055
-0.166878,0,-0.055
-0.167065,0,-0.055
-0.167251,0,-0.055
-0.167437,0,-0.055
-0.167624,0,-0.055
-0.16781,0,-0.055
-0.167997,0,-0.055
-0.168183,0,-0.055
-0.168369,0,-0.055
-0.168556,0,-0.055
-0.168742,0,-0.055
-0.168929,0,-0.055
-0.169115,0,-0.055
-0.169301,0,-0.055
-0.169488,0,-0.055
-0.169674,0,-0.055
-0.16986,0,-0.055
-0.170047,0,-0.055
-0.170233,0,-0.055
-0.17042,0,-0.055
-0.170606,0,-0.055
-0.170792,0,-0.055
-0.170979,0,-0.055
-0.171165,0,-0.055
-0.171352,0,-0.055
-0.171538,0,-0.055
-0.171724,0,-0.055
-0.171911,0,-0.055
-0.172097,0,-0.055
-0.172284,0,-0.055
-0.17247,0,-0.055
-0.172656,0,-0.055
-0.172843,0,-0.055
-0.173029,0,-0.055
-0.173216,0,-0.055
-0.173402,0,-0.055
-0.173588,0,-0.055
-0.173775,0,-0.055
-0.173961,0,-0.055
-0.174147,0,-0.055
-0.174334,0,-0.055
-0.17452,0,-0.055
-0.174707,0,-0.055
-0.174893,0,-0.055
-0.175079,0,-0.055
-0.175266,0,-0.055
-0.175452,0,-0.055
-0.175639,0,-0.055
-0.175825,0,-0.055
-0.176011,0,-0.055
-0.176198,0,-0.055
-0.176384,0,-0.055
-0.176571,0,-0.055
-0.176757,0,-0.055
-0.176943,0,-0.055
-0.17713,0,-0.055
-0.177316,0,-0.055
-0.177503,0,-0.055
-0.177689,0,-0.055
-0.177875,0,-0.055
-0.178062,0,-0.055
-0.178248,0,-0.055
-0.178434,0,-0.055
-0.178621,0,-0.055
-0.178807,0,-0.055
-0.178994,0,-0.055
-0.17918,0,-0.055
-0.179366,0,-0.055
-0.179553,0,-0.055
-0.179739,0,-0.055
-0.179926,0,-0.055
-0.180112,0,-0.055
-0.180298,0,-0.055
-0.180485,0,-0.055
-0.180671,0,-0.055
-0.180858,0,-0.055
-0.181044,0,-0.055
-0.18123,0,-0.055
-0.181417,0,-0.055
-0.181603,0,-0.055
-0.18179,0,-0.055
-0.181976,0,-0.055
-0.182162,0,-0.055
-0.182349,0,-0.055
-0.182535,0,-0.055
-0.182721,0,-0.055
-0.182908,0,-0.055
-0.183094,0,-0.055
-0.183281,0,-0.055
-0.183467,0,-0.055
-0.183653,0,-0.055
-0.18384,0,-0.055
-0.184026,0,-0.055
-0.184213,0,-0.055
-0.184399,0,-0.055
-0.184585,0,-0.055
-0.184772,0,-0.055
-0.184958,0,-0.055
-0.185145,0,-0.055
-0.185331,0,-0.055
-0.185517,0,-0.055
-0.185704,0,-0.055
-0.18589,0,-0.055
-0.186077,0,-0.055
-0.186263,0,-0.055
-0.186449,0,-0.055
-0.186636,0,-0.055
-0.186822,0,-0.055
-0.187008,0,-0.055
-0.187195,0,-0.055
-0.187381,0,-0.055
-0.187568,0,-0.055
-0.187754,0,-0.055
-0.18794,0,-0.055
-0.188127,0,-0.055
-0.188313,0,-0.055
-0.1885,0,-0.055
-0.188686,0,-0.055
-0.188872,0,-0.055
-0.189059,0,-0.055
-0.189245,0,-0.055
-0.189432,0,-0.055
-0.189618,0,-0.055
-0.189804,0,-0.055
-0.189991,0,-0.055
-0.190177,0,-0.055
-0.190364,0,-0.055
-0.19055,0,-0.055
-0.190736,0,-0.055
-0.190923,0,-0.055
-0.191109,0,-0.055
-0.191295,0,-0.055
-0.191482,0,-0.055
-0.191668,0,-0.055
-0.191855,0,-0.055
-0.192041,0,-0.055
-0.192227,0,-0.055
-0.192414,0,-0.055
-0.1926,0,-0.055
-0.192787,0,-0.055
-0.192973,0,-0.055
-0.193159,0,-0.055
-0.193346,0,-0.055
-0.193532,0,-0.055
-0.193718,0,-0.055
-0.193904,0,-0.055
-0.194089,0,-0.055
-0.194275,0,-0.055
-0.19446,0,-0.055
-0.194645,0,-0.055
-0.19483,0,-0.055
-0.195014,0,-0.055
-0.195199,0,-0.055
-0.195383,0,-0.055
-0.195567,0,-0.055
-0.195751,0,-0.055
-0.195935,0,-0.055
-0.196118,0,-0.055
-0.196302,0,-0.055
-0.196485,0,-0.055
-0.196668,0,-0.055
-0.196851,0,-0.055
-0.197033,0,-0.055
-0.197216,0,-0.055
-0.197398,0,-0.055
-0.19758,0,-0.055
-0.197762,0,-0.055
-0.197944,0,-0.055
-0.198125,0,-0.055
-0.198306,0,-0.055
-0.198487,0,-0.055
-0.198668,0,-0.055
-0.198849,0,-0.055
-0.19903,0,-0.055
-0.19921,0,-0.055
-0.19939,0,-0.055
-0.19957,0,-0.055
-0.19975,0,-0.055
-0.19993,0,-0.055
-0.200109,0,-0.0549999
-0.200288,0,-0.0549992
-0.200467,0,-0.054998
-0.200646,0,-0.0549962
-0.200825,0,-0.0549938
-0.201003,0,-0.0549908
-0.201182,0,-0.0549873
-0.20136,0,-0.0549832
-0.201538,0,-0.0549785
-0.201715,0,-0.0549732
-0.201893,0,-0.0549674
-0.20207,0,-0.054961
-0.202247,0,-0.0549541
-0.202424,0,-0.0549466
-0.202601,0,-0.0549385
-0.202777,0,-0.0549298
-0.202953,0,-0.0549207
-0.203129,0,-0.0549109
-0.203305,0,-0.0549006
-0.203481,0,-0.0548898
-0.203656,0,-0.0548784
-0.203831,0,-0.0548664
-0.204006,0,-0.0548539
-0.204181,0,-0.0548409
-0.204355,0,-0.0548273
-0.204529,0,-0.0548132
-0.204703,0,-0.0547985
-0.204877,0,-0.0547833
-0.205051,0,-0.0547676
-0.205224,0,-0.0547514
-0.205397,0,-0.0547346
-0.20557,0,-0.0547173
-0.205742,0,-0.0546994
-0.205914,0,-0.0546811
-0.206087,0,-0.0546622
-0.206258,0,-0.0546428
-0.20643,0,-0.0546229
-0.206601,0,-0.0546024
-0.206772,0,-0.0545815
-0.206943,0,-0.05456
-0.207114,0,-0.054538
-0.207284,0,-0.0545155
-0.207454,0,-0.0544925
-0.207624,0,-0.054469
-0.207793,0,-0.054445
-0.207963,0,-0.0544205
-0.208132,0,-0.0543955
-0.208301,0,-0.05437
-0.208469,0,-0.054344
-0.208637,0,-0.0543176
-0.208805,0,-0.0542906
-0.208973,0,-0.0542631
-0.20914,0,-0.0542352
-0.209308,0,-0.0542067
-0.209474,0,-0.0541778
-0.209641,0,-0.0541484
-0.209807,0,-0.0541185
-0.209973,0,-0.0540882
-0.210139,0,-0.0540573
-0.210305,0,-0.054026
-0.21047,0,-0.0539943
-0.210635,0,-0.053962
-0.2108,0,-0.0539293
-0.210964,0,-0.0538961
-0.211128,0,-0.0538625
-0.211292,0,-0.0538284
-0.211455,0,-0.0537938
-0.211619,0,-0.0537588
-0.211782,0,-0.0537233
-0.211944,0,-0.0536874
-0.212107,0,-0.053651
-0.212269,0,-0.0536142
-0.21243,0,-0.0535769
-0.212592,0,-0.0535392
-0.212753,0,-0.053501
-0.212914,0,-0.0534624
-0.213075,0,-0.0534234
-0.213235,0,-0.0533839
-0.213395,0,-0.053344
-0.213555,0,-0.0533036
-0.213714,0,-0.0532628
-0.213873,0,-0.0532216
-0.214032,0,-0.05318
-0.21419,0,-0.0531379
-0.214348,0,-0.0530954
-0.214506,0,-0.0530525
-0.214664,0,-0.0530092
-0.214821,0,-0.0529654
-0.214978,0,-0.0529212
-0.215135,0,-0.0528767
-0.215291,0,-0.0528317
-0.215447,0,-0.0527863
-0.215603,0,-0.0527405
-0.215758,0,-0.0526942
-0.215913,0,-0.0526476
-0.216068,0,-0.0526006
-0.216222,0,-0.0525532
-0.216376,0,-0.0525054
-0.21653,0,-0.0524571
-0.216684,0,-0.0524085
-0.216837,0,-0.0523595
-0.21699,0,-0.0523101
-0.217142,0,-0.0522604
-0.217294,0,-0.0522102
-0.217446,0,-0.0521597
-0.217598,0,-0.0521087
-0.217749,0,-0.0520574
-0.2179,0,-0.0520057
-0.21805,0,-0.0519537
-0.218201,0,-0.0519012
-0.218351,0,-0.0518484
-0.2185,0,-0.0517952
-0.218649,0,-0.0517417
-0.218798,0,-0.0516878
-0.218947,0,-0.0516335
-0.219095,0,-0.0515788
-0.219243,0,-0.0515238
-0.219391,0,-0.0514685
-0.219538,0,-0.0514127
-0.219685,0,-0.0513567
-0.219831,0,-0.0513002
-0.219978,0,-0.0512435
-0.220124,0,-0.0511863
-0.220269,0,-0.0511289
-0.220414,0,-0.0510711
-0.220559,0,-0.0510129
-0.220704,0,-0.0509544
-0.220848,0,-0.0508956
-0.220992,0,-0.0508364
-0.221136,0,-0.0507769
-0.221279,0,-0.050717
-0.221422,0,-0.0506568
-0.221564,0,-0.0505963
-0.221706,0,-0.0505355
-0.221848,0,-0.0504743
-0.22199,0,-0.0504129
-0.222131,0,-0.0503511
-0.222272,0,-0.0502889
-0.222412,0,-0.0502265
-0.222552,0,-0.0501637
-0.222692,0,-0.0501007
-0.222831,0,-0.0500373
-0.22297,0,-0.0499736
-0.223109,0,-0.0499096
-0.223248,0,-0.0498453
-0.223386,0,-0.0497807
-0.223523,0,-0.0497158
-0.223661,0,-0.0496505
-0.223798,0,-0.049585
-0.223934,0,-0.0495192
-0.224071,0,-0.0494531
-0.224206,0,-0.0493867
-0.224342,0,-0.04932
-0.224502,0,-0.049241
-0.224636,0,-0.0491736
-0.224771,0,-0.049106
-0.224905,0,-0.0490381
-0.225039,0,-0.04897
-0.225172,0,-0.0489015
-0.225305,0,-0.0488328
-0.225438,0,-0.0487638
-0.22557,0,-0.0486945
-0.225702,0,-0.048625
-0.225834,0,-0.0485551
-0.225965,0,-0.0484851
-0.226096,0,-0.0484147
-0.226227,0,-0.0483441
-0.226357,0,-0.0482732
-0.226487,0,-0.0482021
-0.226617,0,-0.0481307
-0.226746,0,-0.048059
-0.226875,0,-0.0479871
-0.227003,0,-0.0479149
-0.227131,0,-0.0478425
-0.227259,0,-0.0477698
-0.227386,0,-0.0476969
-0.227513,0,-0.0476237
-0.22764,0,-0.0475503
-0.227766,0,-0.0474767
-0.227892,0,-0.0474028
-0.228018,0,-0.0473286
-0.228143,0,-0.0472543
-0.228268,0,-0.0471797
-0.228393,0,-0.0471048
-0.228517,0,-0.0470298
-0.228641,0,-0.0469545
-0.228764,0,-0.0468789
-0.228887,0,-0.0468032
-0.22901,0,-0.0467272
-0.229132,0,-0.046651
-0.229254,0,-0.0465745
-0.229376,0,-0.0464979
-0.229497,0,-0.046421
-0.229618,0,-0.046344
-0.229739,0,-0.0462667
-0.229859,0,-0.0461891
-0.229979,0,-0.0461114
-0.230098,0,-0.0460335
-0.230218,0,-0.0459554
-0.230336,0,-0.045877
-0.230455,0,-0.0457985
-0.230573,0,-0.0457197
-0.230691,0,-0.0456408
-0.230808,0,-0.0455616
-0.230925,0,-0.0454823
-0.231042,0,-0.0454027
-0.231158,0,-0.045323
-0.231274,0,-0.0452431
-0.23139,0,-0.045163
-0.231505,0,-0.0450827
-0.23162,0,-0.0450022
-0.231734,0,-0.0449215
-0.231848,0,-0.0448406
-0.231962,0,-0.0447596
-0.232076,0,-0.0446784
-0.232189,0,-0.044597
-0.232301,0,-0.0445154
-0.232414,0,-0.0444337
-0.232526,0,-0.0443517
-0.232637,0,-0.0442696
-0.232749,0,-0.0441874
-0.23286,0,-0.0441049
-0.23297,0,-0.0440223
-0.23308,0,-0.0439396
-0.23319,0,-0.0438566
-0.2333,0,-0.0437735
-0.233409,0,-0.0436903
-0.233518,0,-0.0436069
-0.233626,0,-0.0435233
-0.233734,0,-0.0434396
-0.233842,0,-0.0433557
-0.233949,0,-0.0432717
-0.234056,0,-0.0431875
-0.234163,0,-0.0431032
-0.234269,0,-0.0430187
-0.234375,0,-0.0429341
-0.234481,0,-0.0428493
-0.234586,0,-0.0427644
-0.234691,0,-0.0426793
-0.234796,0,-0.0425942
-0.2349,0,-0.0425088
-0.235004,0,-0.0424234
-0.235107,0,-0.0423378
-0.23521,0,-0.042252
-0.235313,0,-0.0421662
-0.235416,0,-0.0420802
-0.235518,0,-0.0419941
-0.235619,0,-0.0419078
-0.235721,0,-0.0418214
-0.235822,0,-0.041735
-0.235922,0,-0.0416483
-0.236023,0,-0.0415616
-0.236123,0,-0.0414747
-0.236222,0,-0.0413878
-0.236322,0,-0.0413007
-0.23642,0,-0.0412135
-0.236519,0,-0.0411261
-0.236617,0,-0.0410387
-0.236715,0,-0.0409512
-0.236813,0,-0.0408635
-0.23691,0,-0.0407758
-0.237007,0,-0.0406879
-0.237103,0,-0.0405999
-0.237199,0,-0.0405118
-0.237295,0,-0.0404237
-0.237391,0,-0.0403354
-0.237486,0,-0.040247
-0.23758,0,-0.0401586
-0.237675,0,-0.04007
-0.237769,0,-0.0399813
-0.237863,0,-0.0398926
-0.237956,0,-0.0398038
-0.238049,0,-0.0397148
-0.238142,0,-0.0396258
-0.238234,0,-0.0395367
-0.238326,0,-0.0394475
-0.238418,0,-0.0393582
-0.238509,0,-0.0392689
-0.2386,0,-0.0391794
-0.238691,0,-0.0390899
-0.238781,0,-0.0390003
-0.238871,0,-0.0389107
-0.238961,0,-0.0388209
-0.23905,0,-0.0387311
-0.239139,0,-0.0386412
-0.239228,0,-0.0385512
-0.239316,0,-0.0384612
-0.239404,0,-0.0383711
-0.239491,0,-0.0382809
-0.239579,0,-0.0381907
-0.239666,0,-0.0381004
-0.239752,0,-0.03801
-0.239838,0,-0.0379196
-0.239924,0,-0.0378291
-0.24001,0,-0.0377385
-0.240095,0,-0.0376479
-0.24018,0,-0.0375573
-0.240265,0,-0.0374666
-0.240349,0,-0.0373758
-0.240433,0,-0.037285
-0.240517,0,-0.0371941
-0.2406,0,-0.0371032
-0.240683,0,-0.0370122
-0.240766,0,-0.0369212
-0.240848,0,-0.0368301
-0.24093,0,-0.036739
-0.241011,0,-0.0366478
-0.241093,0,-0.0365566
-0.241174,0,-0.0364654
-0.241254,0,-0.0363741
-0.241335,0,-0.0362828
-0.241415,0,-0.0361914
-0.241494,0,-0.0361001
-0.241574,0,-0.0360086
-0.241653,0,-0.0359172
-0.241732,0,-0.0358257
-0.24181,0,-0.0357342
-0.241888,0,-0.0356426
-0.241966,0,-0.035551
-0.242043,0,-0.0354594
-0.24212,0,-0.0353678
-0.242197,0,-0.0352762
-0.242274,0,-0.0351845
-0.24235,0,-0.0350928
-0.242426,0,-0.0350011
-0.242501,0,-0.0349093
-0.242576,0,-0.0348176
-0.242651,0,-0.0347258
-0.242726,0,-0.034634
-0.2428,0,-0.0345422
-0.242874,0,-0.0344503
-0.242948,0,-0.0343585
-0.243021,0,-0.0342667
-0.243094,0,-0.0341748
-0.243167,0,-0.0340829
-0.243239,0,-0.0339911
-0.243311,0,-0.0338992
-0.243383,0,-0.0338073
-0.243454,0,-0.0337154
-0.243525,0,-0.0336235
-0.243596,0,-0.0335316
-0.243667,0,-0.0334397
-0.243737,0,-0.0333478
-0.243807,0,-0.0332559
-0.243877,0,-0.033164
-0.243946,0,-0.0330721
-0.244015,0,-0.0329802
-0.244084,0,-0.0328883
-0.244152,0,-0.0327965
-0.24422,0,-0.0327046
-0.244288,0,-0.0326127
-0.244355,0,-0.0325209
-0.244422,0,-0.032429
-0.244489,0,-0.0323372
-0.244556,0,-0.0322454
-0.244622,0,-0.0321536
-0.244688,0,-0.0320618
-0.244754,0,-0.03197
-0.244819,0,-0.0318783
-0.244884,0,-0.0317866
-0.244949,0,-0.0316948
-0.245014,0,-0.0316031
-0.245078,0,-0.0315115
-0.245142,0,-0.0314198
-0.245206,0,-0.0313282
-0.245269,0,-0.0312366
-0.245332,0,-0.031145
-0.245395,0,-0.0310535
-0.245457,0,-0.0309619
-0.245519,0,-0.0308705
-0.245581,0,-0.030779
-0.245643,0,-0.0306876
-0.245704,0,-0.0305961
-0.245765,0,-0.0305048
-0.245826,0,-0.0304134
-0.245886,0,-0.0303221
-0.245947,0,-0.0302309
-0.246007,0,-0.0301396
-0.246066,0,-0.0300485
-0.246125,0,-0.0299573
-0.246185,0,-0.0298662
-0.246243,0,-0.0297751
-0.246302,0,-0.0296841
-0.24636,0,-0.0295931
-0.246418,0,-0.0295021
-0.246476,0,-0.0294112
-0.246533,0,-0.0293204
-0.24659,0,-0.0292296
-0.246647,0,-0.0291388
-0.246703,0,-0.0290481
-0.24676,0,-0.0289574
-0.246816,0,-0.0288668
-0.246871,0,-0.0287762
-0.246927,0,-0.0286857
-0.246982,0,-0.0285952
-0.247037,0,-0.0285048
-0.247092,0,-0.0284145
-0.247146,0,-0.0283242
-0.2472,0,-0.0282339
-0.247254,0,-0.0281437
-0.247307,0,-0.0280536
-0.247361,0,-0.0279635
-0.247414,0,-0.0278735
-0.247467,0,-0.0277836
-0.247519,0,-0.0276937
-0.247571,0,-0.0276038
-0.247623,0,-0.0275141
-0.247675,0,-0.0274244
-0.247726,0,-0.0273347
-0.247778,0,-0.0272451
-0.247829,0,-0.0271556
-0.247879,0,-0.0270662
-0.24793,0,-0.0269768
-0.24798,0,-0.0268875
-0.24803,0,-0.0267983
-0.248079,0,-0.0267091
-0.248129,0,-0.02662
-0.248178,0,-0.026531
-0.248227,0,-0.0264421
-0.248275,0,-0.0263532
-0.248324,0,-0.0262644
-0.248372,0,-0.0261757
-0.24842,0,-0.026087
-0.248467,0,-0.0259984
-0.248515,0,-0.0259099
-0.248562,0,-0.0258215
-0.248609,0,-0.0257332
-0.248655,0,-0.0256449
-0.248702,0,-0.0255567
-0.248748,0,-0.0254686
-0.248794,0,-0.0253806
-0.248839,0,-0.0252927
-0.248885,0,-0.0252049
-0.24893,0,-0.0251171
-0.248975,0,-0.0250294
-0.249019,0,-0.0249418
-0.249064,0,-0.0248543
-0.249108,0,-0.0247669
-0.249152,0,-0.0246796
-0.249196,0,-0.0245923
-0.249239,0,-0.0245052
-0.249282,0,-0.0244181
-0.249325,0,-0.0243311
-0.249368,0,-0.0242443
-0.249411,0,-0.0241575
-0.249453,0,-0.0240708
-0.249495,0,-0.0239842
-0.249537,0,-0.0238977
-0.249578,0,-0.0238113
-0.24962,0,-0.0237249
-0.249661,0,-0.0236387
-0.249702,0,-0.0235526
-0.249743,0,-0.0234666
-0.249783,0,-0.0233806
-0.249823,0,-0.0232948
-0.249863,0,-0.0232091
-0.249903,0,-0.0231235
-0.249943,0,-0.0230379
-0.249982,0,-0.0229525
-0.250021,0,-0.0228672
-0.25006,0,-0.022782
-0.250098,0,-0.0226969
-0.250137,0,-0.0226119
-0.250175,0,-0.0225269
-0.250213,0,-0.0224421
-0.250251,0,-0.0223575
-0.250288,0,-0.0222729
-0.250326,0,-0.0221884
-0.250363,0,-0.022104
-0.2504,0,-0.0220198
-0.250436,0,-0.0219356
-0.250473,0,-0.0218516
-0.250509,0,-0.0217676
-0.250545,0,-0.0216838
-0.250581,0,-0.0216001
-0.250617,0,-0.0215165
-0.250652,0,-0.021433
-0.250687,0,-0.0213496
-0.250722,0,-0.0212664
-0.250757,0,-0.0211832
-0.250792,0,-0.0211002
-0.250826,0,-0.0210173
-0.25086,0,-0.0209345
-0.250894,0,-0.0208518
-0.250928,0,-0.0207693
-0.250961,0,-0.0206868
-0.250995,0,-0.0206045
-0.251028,0,-0.0205223
-0.251061,0,-0.0204402
-0.251093,0,-0.0203583
-0.251126,0,-0.0202764
-0.251158,0,-0.0201947
-0.25119,0,-0.0201131
-0.251222,0,-0.0200316
-0.251254,0,-0.0199503
-0.251286,0,-0.019869
-0.251317,0,-0.0197879
-0.251348,0,-0.0197069
-0.251379,0,-0.0196261
-0.25141,0,-0.0195454
-0.25144,0,-0.0194648
-0.251471,0,-0.0193843
-0.251501,0,-0.0193039
-0.251531,0,-0.0192237
-0.251561,0,-0.0191436
-0.25159,0,-0.0190636
-0.25162,0,-0.0189838
-0.251649,0,-0.0189041
-0.251678,0,-0.0188245
-0.251707,0,-0.0187451
-0.251736,0,-0.0186657
-0.251764,0,-0.0185866
-0.251793,0,-0.0185075
-0.251821,0,-0.0184286
-0.251849,0,-0.0183498
-0.251876,0,-0.0182711
-0.251904,0,-0.0181926
-0.251931,0,-0.0181142
-0.251959,0,-0.018036
-0.251986,0,-0.0179579
-0.252013,0,-0.0178799
-0.252039,0,-0.017802
-0.252066,0,-0.0177243
-0.252092,0,-0.0176468
-0.252118,0,-0.0175693
-0.252144,0,-0.017492
-0.25217,0,-0.0174149
-0.252196,0,-0.0173379
-0.252221,0,-0.017261
-0.252247,0,-0.0171842
-0.252272,0,-0.0171076
-0.252297,0,-0.0170312
-0.252321,0,-0.0169549
-0.252346,0,-0.0168787
-0.252371,0,-0.0168026
-0.252395,0,-0.0167268
-0.252419,0,-0.016651
-0.252443,0,-0.0165754
-0.252467,0,-0.0164999
-0.25249,0,-0.0164246
-0.252514,0,-0.0163494
-0.252537,0,-0.0162744
-0.25256,0,-0.0161995
-0.252583,0,-0.0161248
-0.252606,0,-0.0160502
-0.252629,0,-0.0159757
-0.252651,0,-0.0159014
-0.252673,0,-0.0158273
-0.252696,0,-0.0157533
-0.252718,0,-0.0156794
-0.25274,0,-0.0156057
-0.252761,0,-0.0155321
-0.252783,0,-0.0154587
-0.252804,0,-0.0153854
-0.252825,0,-0.0153123
-0.252847,0,-0.0152393
-0.252868,0,-0.0151665
-0.252888,0,-0.0150939
-0.252909,0,-0.0150213
-0.252929,0,-0.014949
-0.25295,0,-0.0148768
-0.25297,0,-0.0148047
-0.25299,0,-0.0147328
-0.25301,0,-0.014661
-0.25303,0,-0.0145894
-0.253049,0,-0.014518
-0.253069,0,-0.0144467
-0.253088,0,-0.0143755
-0.253107,0,-0.0143039
-0.253126,0,-0.0142331
-0.253145,0,-0.0141624
-0.253164,0,-0.0140919
-0.253183,0,-0.0140215
-0.253201,0,-0.0139513
-0.253219,0,-0.0138813
-0.253238,0,-0.0138114
-0.253256,0,-0.0137416
-0.253274,0,-0.013672
-0.253291,0,-0.0136026
-0.253309,0,-0.0135333
-0.253326,0,-0.0134642
-0.253344,0,-0.0133953
-0.253361,0,-0.0133265
-0.253378,0,-0.0132578
-0.253395,0,-0.0131893
-0.253412,0,-0.013121
-0.253429,0,-0.0130529
-0.253445,0,-0.0129848
-0.253462,0,-0.012917
-0.253478,0,-0.0128493
-0.253494,0,-0.0127818
-0.25351,0,-0.0127144
-0.253526,0,-0.0126472
-0.253542,0,-0.0125802
-0.253558,0,-0.0125133
-0.253573,0,-0.0124466
-0.253589,0,-0.0123801
-0.253604,0,-0.0123137
-0.253619,0,-0.0122475
-0.253634,0,-0.0121814
-0.253649,0,-0.0121155
-0.253664,0,-0.0120498
-0.253678,0,-0.0119842
-0.253693,0,-0.0119188
-0.253707,0,-0.0118535
-0.253722,0,-0.0117885
-0.253736,0,-0.0117235
-0.25375,0,-0.0116588
-0.253764,0,-0.0115942
-0.253778,0,-0.0115298
-0.253792,0,-0.0114655
-0.253805,0,-0.0114015
-0.253819,0,-0.0113375
-0.253832,0,-0.0112738
-0.253845,0,-0.0112102
-0.253859,0,-0.0111468
-0.253872,0,-0.0110835
-0.253885,0,-0.0110204
-0.253897,0,-0.0109575
-0.25391,0,-0.0108948
-0.253923,0,-0.0108322
-0.253935,0,-0.0107698
-0.253948,0,-0.0107075
-0.25396,0,-0.0106454
-0.253972,0,-0.0105835
-0.253984,0,-0.0105218
-0.253996,0,-0.0104602
-0.254008,0,-0.0103988
-0.25402,0,-0.0103376
-0.254031,0,-0.0102765
-0.254043,0,-0.0102156
-0.254054,0,-0.0101549
-0.254066,0,-0.0100944
-0.254077,0,-0.010034
-0.254088,0,-0.00997378
-0.254099,0,-0.00991375
-0.25411,0,-0.00985388
-0.254121,0,-0.00979418
-0.254132,0,-0.00973466
-0.254142,0,-0.00967531
-0.254153,0,-0.00961612
-0.254163,0,-0.00955712
-0.254174,0,-0.00949828
-0.254184,0,-0.00943962
-0.254194,0,-0.00938112
-0.254204,0,-0.00932281
-0.254214,0,-0.00926466
-0.254224,0,-0.00920669
-0.254234,0,-0.00914889
-0.254243,0,-0.00909126
-0.254253,0,-0.00903381
-0.254263,0,-0.00897653
-0.254272,0,-0.00891943
-0.254281,0,-0.0088625
-0.254291,0,-0.00880574
-0.2543,0,-0.00874916
-0.254309,0,-0.00869275
-0.254318,0,-0.00863652
-0.254327,0,-0.00858046
-0.254335,0,-0.00852458
-0.254344,0,-0.00846887
-0.254353,0,-0.00841334
-0.254361,0,-0.00835798
-0.25437,0,-0.0083028
-0.254378,0,-0.0082478
-0.254386,0,-0.00819297
-0.254395,0,-0.00813831
-0.254403,0,-0.00808383
-0.254411,0,-0.00802953
-0.254419,0,-0.00797541
-0.254427,0,-0.00792146
-0.254434,0,-0.00786769
-0.254442,0,-0.00781409
-0.25445,0,-0.00776068
-0.254457,0,-0.00770744
-0.254465,0,-0.00765437
-0.254472,0,-0.00760149
-0.25448,0,-0.00754878
-0.254487,0,-0.00749625
-0.254494,0,-0.00744389
-0.254501,0,-0.00739172
-0.254508,0,-0.00733972
-0.254515,0,-0.0072879
-0.254522,0,-0.00723626
-0.254529,0,-0.0071848
-0.254535,0,-0.00713351
-0.254542,0,-0.00708241
-0.254549,0,-0.00703148
-0.254555,0,-0.00698073
-0.254562,0,-0.00693016
-0.254568,0,-0.00687977
-0.254574,0,-0.00682956
-0.254581,0,-0.00677952
-0.254587,0,-0.00672967
-0.254593,0,-0.00668
-0.254599,0,-0.0066305
-0.254605,0,-0.00658119
-0.254611,0,-0.00653205
-0.254617,0,-0.0064831
-0.254622,0,-0.00643432
-0.254628,0,-0.00638573
-0.254634,0,-0.00633731
-0.254639,0,-0.00628908
-0.254645,0,-0.00624102
-0.25465,0,-0.00619315
-0.254656,0,-0.00614545
-0.254661,0,-0.00609794
-0.254666,0,-0.00605061
-0.254671,0,-0.00600346
-0.254677,0,-0.00595648
-0.254682,0,-0.00590969
-0.254687,0,-0.00586308
-0.254692,0,-0.00581666
-0.254696,0,-0.00577041
-0.254701,0,-0.00572434
-0.254706,0,-0.00567846
-0.254711,0,-0.00563276
-0.254715,0,-0.00558723
-0.25472,0,-0.00554189
-0.254725,0,-0.00549674
-0.254729,0,-0.00545176
-0.254734,0,-0.00540697
-0.254738,0,-0.00536235
-0.254742,0,-0.00531792
-0.254747,0,-0.00527367
-0.254751,0,-0.00522961
-0.254755,0,-0.00518572
-0.254759,0,-0.00514202
-0.254763,0,-0.0050985
-0.254767,0,-0.00505516
-0.254771,0,-0.00501201
-0.254775,0,-0.00496903
-0.254779,0,-0.00492624
-0.254783,0,-0.00488364
-0.254787,0,-0.00484121
-0.25479,0,-0.00479897
-0.254794,0,-0.00475691
-0.254798,0,-0.00471503
-0.254801,0,-0.00467334
-0.254805,0,-0.00463183
-0.254808,0,-0.0045905
-0.254812,0,-0.00454936
-0.254815,0,-0.0045084
-0.254818,0,-0.00446762
-0.254822,0,-0.00442703
-0.254825,0,-0.00438662
-0.254828,0,-0.00434639
-0.254831,0,-0.00430634
-0.254834,0,-0.00426648
-0.254837,0,-0.00422681
-0.25484,0,-0.00418731
-0.254843,0,-0.004148
-0.254846,0,-0.00410888
-0.254849,0,-0.00406994
-0.254852,0,-0.00403118
-0.254855,0,-0.0039926
-0.254858,0,-0.00395421
-0.25486,0,-0.00391601
-0.254863,0,-0.00387798
-0.254866,0,-0.00384015
-0.254868,0,-0.00380249
-0.254871,0,-0.00376502
-0.254874,0,-0.00372774
-0.254876,0,-0.00369064
-0.254879,0,-0.00365372
-0.254881,0,-0.00361699
-0.254883,0,-0.00358044
-0.254886,0,-0.00354407
-0.254888,0,-0.00350789
-0.25489,0,-0.0034719
-0.254893,0,-0.00343609
-0.254895,0,-0.00340046
-0.254897,0,-0.00336502
-0.254899,0,-0.00332976
-0.254901,0,-0.00329469
-0.254903,0,-0.0032598
-0.254905,0,-0.0032251
-0.254907,0,-0.00319058
-0.254909,0,-0.00315625
-0.254911,0,-0.0031221
-0.254913,0,-0.00308814
-0.254915,0,-0.00305436
-0.254917,0,-0.00302077
-0.254919,0,-0.00298736
-0.254921,0,-0.00295413
-0.254922,0,-0.0029211
-0.254924,0,-0.00288824
-0.254926,0,-0.00285558
-0.254927,0,-0.00282309
-0.254929,0,-0.00279079
-0.254931,0,-0.00275868
-0.254932,0,-0.00272675
-0.254934,0,-0.00269501
-0.254935,0,-0.00266346
-0.254937,0,-0.00263208
-0.254938,0,-0.0026009
-0.25494,0,-0.0025699
-0.254941,0,-0.00253908
-0.254943,0,-0.00250845
-0.254944,0,-0.00247801
-0.254946,0,-0.00244775
-0.254947,0,-0.00241767
-0.254948,0,-0.00238778
-0.254949,0,-0.00235808
-0.254951,0,-0.00232856
-0.254952,0,-0.00229923
-0.254953,0,-0.00227009
-0.254954,0,-0.00224113
-0.254955,0,-0.00221235
-0.254957,0,-0.00218376
-0.254958,0,-0.00215536
-0.254959,0,-0.00212714
-0.25496,0,-0.00209911
-0.254961,0,-0.00207126
-0.254962,0,-0.0020436
-0.254963,0,-0.00201612
-0.254964,0,-0.00198884
-0.254965,0,-0.00196173
-0.254966,0,-0.00193481
-0.254967,0,-0.00190808
-0.254968,0,-0.00188154
-0.254969,0,-0.00185518
-0.25497,0,-0.001829
-0.25497,0,-0.00180301
-0.254971,0,-0.00177721
-0.254972,0,-0.00175159
-0.254973,0,-0.00172616
-0.254974,0,-0.00170092
-0.254974,0,-0.00167586
-0.254975,0,-0.00165099
-0.254976,0,-0.0016263
-0.254977,0,-0.0016018
-0.254977,0,-0.00157748
-0.254978,0,-0.00155335
-0.254979,0,-0.00152941
-0.254979,0,-0.00150565
-0.25498,0,-0.00148208
-0.254981,0,-0.0014587
-0.254981,0,-0.0014355
-0.254982,0,-0.00141249
-0.254982,0,-0.00138966
-0.254983,0,-0.00136702
-0.254984,0,-0.00134457
-0.254984,0,-0.0013223
-0.254985,0,-0.00130021
-0.254985,0,-0.00127832
-0.254986,0,-0.00125661
-0.254986,0,-0.00123508
-0.254987,0,-0.00121375
-0.254987,0,-0.0011926
-0.254988,0,-0.00117163
-0.254988,0,-0.00115085
-0.254988,0,-0.00113026
-0.254989,0,-0.00110985
-0.254989,0,-0.00108963
-0.25499,0,-0.0010696
-0.25499,0,-0.00104975
-0.25499,0,-0.00103009
-0.254991,0,-0.00101061
-0.254991,0,-0.000991322
-0.254991,0,-0.000972219
-0.254992,0,-0.000953302
-0.254992,0,-0.000934571
-0.254992,0,-0.000916027
-0.254993,0,-0.000897668
-0.254993,0,-0.000879497
-0.254993,0,-0.000861511
-0.254994,0,-0.000843712
-0.254994,0,-0.000826099
-0.254994,0,-0.000808672
-0.254994,0,-0.000791431
-0.254995,0,-0.000774377
-0.254995,0,-0.000757509
-0.254995,0,-0.000740828
-0.254995,0,-0.000724332
-0.254995,0,-0.000708023
-0.254996,0,-0.000691901
-0.254996,0,-0.000675964
-0.254996,0,-0.000660214
-0.254996,0,-0.000644651
-0.254996,0,-0.000629273
-0.254997,0,-0.000614082
-0.254997,0,-0.000599078
-0.254997,0,-0.000584259
-0.254997,0,-0.000569627
-0.254997,0,-0.000555182
-0.254997,0,-0.000540922
-0.254997,0,-0.000526849
-0.254998,0,-0.000512963
-0.254998,0,-0.000499262
-0.254998,0,-0.000485748
-0.254998,0,-0.000472421
-0.254998,0,-0.000459279
-0.254998,0,-0.000446325
-0.254998,0,-0.000433556
-0.254998,0,-0.000420974
-0.254998,0,-0.000408578
-0.254999,0,-0.000396369
-0.254999,0,-0.000384346
-0.254999,0,-0.000372509
-0.254999,0,-0.000360859
-0.254999,0,-0.000349395
-0.254999,0,-0.000338117
-0.254999,0,-0.000327026
-0.254999,0,-0.000316121
-0.254999,0,-0.000305403
-0.254999,0,-0.000294871
-0.254999,0,-0.000284525
-0.254999,0,-0.000274366
-0.254999,0,-0.000264393
-0.254999,0,-0.000254606
-0.254999,0,-0.000245006
-0.254999,0,-0.000235592
-0.255,0,-0.000226365
-0.255,0,-0.000217324
-0.255,0,-0.000208469
-0.255,0,-0.000199801
-0.255,0,-0.000191319
-0.255,0,-0.000183024
-0.255,0,-0.000174914
-0.255,0,-0.000166992
-0.255,0,-0.000159255
-0.255,0,-0.000151706
-0.255,0,-0.000144342
-0.255,0,-0.000137165
-0.255,0,-0.000130174
-0.255,0,-0.00012337
-0.255,0,-0.000116752
-0.255,0,-0.00011032
-0.255,0,-0.000104075
-0.255,0,-9.8016e-05
-0.255,0,-9.21436e-05
-0.255,0,-8.64576e-05
-0.255,0,-8.09579e-05
-0.255,0,-7.56446e-05
-0.255,0,-7.05178e-05
-0.255,0,-6.55773e-05
-0.255,0,-6.08232e-05
-0.255,0,-5.62555e-05
-0.255,0,-5.18742e-05
-0.255,0,-4.76793e-05
-0.255,0,-4.36707e-05
-0.255,0,-3.98486e-05
-0.255,0,-3.62128e-05
-0.255,0,-3.27635e-05
-0.255,0,-2.95005e-05
-0.255,0,-2.64239e-05
-0.255,0,-2.35338e-05
-0.255,0,-2.083e-05
-0.255,0,-1.83126e-05
-0.255,0,-1.59816e-05
-0.255,0,-1.38369e-05
-0.255,0,-1.18787e-05
-0.255,0,-1.01069e-05
-0.255,0,-8.52144e-06
-0.255,0,-7.12239e-06
-0.255,0,-5.90973e-06
-0.255,0,-4.88346e-06
-0.255,0,-4.04358e-06
-0.255,0,-3.39009e-06
-0.255,0,-2.923e-06
-0.255,0,-2.64229e-06
-0.255,0,-2.54798e-06
-0.255,0,-2.64005e-06
