1.20939e-07,0,7.59881e-08,0,0,0
0.000245612,0,0.000154322,0,0,0
0.000398251,0,0.000250231,0,0,0
0.000549421,0,0.000345221,0,0,0
0.000705184,0,0.000443103,0,0,0
0.000856347,0,0.000538105,0,0,0
0.00100752,0,0.000633124,0,0,0
0.00115869,0,0.000728153,0,0,0
0.00130985,0,0.000823193,0,0,0
0.001461,0,0.000918247,0,0,0
0.00161213,0,0.0010133,0,0,0
0.00176326,0,0.00110839,0,0,0
0.0019144,0,0.0012035,0,0,0
0.00206551,0,0.00129862,0,0,0
0.0022166,0,0.00139376,0,0,0
0.00236767,0,0.00148892,0,0,0
0.00251872,0,0.0015841,0,0,0
0.00266975,0,0.0016793,0,0,0
0.00282079,0,0.00177455,0,0,0
0.0029718,0,0.00186982,0,0,0
0.00312278,0,0.00196511,0,0,0
0.00327374,0,0.00206044,0,0,0
0.00342468,0,0.0021558,0,0,0
0.00357561,0,0.0022512,0,0,0
0.00373084,0,0.00234936,0,0,0
0.00388172,0,0.00244485,0,0,0
0.00403621,0,0.00254267,0,0,0
0.00419941,0,0.00264604,0,0,0
0.00435772,0,0.00274643,0,0,0
0.00450848,0,0.00284212,0,0,0
0.0046592,0,0.00293781,0,0,0
0.00481387,0,0.00303607,0,0,0
0.00496692,0,0.00313339,0,0,0
0.00512013,0,0.00323088,0,0,0
0.00527242,0,0.00332788,0,0,0
0.00542572,0,0.00342558,0,0,0
0.00558037,0,0.00352422,0,0,0
0.0057429,0,0.00362794,0,0,0
0.0058933,0,0.00372415,0,0,0
0.00605102,0,0.00382498,0,0,0
0.00620603,0,0.00392426,0,0,0
0.00636643,0,0.00402701,0,0,0
0.00653475,0,0.00413493,0,0,0
0.006768,0,0.00428415,0,0,0
0.00691779,0,0.00438133,0,0,0
0.00706791,0,0.00447801,0,0,0
0.00721798,0,0.00457477,0,0,0
0.00736801,0,0.0046716,0,0,0
0.00752017,0,0.0047699,0,0,0
0.00767816,0,0.00487203,0,0,0
0.00783624,0,0.00497443,0,0,0
0.00803865,0,0.0051051,0,0,0
0.00822034,0,0.00522341,0,0,0
0.00837701,0,0.00532572,0,0,0
0.00853298,0,0.00542735,0,0,0
0.00868528,0,0.00552676,0,0,0
0.00883949,0,0.00562748,0,0,0
0.00898889,0,0.00572529,0,0,0
0.00913826,0,0.00582315,0,0,0
0.00928757,0,0.0059211,0,0,0
0.0094368,0,0.00601914,0,0,0
0.00958596,0,0.00611728,0,0,0
0.00973507,0,0.00621552,0,0,0
0.00988412,0,0.00631387,0,0,0
0.0100331,0,0.00641233,0,0,0
0.010182,0,0.00651088,0,0,0
0.0103308,0,0.00660955,0,0,0
0.0104796,0,0.00670832,0,0,0
0.0106283,0,0.00680721,0,0,0
0.0107769,0,0.0069062,0,0,0
0.0109255,0,0.00700532,0,0,0
0.0110739,0,0.00710454,0,0,0
0.0112257,0,0.00720603,0,0,0
0.0113739,0,0.00730556,0,0,0
0.0115222,0,0.00740515,0,0,0
0.0116769,0,0.00750909,0,0,0
0.0118249,0,0.00760906,0,0,0
0.0119822,0,0.007715,0,0,0
0.0121317,0,0.00781644,0,0,0
0.0122795,0,0.00791671,0,0,0
0.0124272,0,0.00801707,0,0,0
0.0125749,0,0.00811756,0,0,0
0.0127224,0,0.00821819,0,0,0
0.0128699,0,0.00831894,0,0,0
0.0130173,0,0.00841982,0,0,0
0.0131823,0,0.00853235,0,0,0
0.0133292,0,0.00863402,0,0,0
0.0134829,0,0.00873964,0,0,0
0.0136442,0,0.00885064,0,0,0
0.0138036,0,0.00896101,0,0,0
0.0139755,0,0.00907964,0,0,0
0.0141671,0,0.0092119,0,0,0
0.0143153,0,0.0093172,0,0,0
0.014472,0,0.00942635,0,0,0
0.0146182,0,0.00952916,0,0,0
0.0147644,0,0.00963178,0,0,0
0.0149202,0,0.0097409,0,0,0
0.0150771,0,0.00985142,0,0,0
0.0152288,0,0.00995896,0,0,0
0.0154314,0,0.0100997,0,0,0
0.0156142,0,0.0102307,0,0,0
0.0157753,0,0.0103468,0,0,0
0.0159338,0,0.0104602,0,0,0
0.0160787,0,0.0105649,0,0,0
0.0162269,0,0.0106711,0,0,0
0.0163751,0,0.0107779,0,0,0
0.0165208,0,0.0108832,0,0,0
0.0166655,0,0.010988,0,0,0
0.0168102,0,0.011093,0,0,0
0.0169547,0,0.0111981,0,0,0
0.0170991,0,0.0113035,0,0,0
0.0172434,0,0.011409,0,0,0
0.0173876,0,0.0115146,0,0,0
0.0175316,0,0.0116205,0,0,0
0.0176755,0,0.0117265,0,0,0
0.0178201,0,0.0118333,0,0,0
0.0179638,0,0.0119398,0,0,0
0.0181073,0,0.0120464,0,0,0
0.0182507,0,0.0121532,0,0,0
0.018394,0,0.0122602,0,0,0
0.0185375,0,0.0123677,0,0,0
0.0186874,0,0.0124797,0,0,0
0.0188387,0,0.0125935,0,0,0
0.018984,0,0.0127038,0,0,0
0.0191265,0,0.012812,0,0,0
0.0192694,0,0.0129206,0,0,0
0.0194117,0,0.013029,0,0,0
0.0195619,0,0.0131431,0,0,0
0.0197089,0,0.013256,0,0,0
0.0198542,0,0.0133678,0,0,0
0.0200028,0,0.0134821,0,0,0
0.0201478,0,0.0135946,0,0,0
0.0204253,0,0.0137966,0,0,0
0.0205777,0,0.0139278,0,0,0
0.0207178,0,0.0140393,0,0,0
0.0208586,0,0.0141499,0,0,0
0.0209992,0,0.0142607,0,0,0
0.0211396,0,0.0143717,0,0,0
0.0212799,0,0.0144829,0,0,0
0.02142,0,0.0145944,0,0,0
0.0215761,0,0.014717,0,0,0
0.021715,0,0.0148302,0,0,0
0.0218547,0,0.0149424,0,0,0
0.0219941,0,0.0150547,0,0,0
0.0221334,0,0.0151673,0,0,0
0.0222725,0,0.0152802,0,0,0
0.0224115,0,0.0153933,0,0,0
0.0225502,0,0.0155066,0,0,0
0.0226888,0,0.0156201,0,0,0
0.0228298,0,0.0157356,0,0,0
0.0229679,0,0.0158499,0,0,0
0.0231417,0,0.0159889,0,0,0
0.0232774,0,0.0161066,0,0,0
0.0234151,0,0.0162214,0,0,0
0.0235526,0,0.0163365,0,0,0
0.0236899,0,0.0164518,0,0,0
0.0238381,0,0.016575,0,0,0
0.0239743,0,0.0166919,0,0,0
0.024111,0,0.0168079,0,0,0
0.0242476,0,0.0169243,0,0,0
0.024384,0,0.0170408,0,0,0
0.0245202,0,0.0171577,0,0,0
0.0246561,0,0.0172748,0,0,0
0.0247919,0,0.0173921,0,0,0
0.0249275,0,0.0175097,0,0,0
0.0250629,0,0.0176275,0,0,0
0.0251981,0,0.0177457,0,0,0
0.0253331,0,0.017864,0,0,0
0.0254679,0,0.0179827,0,0,0
0.0256025,0,0.0181016,0,0,0
0.0257369,0,0.0182207,0,0,0
0.0258711,0,0.0183402,0,0,0
0.0260051,0,0.0184599,0,0,0
0.0261388,0,0.0185799,0,0,0
0.0262724,0,0.0187001,0,0,0
0.0264058,0,0.0188206,0,0,0
0.0265389,0,0.0189414,0,0,0
0.0266718,0,0.0190625,0,0,0
0.0268046,0,0.0191838,0,0,0
0.0290141,0,0.020794,0,0,0
0.0289379,0,0.0212034,0,0,0
0.0290666,0,0.0213298,0,0,0
0.0291952,0,0.0214564,0,0,0
0.0295889,0,0.0217787,0,0,0
0.0296872,0,0.0219463,0,0,0
0.0298145,0,0.0220744,0,0,0
0.0299415,0,0.0222028,0,0,0
0.0300684,0,0.0223315,0,0,0
0.0301949,0,0.0224605,0,0,0
0.0303212,0,0.0225898,0,0,0
0.0304473,0,0.0227195,0,0,0
0.0305747,0,0.0228507,0,0,0
0.0307,0,0.0229812,0,0,0
0.0308253,0,0.0231118,0,0,0
0.0309502,0,0.0232427,0,0,0
0.0310756,0,0.0233744,0,0,0
0.0312,0,0.023506,0,0,0
0.0313241,0,0.0236379,0,0,0
0.03145,0,0.0237716,0,0,0
0.0315734,0,0.0239044,0,0,0
0.0316968,0,0.0240372,0,0,0
0.0318198,0,0.0241704,0,0,0
0.0319426,0,0.0243039,0,0,0
0.0320652,0,0.0244377,0,0,0
0.0321874,0,0.0245718,0,0,0
0.0326541,0,0.0249698,0,0,0
0.0327256,0,0.02517,0,0,0
0.0328492,0,0.0253082,0,0,0
0.0329787,0,0.0254524,0,0,0
0.0331018,0,0.0255942,0,0,0
0.0332208,0,0.0257321,0,0,0
0.0333403,0,0.0258694,0,0,0
0.0334595,0,0.026007,0,0,0
0.0335783,0,0.026145,0,0,0
0.0336969,0,0.0262833,0,0,0
0.0338152,0,0.026422,0,0,0
0.0339331,0,0.026561,0,0,0
0.0340507,0,0.0267003,0,0,0
0.0341681,0,0.02684,0,0,0
0.034286,0,0.0269807,0,0,0
0.0344025,0,0.0271213,0,0,0
0.0345189,0,0.027262,0,0,0
0.034635,0,0.0274031,0,0,0
0.0347507,0,0.0275445,0,0,0
0.0348662,0,0.0276863,0,0,0
0.03499,0,0.0278353,0,0,0
0.0351032,0,0.0279798,0,0,0
0.0352176,0,0.0281226,0,0,0
0.0353317,0,0.0282658,0,0,0
0.0354455,0,0.0284094,0,0,0
0.0355589,0,0.0285533,0,0,0
0.035672,0,0.0286976,0,0,0
0.0357848,0,0.0288422,0,0,0
0.0358972,0,0.0289872,0,0,0
0.0360093,0,0.0291325,0,0,0
0.036121,0,0.0292782,0,0,0
0.0362324,0,0.0294243,0,0,0
0.0363435,0,0.0295707,0,0,0
0.0364542,0,0.0297175,0,0,0
0.0365646,0,0.0298646,0,0,0
0.0366746,0,0.0300122,0,0,0
0.0367869,0,0.0301622,0,0,0
0.0368956,0,0.0303111,0,0,0
0.0370046,0,0.0304598,0,0,0
0.0371131,0,0.0306087,0,0,0
0.0372214,0,0.0307581,0,0,0
0.0373292,0,0.0309078,0,0,0
0.0374367,0,0.0310579,0,0,0
0.0375438,0,0.0312084,0,0,0
0.0376506,0,0.0313592,0,0,0
0.0377629,0,0.0315154,0,0,0
0.0378676,0,0.0316687,0,0,0
0.0379732,0,0.0318206,0,0,0
0.0380784,0,0.031973,0,0,0
0.0381833,0,0.0321257,0,0,0
0.0382878,0,0.0322788,0,0,0
0.0383919,0,0.0324323,0,0,0
0.0385144,0,0.0326021,0,0,0
0.0386131,0,0.0327617,0,0,0
0.038716,0,0.0329164,0,0,0
0.0388185,0,0.0330714,0,0,0
0.0389206,0,0.0332268,0,0,0
0.0390223,0,0.0333826,0,0,0
0.0391236,0,0.0335388,0,0,0
0.0392245,0,0.0336954,0,0,0
0.039325,0,0.0338524,0,0,0
0.0394251,0,0.0340097,0,0,0
0.0395248,0,0.0341674,0,0,0
0.0396241,0,0.0343255,0,0,0
0.0397229,0,0.034484,0,0,0
0.0398214,0,0.0346429,0,0,0
0.0399194,0,0.0348022,0,0,0
0.0400171,0,0.0349618,0,0,0
0.0401143,0,0.0351219,0,0,0
0.0402111,0,0.0352823,0,0,0
0.0403074,0,0.0354431,0,0,0
0.0404034,0,0.0356044,0,0,0
0.0404989,0,0.035766,0,0,0
0.040594,0,0.035928,0,0,0
0.0406886,0,0.0360904,0,0,0
0.0407828,0,0.0362531,0,0,0
0.0408766,0,0.0364163,0,0,0
0.0409791,0,0.0365881,0,0,0
0.0410693,0,0.0367551,0,0,0
0.0411617,0,0.0369195,0,0,0
0.0412537,0,0.0370843,0,0,0
0.0413452,0,0.0372495,0,0,0
0.0414363,0,0.0374151,0,0,0
0.041527,0,0.037581,0,0,0
0.0416171,0,0.0377474,0,0,0
0.0417069,0,0.0379142,0,0,0
0.0417962,0,0.0380813,0,0,0
0.041885,0,0.0382489,0,0,0
0.0419733,0,0.0384168,0,0,0
0.0420612,0,0.0385852,0,0,0
0.0421522,0,0.0387572,0,0,0
0.0422379,0,0.0389277,0,0,0
0.0423244,0,0.0390972,0,0,0
0.0424104,0,0.0392672,0,0,0
0.0424959,0,0.0394376,0,0,0
0.0425809,0,0.0396083,0,0,0
0.0426655,0,0.0397795,0,0,0
0.0427496,0,0.0399511,0,0,0
0.0428332,0,0.0401231,0,0,0
0.0429163,0,0.0402955,0,0,0
0.0429989,0,0.0404682,0,0,0
0.043081,0,0.0406414,0,0,0
0.0431626,0,0.040815,0,0,0
0.0432437,0,0.040989,0,0,0
0.0433244,0,0.0411634,0,0,0
0.0434331,0,0.0413654,0,0,0
0.0435017,0,0.0415522,0,0,0
0.0435807,0,0.0417279,0,0,0
0.0436592,0,0.0419041,0,0,0
0.0437372,0,0.0420807,0,0,0
0.0438147,0,0.0422576,0,0,0
0.0438916,0,0.0424349,0,0,0
0.0439681,0,0.0426127,0,0,0
0.044044,0,0.0427908,0,0,0
0.0441194,0,0.0429694,0,0,0
0.0441942,0,0.0431483,0,0,0
0.0442686,0,0.0433277,0,0,0
0.0443424,0,0.0435074,0,0,0
0.0444156,0,0.0436876,0,0,0
0.0444884,0,0.0438682,0,0,0
0.0445606,0,0.0440492,0,0,0
0.0446322,0,0.0442306,0,0,0
0.0447033,0,0.0444124,0,0,0
0.0447739,0,0.0445946,0,0,0
0.0448439,0,0.0447772,0,0,0
0.0449134,0,0.0449603,0,0,0
0.0449823,0,0.0451438,0,0,0
0.0450507,0,0.0453276,0,0,0
0.0451185,0,0.0455119,0,0,0
0.0451857,0,0.0456965,0,0,0
0.0452524,0,0.0458816,0,0,0
0.0453185,0,0.0460671,0,0,0
0.0453841,0,0.046253,0,0,0
0.0454491,0,0.0464393,0,0,0
0.0455135,0,0.046626,0,0,0
0.0455773,0,0.0468131,0,0,0
0.0456406,0,0.0470006,0,0,0
0.0457032,0,0.0471885,0,0,0
0.0457653,0,0.0473769,0,0,0
0.0458268,0,0.0475656,0,0,0
0.0458877,0,0.0477548,0,0,0
0.0459481,0,0.0479443,0,0,0
0.0460078,0,0.0481343,0,0,0
0.0460669,0,0.0483246,0,0,0
0.0461255,0,0.0485154,0,0,0
0.0461834,0,0.0487066,0,0,0
0.0462407,0,0.0488982,0,0,0
0.0462975,0,0.0490902,0,0,0
0.0463536,0,0.0492826,0,0,0
0.0464091,0,0.0494754,0,0,0
0.046464,0,0.0496686,0,0,0
0.0465182,0,0.0498623,0,0,0
0.0465719,0,0.0500563,0,0,0
0.0466249,0,0.0502507,0,0,0
0.0466773,0,0.0504456,0,0,0
0.0467291,0,0.0506408,0,0,0
0.0467803,0,0.0508365,0,0,0
0.0468308,0,0.0510325,0,0,0
0.0469385,0,0.0512921,0,0,0
0.0476824,0,0.0523204,0,0,0
0.0472805,0,0.0529235,0,0,0
0.0473242,0,0.0531238,0,0,0
0.0475774,0,0.053561,0,0,0
0.0474944,0,0.0538958,0,0,0
0.0475274,0,0.0541045,0,0,0
0.0475954,0,0.0543393,0,0,0
0.0476155,0,0.0545589,0,0,0
0.0476537,0,0.0547624,0,0,0
0.0476913,0,0.0549663,0,0,0
0.047729,0,0.0551716,0,0,0
0.0477646,0,0.0553768,0,0,0
0.0478,0,0.0555819,0,0,0
0.0478348,0,0.0557874,0,0,0
0.0478689,0,0.0559933,0,0,0
0.047904,0,0.0562016,0,0,0
0.0479377,0,0.0564121,0,0,0
0.0479685,0,0.0566212,0,0,0
0.0480037,0,0.0568341,0,0,0
0.048031,0,0.0570446,0,0,0
0.0480611,0,0.0572533,0,0,0
0.0480925,0,0.0574654,0,0,0
0.0481188,0,0.057676,0,0,0
0.0481464,0,0.0578854,0,0,0
0.0481733,0,0.0580952,0,0,0
0.0481994,0,0.0583054,0,0,0
0.0482247,0,0.0585159,0,0,0
0.0482511,0,0.058729,0,0,0
0.0482737,0,0.0589414,0,0,0
0.0482968,0,0.0591531,0,0,0
0.0483192,0,0.0593652,0,0,0
0.0483409,0,0.0595777,0,0,0
0.0483618,0,0.0597905,0,0,0
0.048382,0,0.0600037,0,0,0
0.0484014,0,0.0602173,0,0,0
0.04842,0,0.0604313,0,0,0
0.0484445,0,0.0606539,0,0,0
0.048456,0,0.0608732,0,0,0
0.0484723,0,0.0610883,0,0,0
0.0484893,0,0.0613056,0,0,0
0.0485028,0,0.0615224,0,0,0
0.0485167,0,0.0617387,0,0,0
0.0485299,0,0.0619552,0,0,0
0.0485423,0,0.0621722,0,0,0
0.048554,0,0.0623895,0,0,0
0.0485648,0,0.0626072,0,0,0
0.0485748,0,0.0628252,0,0,0
0.0485841,0,0.0630436,0,0,0
0.0485925,0,0.0632624,0,0,0
0.0486002,0,0.0634815,0,0,0
0.048607,0,0.063701,0,0,0
0.0486131,0,0.0639208,0,0,0
0.0486261,0,0.0641513,0,0,0
0.048623,0,0.0643776,0,0,0
0.0486266,0,0.0645985,0,0,0
0.0486293,0,0.0648198,0,0,0
0.0486312,0,0.0650414,0,0,0
0.0486323,0,0.0652634,0,0,0
0.0486326,0,0.0654857,0,0,0
0.048632,0,0.0657084,0,0,0
0.0486306,0,0.0659314,0,0,0
0.0486284,0,0.0661548,0,0,0
0.0486253,0,0.0663785,0,0,0
0.0486216,0,0.0666028,0,0,0
0.0486169,0,0.0668277,0,0,0
0.048611,0,0.0670526,0,0,0
0.0486045,0,0.0672777,0,0,0
0.0485972,0,0.0675031,0,0,0
0.0485891,0,0.0677288,0,0,0
0.04858,0,0.0679549,0,0,0
0.0485701,0,0.0681813,0,0,0
0.0485594,0,0.068408,0,0,0
0.0485478,0,0.068635,0,0,0
0.0485353,0,0.0688624,0,0,0
0.0485219,0,0.0690901,0,0,0
0.0485077,0,0.0693181,0,0,0
0.0484925,0,0.0695465,0,0,0
0.0484765,0,0.0697752,0,0,0
0.0484596,0,0.0700041,0,0,0
0.0484419,0,0.0702334,0,0,0
0.0484232,0,0.0704631,0,0,0
0.0484036,0,0.070693,0,0,0
0.0483832,0,0.0709232,0,0,0
0.0483618,0,0.0711538,0,0,0
0.0483395,0,0.0713846,0,0,0
0.0483164,0,0.0716158,0,0,0
0.0482923,0,0.0718472,0,0,0
0.0482673,0,0.072079,0,0,0
0.0482414,0,0.0723111,0,0,0
0.0482154,0,0.0725447,0,0,0
0.0481865,0,0.0727781,0,0,0
0.0481578,0,0.073011,0,0,0
0.0481282,0,0.0732443,0,0,0
0.0480977,0,0.0734778,0,0,0
0.0480662,0,0.0737117,0,0,0
0.0480338,0,0.0739458,0,0,0
0.0480004,0,0.0741802,0,0,0
0.0479661,0,0.0744149,0,0,0
0.0479309,0,0.0746498,0,0,0
0.0478947,0,0.0748851,0,0,0
0.0478575,0,0.0751206,0,0,0
0.0478194,0,0.0753564,0,0,0
0.047785,0,0.0755998,0,0,0
0.047742,0,0.0758461,0,0,0
0.0476958,0,0.076086,0,0,0
0.0476537,0,0.0763229,0,0,0
0.0476107,0,0.07656,0,0,0
0.0475668,0,0.0767974,0,0,0
0.0475218,0,0.0770351,0,0,0
0.0474759,0,0.0772731,0,0,0
0.047429,0,0.0775112,0,0,0
0.0473811,0,0.0777497,0,0,0
0.0473322,0,0.0779884,0,0,0
0.0472823,0,0.0782273,0,0,0
0.0472314,0,0.0784665,0,0,0
0.0471795,0,0.0787059,0,0,0
0.0471267,0,0.0789456,0,0,0
0.0470728,0,0.0791855,0,0,0
0.0470179,0,0.0794257,0,0,0
0.046962,0,0.079666,0,0,0
0.0469051,0,0.0799067,0,0,0
0.0468472,0,0.0801475,0,0,0
0.0467883,0,0.0803886,0,0,0
0.0467283,0,0.0806298,0,0,0
0.0466673,0,0.0808714,0,0,0
0.0466053,0,0.0811131,0,0,0
0.0465423,0,0.081355,0,0,0
0.0464782,0,0.0815972,0,0,0
0.0464144,0,0.0818419,0,0,0
0.0463492,0,0.0820915,0,0,0
0.0463042,0,0.0823873,0,0,0
0.0461994,0,0.0826825,0,0,0
0.0461234,0,0.0829721,0,0,0
0.0460215,0,0.0832376,0,0,0
0.0459476,0,0.0834874,0,0,0
0.0458704,0,0.0837335,0,0,0
0.045796,0,0.0839776,0,0,0
0.0457206,0,0.0842219,0,0,0
0.0456452,0,0.0844684,0,0,0
0.0455656,0,0.0847142,0,0,0
0.0454869,0,0.084959,0,0,0
0.0454072,0,0.085204,0,0,0
0.0453264,0,0.0854491,0,0,0
0.0452445,0,0.0856945,0,0,0
0.0451616,0,0.08594,0,0,0
0.0450775,0,0.0861856,0,0,0
0.0449924,0,0.0864314,0,0,0
0.0449061,0,0.0866774,0,0,0
0.0448188,0,0.0869235,0,0,0
0.0447304,0,0.0871698,0,0,0
0.0446408,0,0.0874162,0,0,0
0.0445502,0,0.0876627,0,0,0
0.0444595,0,0.0879116,0,0,0
0.0443643,0,0.0881596,0,0,0
0.0442703,0,0.0884066,0,0,0
0.0441751,0,0.0886537,0,0,0
0.0440789,0,0.0889009,0,0,0
0.0439815,0,0.0891482,0,0,0
0.043883,0,0.0893957,0,0,0
0.0437834,0,0.0896432,0,0,0
0.0436827,0,0.0898909,0,0,0
0.0435808,0,0.0901387,0,0,0
0.0434777,0,0.0903866,0,0,0
0.0433736,0,0.0906346,0,0,0
0.0432682,0,0.0908827,0,0,0
0.0431618,0,0.0911309,0,0,0
0.0430542,0,0.0913792,0,0,0
0.0429454,0,0.0916276,0,0,0
0.0428355,0,0.0918761,0,0,0
0.0427244,0,0.0921246,0,0,0
0.0426122,0,0.0923732,0,0,0
0.0424987,0,0.092622,0,0,0
0.0423842,0,0.0928707,0,0,0
0.0422684,0,0.0931196,0,0,0
0.0421515,0,0.0933685,0,0,0
0.0420334,0,0.0936174,0,0,0
0.0419142,0,0.0938665,0,0,0
0.041795,0,0.0941185,0,0,0
0.0416699,0,0.0943692,0,0,0
0.0415478,0,0.0946204,0,0,0
0.0414214,0,0.0948706,0,0,0
0.0412962,0,0.0951199,0,0,0
0.0411698,0,0.0953692,0,0,0
0.0410422,0,0.0956185,0,0,0
0.0409133,0,0.0958678,0,0,0
0.0407833,0,0.0961172,0,0,0
0.0406521,0,0.0963666,0,0,0
0.0405196,0,0.096616,0,0,0
0.0403859,0,0.0968654,0,0,0
0.0402511,0,0.0971148,0,0,0
0.040115,0,0.0973642,0,0,0
0.0399777,0,0.0976136,0,0,0
0.0398392,0,0.097863,0,0,0
0.0396994,0,0.0981124,0,0,0
0.0395584,0,0.0983618,0,0,0
0.0394162,0,0.0986112,0,0,0
0.0392728,0,0.0988605,0,0,0
0.0391281,0,0.0991099,0,0,0
0.0389822,0,0.0993592,0,0,0
0.038835,0,0.0996084,0,0,0
0.0386866,0,0.0998576,0,0,0
0.038537,0,0.100107,0,0,0
0.0383861,0,0.100356,0,0,0
0.0382339,0,0.100605,0,0,0
0.0380805,0,0.100854,0,0,0
0.0379259,0,0.101103,0,0,0
0.03777,0,0.101352,0,0,0
0.0376128,0,0.101601,0,0,0
0.0374544,0,0.10185,0,0,0
0.0372947,0,0.102098,0,0,0
0.0371337,0,0.102347,0,0,0
0.0369715,0,0.102595,0,0,0
0.036808,0,0.102844,0,0,0
0.0366432,0,0.103092,0,0,0
0.0364771,0,0.10334,0,0,0
0.0363098,0,0.103588,0,0,0
0.0361411,0,0.103836,0,0,0
0.0359712,0,0.104084,0,0,0
0.0358,0,0.104332,0,0,0
0.0356275,0,0.10458,0,0,0
0.0354537,0,0.104827,0,0,0
0.0352787,0,0.105075,0,0,0
0.0351023,0,0.105322,0,0,0
0.0349246,0,0.105569,0,0,0
0.0347456,0,0.105816,0,0,0
0.0345654,0,0.106063,0,0,0
0.0343838,0,0.10631,0,0,0
0.0342033,0,0.106564,0,0,0
0.0340083,0,0.106814,0,0,0
0.0338228,0,0.10706,0,0,0
0.0336359,0,0.107306,0,0,0
0.0334476,0,0.107551,0,0,0
0.0332581,0,0.107797,0,0,0
0.0330673,0,0.108043,0,0,0
0.0328751,0,0.108288,0,0,0
0.0326816,0,0.108533,0,0,0
0.0324867,0,0.108778,0,0,0
0.0322906,0,0.109022,0,0,0
0.0320931,0,0.109267,0,0,0
0.0318942,0,0.109511,0,0,0
0.0316941,0,0.109755,0,0,0
0.0314925,0,0.109998,0,0,0
0.0312899,0,0.110243,0,0,0
0.0310845,0,0.110486,0,0,0
0.0308789,0,0.110729,0,0,0
0.030672,0,0.110972,0,0,0
0.0304638,0,0.111215,0,0,0
0.0302542,0,0.111457,0,0,0
0.0300433,0,0.111699,0,0,0
0.0298309,0,0.11194,0,0,0
0.0296173,0,0.112182,0,0,0
0.0294023,0,0.112423,0,0,0
0.0291859,0,0.112664,0,0,0
0.0289687,0,0.112906,0,0,0
0.0287463,0,0.113147,0,0,0
0.0285258,0,0.113387,0,0,0
0.0283039,0,0.113627,0,0,0
0.0280807,0,0.113866,0,0,0
0.0278561,0,0.114105,0,0,0
0.0276309,0,0.114347,0,0,0
0.0273985,0,0.114586,0,0,0
0.0271697,0,0.114824,0,0,0
0.0269396,0,0.115062,0,0,0
0.0267081,0,0.115299,0,0,0
0.0264752,0,0.115536,0,0,0
0.0262409,0,0.115772,0,0,0
0.0260052,0,0.116009,0,0,0
0.0257681,0,0.116244,0,0,0
0.0255297,0,0.11648,0,0,0
0.0252898,0,0.116715,0,0,0
0.0250486,0,0.116949,0,0,0
0.024806,0,0.117184,0,0,0
0.0245619,0,0.117417,0,0,0
0.0243165,0,0.117651,0,0,0
0.0240708,0,0.117889,0,0,0
0.0238145,0,0.11813,0,0,0
0.0235552,0,0.118367,0,0,0
0.0233003,0,0.118599,0,0,0
0.0230477,0,0.11883,0,0,0
0.0227938,0,0.119061,0,0,0
0.0225384,0,0.119291,0,0,0
0.0222816,0,0.119521,0,0,0
0.0220235,0,0.11975,0,0,0
0.0217639,0,0.119979,0,0,0
0.0215028,0,0.120208,0,0,0
0.0212404,0,0.120436,0,0,0
0.0209766,0,0.120663,0,0,0
0.0207113,0,0.12089,0,0,0
0.0204447,0,0.121117,0,0,0
0.0201765,0,0.121343,0,0,0
0.019907,0,0.121568,0,0,0
0.0196361,0,0.121793,0,0,0
0.0193637,0,0.122017,0,0,0
0.0190899,0,0.122241,0,0,0
0.0188147,0,0.122464,0,0,0
0.0185381,0,0.122687,0,0,0
0.01826,0,0.122909,0,0,0
0.0179805,0,0.123131,0,0,0
0.0176996,0,0.123352,0,0,0
0.0174173,0,0.123572,0,0,0
0.0171335,0,0.123792,0,0,0
0.0168483,0,0.124012,0,0,0
0.0165616,0,0.12423,0,0,0
0.0162742,0,0.124454,0,0,0
0.0159782,0,0.124693,0,0,0
0.0156559,0,0.124958,0,0,0
0.015286,0,0.125189,0,0,0
0.0149847,0,0.125422,0,0,0
0.0146638,0,0.125685,0,0,0
0.0142889,0,0.125923,0,0,0
0.0139628,0,0.126139,0,0,0
0.013662,0,0.126351,0,0,0
0.0133598,0,0.126563,0,0,0
0.0130561,0,0.126774,0,0,0
0.012751,0,0.126985,0,0,0
0.0124444,0,0.127195,0,0,0
0.0121364,0,0.127404,0,0,0
0.011827,0,0.127612,0,0,0
0.0115161,0,0.12782,0,0,0
0.0112038,0,0.128027,0,0,0
0.01089,0,0.128233,0,0,0
0.0105748,0,0.128439,0,0,0
0.0102581,0,0.128643,0,0,0
0.00994003,0,0.128847,0,0,0
0.00962048,0,0.129051,0,0,0
0.00929948,0,0.129253,0,0,0
0.00897704,0,0.129455,0,0,0
0.00865315,0,0.129656,0,0,0
0.00832782,0,0.129856,0,0,0
0.00800104,0,0.130056,0,0,0
0.00767282,0,0.130254,0,0,0
0.00734315,0,0.130452,0,0,0
0.00701203,0,0.130649,0,0,0
0.00667943,0,0.130845,0,0,0
0.00634543,0,0.131041,0,0,0
0.00600997,0,0.131235,0,0,0
0.00567307,0,0.131429,0,0,0
0.00533472,0,0.131622,0,0,0
0.00499493,0,0.131814,0,0,0
0.00465369,0,0.132005,0,0,0
0.00431101,0,0.132195,0,0,0
0.00396688,0,0.132385,0,0,0
0.00362131,0,0.132573,0,0,0
0.00327429,0,0.132761,0,0,0
0.00292583,0,0.132947,0,0,0
0.00257592,0,0.133133,0,0,0
0.00222458,0,0.133318,0,0,0
0.00187179,0,0.133502,0,0,0
0.00151755,0,0.133685,0,0,0
0.00116188,0,0.133867,0,0,0
0.000804764,0,0.134048,0,0,0
0.000446209,0,0.134229,0,0,0
8.62132e-05,0,0.134408,0,0,0
-0.000275221,0,0.134586,0,0,0
-0.000638094,0,0.134763,0,0,0
-0.0010024,0,0.13494,0,0,0
-0.00136815,0,0.135115,0,0,0
-0.00173534,0,0.135289,0,0,0
-0.00210396,0,0.135463,0,0,0
-0.00247401,0,0.135635,0,0,0
-0.0028455,0,0.135806,0,0,0
-0.00321842,0,0.135977,0,0,0
-0.00359277,0,0.136146,0,0,0
-0.00396855,0,0.136314,0,0,0
-0.00434576,0,0.136481,0,0,0
-0.0047244,0,0.136647,0,0,0
-0.00510447,0,0.136812,0,0,0
-0.00548596,0,0.136976,0,0,0
-0.00586888,0,0.137139,0,0,0
-0.00625322,0,0.137301,0,0,0
-0.00663898,0,0.137461,0,0,0
-0.00702617,0,0.137621,0,0,0
-0.00741477,0,0.137779,0,0,0
-0.0078048,0,0.137937,0,0,0
-0.00819624,0,0.138093,0,0,0
-0.00858909,0,0.138248,0,0,0
-0.00898336,0,0.138402,0,0,0
-0.00937904,0,0.138554,0,0,0
-0.00977614,0,0.138706,0,0,0
-0.0101746,0,0.138856,0,0,0
-0.0105745,0,0.139005,0,0,0
-0.0109759,0,0.139153,0,0,0
-0.0113786,0,0.1393,0,0,0
-0.0117827,0,0.139446,0,0,0
-0.0121882,0,0.13959,0,0,0
-0.0125951,0,0.139733,0,0,0
-0.0130035,0,0.139875,0,0,0
-0.0134132,0,0.140016,0,0,0
-0.0138243,0,0.140155,0,0,0
-0.0142368,0,0.140293,0,0,0
-0.0146507,0,0.14043,0,0,0
-0.0150659,0,0.140566,0,0,0
-0.0154826,0,0.1407,0,0,0
-0.0159006,0,0.140833,0,0,0
-0.01632,0,0.140965,0,0,0
-0.0167408,0,0.141095,0,0,0
-0.017163,0,0.141224,0,0,0
-0.0175865,0,0.141352,0,0,0
-0.0180115,0,0.141479,0,0,0
-0.0184377,0,0.141604,0,0,0
-0.0188654,0,0.141728,0,0,0
-0.0192944,0,0.14185,0,0,0
-0.0197248,0,0.141971,0,0,0
-0.0201565,0,0.142091,0,0,0
-0.0205896,0,0.142209,0,0,0
-0.021024,0,0.142326,0,0,0
-0.0214598,0,0.142441,0,0,0
-0.0218969,0,0.142556,0,0,0
-0.0223354,0,0.142668,0,0,0
-0.0227752,0,0.142779,0,0,0
-0.0232164,0,0.142889,0,0,0
-0.0236589,0,0.142998,0,0,0
-0.0241027,0,0.143105,0,0,0
-0.0245479,0,0.14321,0,0,0
-0.0249943,0,0.143314,0,0,0
-0.0254421,0,0.143417,0,0,0
-0.0258913,0,0.143518,0,0,0
-0.0263417,0,0.143617,0,0,0
-0.0267934,0,0.143715,0,0,0
-0.0272465,0,0.143812,0,0,0
-0.0277009,0,0.143907,0,0,0
-0.0281565,0,0.144,0,0,0
-0.0286135,0,0.144092,0,0,0
-0.0290718,0,0.144182,0,0,0
-0.0295313,0,0.144271,0,0,0
-0.0299922,0,0.144358,0,0,0
-0.0304543,0,0.144444,0,0,0
-0.0309177,0,0.144528,0,0,0
-0.0313824,0,0.144611,0,0,0
-0.0318484,0,0.144692,0,0,0
-0.0323156,0,0.144771,0,0,0
-0.0327841,0,0.144849,0,0,0
-0.0332539,0,0.144925,0,0,0
-0.0337249,0,0.144999,0,0,0
-0.0341972,0,0.145072,0,0,0
-0.0346707,0,0.145143,0,0,0
-0.0351455,0,0.145212,0,0,0
-0.0356216,0,0.145281,0,0,0
-0.0361007,0,0.145347,0,0,0
-0.0365792,0,0.145411,0,0,0
-0.0370589,0,0.145474,0,0,0
-0.0375398,0,0.145535,0,0,0
-0.038022,0,0.145594,0,0,0
-0.0385053,0,0.145652,0,0,0
-0.0389899,0,0.145708,0,0,0
-0.0394757,0,0.145762,0,0,0
-0.0399627,0,0.145814,0,0,0
-0.0404509,0,0.145865,0,0,0
-0.0409402,0,0.145914,0,0,0
-0.0414308,0,0.145961,0,0,0
-0.0419225,0,0.146006,0,0,0
-0.0424155,0,0.146049,0,0,0
-0.0429096,0,0.146091,0,0,0
-0.0434048,0,0.146131,0,0,0
-0.0439043,0,0.146179,0,0,0
-0.0444286,0,0.146207,0,0,0
-0.0449274,0,0.146242,0,0,0
-0.0454273,0,0.146274,0,0,0
-0.0459284,0,0.146305,0,0,0
-0.0464306,0,0.146333,0,0,0
-0.046934,0,0.14636,0,0,0
-0.0474385,0,0.146385,0,0,0
-0.0479441,0,0.146408,0,0,0
-0.0484508,0,0.146429,0,0,0
-0.0489586,0,0.146449,0,0,0
-0.0494675,0,0.146466,0,0,0
-0.0499775,0,0.146481,0,0,0
-0.0504886,0,0.146495,0,0,0
-0.0510008,0,0.146506,0,0,0
-0.051514,0,0.146516,0,0,0
-0.0520284,0,0.146524,0,0,0
-0.0525438,0,0.146529,0,0,0
-0.0530602,0,0.146533,0,0,0
-0.0535777,0,0.146535,0,0,0
-0.0540963,0,0.146534,0,0,0
-0.0546159,0,0.146532,0,0,0
-0.0551365,0,0.146528,0,0,0
-0.0556582,0,0.146521,0,0,0
-0.0561809,0,0.146513,0,0,0
-0.0567046,0,0.146502,0,0,0
-0.0572293,0,0.14649,0,0,0
-0.0577551,0,0.146475,0,0,0
-0.0582818,0,0.146459,0,0,0
-0.0588095,0,0.14644,0,0,0
-0.0593382,0,0.146419,0,0,0
-0.0598678,0,0.146397,0,0,0
-0.0603985,0,0.146372,0,0,0
-0.0609301,0,0.146344,0,0,0
-0.0614626,0,0.146315,0,0,0
-0.0619961,0,0.146284,0,0,0
-0.0625306,0,0.14625,0,0,0
-0.0630659,0,0.146215,0,0,0
-0.0636022,0,0.146177,0,0,0
-0.0641395,0,0.146137,0,0,0
-0.0646776,0,0.146095,0,0,0
-0.0652166,0,0.146051,0,0,0
-0.0657566,0,0.146004,0,0,0
-0.0662974,0,0.145956,0,0,0
-0.0668391,0,0.145905,0,0,0
-0.0673817,0,0.145852,0,0,0
-0.0679252,0,0.145796,0,0,0
-0.0684695,0,0.145739,0,0,0
-0.0690146,0,0.145679,0,0,0
-0.0695606,0,0.145617,0,0,0
-0.0701075,0,0.145553,0,0,0
-0.0706552,0,0.145486,0,0,0
-0.0712036,0,0.145417,0,0,0
-0.0717529,0,0.145346,0,0,0
-0.0723031,0,0.145273,0,0,0
-0.072854,0,0.145197,0,0,0
-0.0734056,0,0.145119,0,0,0
-0.0739581,0,0.145039,0,0,0
-0.0745113,0,0.144956,0,0,0
-0.0750653,0,0.144871,0,0,0
-0.0756201,0,0.144784,0,0,0
-0.0761756,0,0.144694,0,0,0
-0.0767318,0,0.144602,0,0,0
-0.0772888,0,0.144508,0,0,0
-0.0778465,0,0.144411,0,0,0
-0.0784048,0,0.144312,0,0,0
-0.0789639,0,0.14421,0,0,0
-0.0795237,0,0.144106,0,0,0
-0.0800842,0,0.144,0,0,0
-0.0806453,0,0.143891,0,0,0
-0.0812071,0,0.14378,0,0,0
-0.0817696,0,0.143666,0,0,0
-0.0823327,0,0.14355,0,0,0
-0.0828964,0,0.143431,0,0,0
-0.0834608,0,0.14331,0,0,0
-0.0840257,0,0.143187,0,0,0
-0.0845913,0,0.143061,0,0,0
-0.0851575,0,0.142932,0,0,0
-0.0857243,0,0.142801,0,0,0
-0.0862917,0,0.142668,0,0,0
-0.0868596,0,0.142532,0,0,0
-0.0874281,0,0.142394,0,0,0
-0.0879971,0,0.142253,0,0,0
-0.0885667,0,0.142109,0,0,0
-0.0891368,0,0.141963,0,0,0
-0.0892757,0,0.142087,0,0,0
-0.0893707,0,0.142238,0,0,0
-0.0894657,0,0.142389,0,0,0
-0.0895607,0,0.14254,0,0,0
-0.0896557,0,0.142691,0,0,0
-0.0897506,0,0.142843,0,0,0
-0.0898456,0,0.142994,0,0,0
-0.0899406,0,0.143145,0,0,0
-0.0900356,0,0.143296,0,0,0
-0.0901306,0,0.143447,0,0,0
-0.0902256,0,0.143598,0,0,0
-0.0903206,0,0.14375,0,0,0
-0.0904155,0,0.143901,0,0,0
-0.0905105,0,0.144052,0,0,0
-0.0906055,0,0.144203,0,0,0
-0.0907005,0,0.144354,0,0,0
-0.0907955,0,0.144505,0,0,0
-0.0908905,0,0.144657,0,0,0
-0.0909855,0,0.144808,0,0,0
-0.0910804,0,0.144959,0,0,0
-0.0911754,0,0.14511,0,0,0
-0.0912704,0,0.145261,0,0,0
-0.0913654,0,0.145413,0,0,0
-0.0914604,0,0.145564,0,0,0
-0.0915554,0,0.145715,0,0,0
-0.0916504,0,0.145866,0,0,0
-0.0917453,0,0.146017,0,0,0
-0.0918403,0,0.146168,0,0,0
-0.0919353,0,0.14632,0,0,0
-0.0920303,0,0.146471,0,0,0
-0.0921253,0,0.146622,0,0,0
-0.0922203,0,0.146773,0,0,0
-0.0923155,0,0.146925,0,0,0
-0.0924105,0,0.147076,0,0,0
-0.0925054,0,0.147227,0,0,0
-0.0926004,0,0.147378,0,0,0
-0.0926954,0,0.147529,0,0,0
-0.0927904,0,0.14768,0,0,0
-0.0928854,0,0.147832,0,0,0
-0.0929804,0,0.147983,0,0,0
-0.0930753,0,0.148134,0,0,0
-0.0931703,0,0.148285,0,0,0
-0.0932653,0,0.148436,0,0,0
-0.0933603,0,0.148588,0,0,0
-0.0934553,0,0.148739,0,0,0
-0.0935503,0,0.14889,0,0,0
-0.0936453,0,0.149041,0,0,0
-0.0937402,0,0.149192,0,0,0
-0.0938352,0,0.149343,0,0,0
-0.0939302,0,0.149495,0,0,0
-0.0940252,0,0.149646,0,0,0
-0.0941202,0,0.149797,0,0,0
-0.0942152,0,0.149948,0,0,0
-0.0943102,0,0.150099,0,0,0
-0.0944051,0,0.15025,0,0,0
-0.0945001,0,0.150402,0,0,0
-0.0945951,0,0.150553,0,0,0
-0.0946901,0,0.150704,0,0,0
-0.0947851,0,0.150855,0,0,0
-0.0948801,0,0.151006,0,0,0
-0.0949751,0,0.151157,0,0,0
-0.0949852,0,0.151174,0,0,0
-0.0949852,0,0.151174,0,0,0
-0.0949852,0,0.151174,0,0,0
-0.0949852,0,0.151174,0,0,0
-0.0949852,0,0.151174,0,0,0
-0.0949852,0,0.151174,0,0,0
-0.0949852,0,0.151174,0,0,0
-0.0949852,0,0.151174,0,0,0
-0.0949852,0,0.151174,0,0,0
-0.0949852,0,0.151174,0,0,0
-0.0949852,0,0.151174,0,0,0
-0.0949852,0,0.151174,0,0,0
-0.0949852,0,0.151174,0,0,0
-0.0949852,0,0.151174,0,0,0
-0.0949852,0,0.151174,0,0,0
-0.0949852,0,0.151174,0,0,0
-0.0949852,0,0.151174,0,0,0
-0.0949852,0,0.151174,0,0,0
-0.0949852,0,0.151174,0,0,0
-0.0949852,0,0.151174,0,0,0
-0.0949852,0,0.151174,0,0,0
-0.0949852,0,0.151174,0,0,0
-0.0949852,0,0.151174,0,0,0
-0.0949852,0,0.151174,0,0,0
-0.0949852,0,0.151174,0,0,0
-0.0949852,0,0.151174,0,0,0
-0.0949852,0,0.151174,0,0,0
-0.0949852,0,0.151174,0,0,0
-0.0949852,0,0.151174,0,0,0
-0.0949852,0,0.151174,0,0,0
-0.0949852,0,0.151174,0,0,0
-0.0949852,0,0.151174,0,0,0
-0.0949852,0,0.151174,0,0,0
-0.0949852,0,0.151174,0,0,0
-0.0949852,0,0.151174,0,0,0
-0.0949852,0,0.151174,0,0,0
-0.0949852,0,0.151174,0,0,0
-0.0949852,0,0.151174,0,0,0
-0.0949852,0,0.151174,0,0,0
-0.0949852,0,0.151174,0,0,0
-0.0949852,0,0.151174,0,0,0
-0.0949852,0,0.151174,0,0,0
-0.0949852,0,0.151174,0,0,0
-0.0949852,0,0.151174,0,0,0
-0.0949852,0,0.151174,0,0,0
-0.0949852,0,0.151174,0,0,0
-0.0949852,0,0.151174,0,0,0
-0.0949852,0,0.151174,0,0,0
-0.0949852,0,0.151174,0,0,0
-0.0949852,0,0.151174,0,0,0
-0.0949852,0,0.151174,0,0,0
-0.0949852,0,0.151174,0,0,0
-0.0949852,0,0.151174,0,0,0
-0.0949852,0,0.151174,0,0,0
-0.0949852,0,0.151174,0,0,0
-0.0949852,0,0.151174,0,0,0
-0.0949852,0,0.151174,0,0,0
-0.0949852,0,0.151174,0,0,0
-0.0949852,0,0.151174,0,0,0
-0.0949852,0,0.151174,0,0,0
-0.0949852,0,0.151174,0,0,0
-0.0949852,0,0.151174,0,0,0
-0.0949852,0,0.151174,0,0,0
-0.0949852,0,0.151174,0,0,0
-0.0949852,0,0.151174,0,0,0
-0.0949852,0,0.151174,0,0,0
-0.0949852,0,0.151174,0,0,0
-0.0949852,0,0.151174,0,0,0
-0.0949852,0,0.151174,0,0,0
-0.0949852,0,0.151174,0,0,0
-0.0949852,0,0.151174,0,0,0
-0.0949852,0,0.151174,0,0,0
-0.0949852,0,0.151174,0,0,0
-0.0949852,0,0.151174,0,0,0
-0.0949852,0,0.151174,0,0,0
-0.0949852,0,0.151174,0,0,0
-0.0949852,0,0.151174,0,0,0
-0.0949852,0,0.151174,0,0,0
-0.0949852,0,0.151174,0,0,0
-0.0949852,0,0.151174,0,0,0
-0.0949852,0,0.151174,0,0,0
-0.0949852,0,0.151174,0,0,0
-0.0949852,0,0.151174,0,0,0
-0.0949852,0,0.151174,0,0,0
-0.0949852,0,0.151174,0,0,0
-0.0949852,0,0.151174,0,0,0
-0.0949852,0,0.151174,0,0,0
-0.0949852,0,0.151174,0,0,0
-0.0949852,0,0.151174,0,0,0
-0.0949852,0,0.151174,0,0,0
-0.0949852,0,0.151174,0,0,0
-0.0949852,0,0.151174,0,0,0
-0.0949852,0,0.151174,0,0,0
-0.0949852,0,0.151174,0,0,0
-0.0949852,0,0.151174,0,0,0
-0.0949852,0,0.151174,0,0,0
-0.0949852,0,0.151174,0,0,0
-0.0949852,0,0.151174,0,0,0
-0.0949852,0,0.151174,0,0,0
-0.0949852,0,0.151174,0,0,0
-0.0949852,0,0.151174,0,0,0
-0.0949852,0,0.151174,0,0,0
-0.0949852,0,0.151174,0,0,0
-0.0949852,0,0.151174,0,0,0
-0.0949852,0,0.151174,0,0,0
-0.0949852,0,0.151174,0,0,0
-0.0949852,0,0.151174,0,0,0
-0.0949852,0,0.151174,0,0,0
-0.0949852,0,0.151174,0,0,0
-0.0949852,0,0.151174,0,0,0
-0.0949852,0,0.151174,0,0,0
-0.0949852,0,0.151174,0,0,0
-0.0949852,0,0.151174,0,0,0
-0.0949852,0,0.151174,0,0,0
-0.0949852,0,0.151174,0,0,0
-0.0949852,0,0.151174,0,0,0
-0.0949852,0,0.151174,0,0,0
-0.0949852,0,0.151174,0,0,0
-0.0949852,0,0.151174,0,0,0
-0.0949852,0,0.151174,0,0,0
-0.0949852,0,0.151174,0,0,0
-0.0949852,0,0.151174,0,0,0
-0.0949852,0,0.151174,0,0,0
-0.0949852,0,0.151174,0,0,0
-0.0949852,0,0.151174,0,0,0
-0.0949852,0,0.151174,0,0,0
-0.0949852,0,0.151174,0,0,0
-0.0949852,0,0.151174,0,0,0
-0.0949852,0,0.151174,0,0,0
-0.0949852,0,0.151174,0,0,0
-0.0949852,0,0.151174,0,0,0
-0.0949852,0,0.151174,0,0,0
-0.0949852,0,0.151174,0,0,0
-0.0949852,0,0.151174,0,0,0
-0.0949852,0,0.151174,0,0,0
-0.0949852,0,0.151174,0,0,0
-0.0949852,0,0.151174,0,0,0
-0.0949852,0,0.151174,0,0,0
-0.0949852,0,0.151174,0,0,0
-0.0949852,0,0.151174,0,0,0
-0.0949852,0,0.151174,0,0,0
-0.0949852,0,0.151174,0,0,0
-0.0949852,0,0.151174,0,0,0
-0.0949852,0,0.151174,0,0,0
-0.0949852,0,0.151174,0,0,0
-0.0949852,0,0.151174,0,0,0
-0.0949852,0,0.151174,0,0,0
-0.0949852,0,0.151174,0,0,0
-0.0949852,0,0.151174,0,0,0
-0.0949852,0,0.151174,0,0,0
-0.0949852,0,0.151174,0,0,0
-0.0949852,0,0.151174,0,0,0
-0.0949852,0,0.151174,0,0,0
-0.0949852,0,0.151174,0,0,0
-0.0949852,0,0.151174,0,0,0
-0.0949852,0,0.151174,0,0,0
-0.0949852,0,0.151174,0,0,0
-0.0949852,0,0.151174,0,0,0
-0.0949852,0,0.151174,0,0,0
-0.0949852,0,0.151174,0,0,0
-0.0949852,0,0.151174,0,0,0
-0.0949852,0,0.151174,0,0,0
-0.0949852,0,0.151174,0,0,0
-0.0949852,0,0.151174,0,0,0
-0.0949852,0,0.151174,0,0,0
-0.0949852,0,0.151174,0,0,0
-0.0949852,0,0.151174,0,0,0
-0.0949852,0,0.151174,0,0,0
-0.0949852,0,0.151174,0,0,0
-0.0949852,0,0.151174,0,0,0
-0.0949852,0,0.151174,0,0,0
-0.0949852,0,0.151174,0,0,0
-0.0949852,0,0.151174,0,0,0
-0.0949852,0,0.151174,0,0,0
-0.0949852,0,0.151174,0,0,0
-0.0949852,0,0.151174,0,0,0
-0.0949852,0,0.151174,0,0,0
-0.0949852,0,0.151174,0,0,0
-0.0949852,0,0.151174,0,0,0
-0.0949852,0,0.151174,0,0,0
-0.0949852,0,0.151174,0,0,0
-0.0949852,0,0.151174,0,0,0
-0.0949852,0,0.151174,0,0,0
-0.0949852,0,0.151174,0,0,0
-0.0949852,0,0.151174,0,0,0
-0.0949852,0,0.151174,0,0,0
-0.0949852,0,0.151174,0,0,0
-0.0949852,0,0.151174,0,0,0
-0.0949852,0,0.151174,0,0,0
-0.0949852,0,0.151174,0,0,0
-0.0949852,0,0.151174,0,0,0
-0.0949852,0,0.151174,0,0,0
-0.0949852,0,0.151174,0,0,0
-0.0949852,0,0.151174,0,0,0
-0.0949852,0,0.151174,0,0,0
-0.0949852,0,0.151174,0,0,0
-0.0949852,0,0.151174,0,0,0
-0.0949852,0,0.151174,0,0,0
-0.0949852,0,0.151174,0,0,0
-0.0949852,0,0.151174,0,0,0
-0.0949852,0,0.151174,0,0,0
-0.0949852,0,0.151174,0,0,0
-0.0949852,0,0.151174,0,0,0
-0.0949852,0,0.151174,0,0,0
-0.0949852,0,0.151174,0,0,0
-0.0949852,0,0.151174,0,0,0
-0.0949852,0,0.151174,0,0,0
-0.0949852,0,0.151174,0,0,0
-0.0949852,0,0.151174,0,0,0
-0.0949852,0,0.151174,0,0,0
-0.0949852,0,0.151174,0,0,0
-0.0949852,0,0.151174,0,0,0
-0.0949852,0,0.151174,0,0,0
-0.0949852,0,0.151174,0,0,0
-0.0949852,0,0.151174,0,0,0
-0.0949852,0,0.151174,0,0,0
-0.0949852,0,0.151174,0,0,0
-0.0949852,0,0.151174,0,0,0
-0.0949852,0,0.151174,0,0,0
-0.0949852,0,0.151174,0,0,0
-0.0949852,0,0.151174,0,0,0
-0.0949852,0,0.151174,0,0,0
-0.0949852,0,0.151174,0,0,0
-0.0949852,0,0.151174,0,0,0
-0.0949852,0,0.151174,0,0,0
-0.0949852,0,0.151174,0,0,0
-0.0949852,0,0.151174,0,0,0
-0.0949852,0,0.151174,0,0,0
-0.0949852,0,0.151174,0,0,0
-0.0949852,0,0.151174,0,0,0
-0.0949852,0,0.151174,0,0,0
-0.0949852,0,0.151174,0,0,0
-0.0949852,0,0.151174,0,0,0
-0.0949852,0,0.151174,0,0,0
-0.0949852,0,0.151174,0,0,0
-0.0949852,0,0.151174,0,0,0
-0.0949852,0,0.151174,0,0,0
-0.0949852,0,0.151174,0,0,0
-0.0949852,0,0.151174,0,0,0
-0.0949852,0,0.151174,0,0,0
-0.0949852,0,0.151174,0,0,0
-0.0949852,0,0.151174,0,0,0
-0.0949852,0,0.151174,0,0,0
-0.0949852,0,0.151174,0,0,0
-0.0949852,0,0.151174,0,0,0
-0.0949852,0,0.151174,0,0,0
-0.0949852,0,0.151174,0,0,0
-0.0949852,0,0.151174,0,0,0
-0.0949852,0,0.151174,0,0,0
-0.0949852,0,0.151174,0,0,0
-0.0949852,0,0.151174,0,0,0
-0.0949852,0,0.151174,0,0,0
-0.0949852,0,0.151174,0,0,0
-0.0949852,0,0.151174,0,0,0
-0.0949852,0,0.151174,0,0,0
-0.0949852,0,0.151174,0,0,0
-0.0949852,0,0.151174,0,0,0
-0.0949852,0,0.151174,0,0,0
-0.0949852,0,0.151174,0,0,0
-0.0949852,0,0.151174,0,0,0
-0.0949852,0,0.151174,0,0,0
-0.0949852,0,0.151174,0,0,0
-0.0949852,0,0.151174,0,0,0
-0.0949852,0,0.151174,0,0,0
-0.0949852,0,0.151174,0,0,0
-0.0949852,0,0.151174,0,0,0
-0.0949852,0,0.151174,0,0,0
-0.0949852,0,0.151174,0,0,0
-0.0949852,0,0.151174,0,0,0
-0.0949852,0,0.151174,0,0,0
-0.0949852,0,0.151174,0,0,0
-0.0949852,0,0.151174,0,0,0
-0.0949852,0,0.151174,0,0,0
-0.0949852,0,0.151174,0,0,0
-0.0949852,0,0.151174,0,0,0
-0.0949852,0,0.151174,0,0,0
-0.0949852,0,0.151174,0,0,0
-0.0949852,0,0.151174,0,0,0
-0.0949852,0,0.151174,0,0,0
-0.0949852,0,0.151174,0,0,0
-0.0949852,0,0.151174,0,0,0
-0.0949852,0,0.151174,0,0,0
-0.0949852,0,0.151174,0,0,0
-0.0949852,0,0.151174,0,0,0
-0.0949852,0,0.151174,0,0,0
-0.0949852,0,0.151174,0,0,0
-0.0949852,0,0.151174,0,0,0
-0.0949852,0,0.151174,0,0,0
-0.0949852,0,0.151174,0,0,0
-0.0949852,0,0.151174,0,0,0
-0.0949852,0,0.151174,0,0,0
-0.0949852,0,0.151174,0,0,0
-0.0949852,0,0.151174,0,0,0
-0.0949852,0,0.151174,0,0,0
-0.0949852,0,0.151174,0,0,0
-0.0949852,0,0.151174,0,0,0
-0.0949852,0,0.151174,0,0,0
-0.0949852,0,0.151174,0,0,0
-0.0949852,0,0.151174,0,0,0
-0.0949852,0,0.151174,0,0,0
-0.0949852,0,0.151174,0,0,0
-0.0949852,0,0.151174,0,0,0
-0.0949852,0,0.151174,0,0,0
-0.0949852,0,0.151174,0,0,0
-0.0949852,0,0.151174,0,0,0
-0.0949852,0,0.151174,0,0,0
-0.0949852,0,0.151174,0,0,0
-0.0949852,0,0.151174,0,0,0
-0.0949852,0,0.151174,0,0,0
-0.0949852,0,0.151174,0,0,0
-0.0949852,0,0.151174,0,0,0
-0.0949852,0,0.151174,0,0,0
-0.0949852,0,0.151174,0,0,0
-0.0949852,0,0.151174,0,0,0
-0.0949852,0,0.151174,0,0,0
-0.0949852,0,0.151174,0,0,0
-0.0949852,0,0.151174,0,0,0
-0.0949852,0,0.151174,0,0,0
-0.0949852,0,0.151174,0,0,0
-0.0949852,0,0.151174,0,0,0
-0.0949852,0,0.151174,0,0,0
-0.0949852,0,0.151174,0,0,0
-0.0949852,0,0.151174,0,0,0
-0.0949852,0,0.151174,0,0,0
-0.0949852,0,0.151174,0,0,0
-0.0949852,0,0.151174,0,0,0
-0.0949852,0,0.151174,0,0,0
-0.0949852,0,0.151174,0,0,0
-0.0949852,0,0.151174,0,0,0
-0.0949852,0,0.151174,0,0,0
-0.0949852,0,0.151174,0,0,0
-0.0949852,0,0.151174,0,0,0
-0.0949852,0,0.151174,0,0,0
-0.0949852,0,0.151174,0,0,0
-0.0949852,0,0.151174,0,0,0
-0.0949852,0,0.151174,0,0,0
-0.0949852,0,0.151174,0,0,0
-0.0949852,0,0.151174,0,0,0
-0.0949852,0,0.151174,0,0,0
-0.0949852,0,0.151174,0,0,0
-0.0949852,0,0.151174,0,0,0
-0.0949852,0,0.151174,0,0,0
-0.0949852,0,0.151174,0,0,0
-0.0949852,0,0.151174,0,0,0
-0.0949852,0,0.151174,0,0,0
-0.0949852,0,0.151174,0,0,0
-0.0949852,0,0.151174,0,0,0
-0.0949852,0,0.151174,0,0,0
-0.0949852,0,0.151174,0,0,0
-0.0949852,0,0.151174,0,0,0
-0.0949852,0,0.151174,0,0,0
-0.0949852,0,0.151174,0,0,0
-0.0949852,0,0.151174,0,0,0
-0.0949852,0,0.151174,0,0,0
-0.0949852,0,0.151174,0,0,0
-0.0949852,0,0.151174,0,0,0
-0.0949852,0,0.151174,0,0,0
-0.0949852,0,0.151174,0,0,0
-0.0949852,0,0.151174,0,0,0
-0.0949852,0,0.151174,0,0,0
-0.0949852,0,0.151174,0,0,0
-0.0949852,0,0.151174,0,0,0
-0.0949852,0,0.151174,0,0,0
-0.0949852,0,0.151174,0,0,0
-0.0949852,0,0.151174,0,0,0
-0.0949852,0,0.151174,0,0,0
-0.0949852,0,0.151174,0,0,0
-0.0949852,0,0.151174,0,0,0
-0.0949852,0,0.151174,0,0,0
-0.0949852,0,0.151174,0,0,0
-0.0949852,0,0.151174,0,0,0
-0.0949852,0,0.151174,0,0,0
-0.0949852,0,0.151174,0,0,0
-0.0949852,0,0.151174,0,0,0
-0.0949852,0,0.151174,0,0,0
-0.0949852,0,0.151174,0,0,0
-0.0949852,0,0.151174,0,0,0
-0.0949852,0,0.151174,0,0,0
-0.0949852,0,0.151174,0,0,0
-0.0949852,0,0.151174,0,0,0
-0.0949852,0,0.151174,0,0,0
-0.0949852,0,0.151174,0,0,0
-0.0949852,0,0.151174,0,0,0
-0.0949852,0,0.151174,0,0,0
-0.0949852,0,0.151174,0,0,0
-0.0949852,0,0.151174,0,0,0
-0.0949852,0,0.151174,0,0,0
-0.0949852,0,0.151174,0,0,0
-0.0949852,0,0.151174,0,0,0
-0.0949852,0,0.151174,0,0,0
-0.0949852,0,0.151174,0,0,0
-0.0949852,0,0.151174,0,0,0
-0.0949852,0,0.151174,0,0,0
-0.0949852,0,0.151174,0,0,0
-0.0949852,0,0.151174,0,0,0
-0.0949852,0,0.151174,0,0,0
-0.0949852,0,0.151174,0,0,0
-0.0949852,0,0.151174,0,0,0
-0.0949852,0,0.151174,0,0,0
-0.0949852,0,0.151174,0,0,0
-0.0949852,0,0.151174,0,0,0
-0.0949852,0,0.151174,0,0,0
-0.0949852,0,0.151174,0,0,0
-0.0949852,0,0.151174,0,0,0
-0.0949852,0,0.151174,0,0,0
-0.0949852,0,0.151174,0,0,0
-0.0949852,0,0.151174,0,0,0
-0.0949852,0,0.151174,0,0,0
-0.0949852,0,0.151174,0,0,0
-0.0949852,0,0.151174,0,0,0
-0.0949852,0,0.151174,0,0,0
-0.0949852,0,0.151174,0,0,0
-0.0949852,0,0.151174,0,0,0
-0.0949852,0,0.151174,0,0,0
-0.0949852,0,0.151174,0,0,0
-0.0949852,0,0.151174,0,0,0
-0.0949852,0,0.151174,0,0,0
-0.0949852,0,0.151174,0,0,0
-0.0949852,0,0.151174,0,0,0
-0.0949852,0,0.151174,0,0,0
-0.0949852,0,0.151174,0,0,0
-0.0949852,0,0.151174,0,0,0
-0.0949852,0,0.151174,0,0,0
-0.0949852,0,0.151174,0,0,0
-0.0949852,0,0.151174,0,0,0
-0.0949852,0,0.151174,0,0,0
-0.0949852,0,0.151174,0,0,0
-0.0949852,0,0.151174,0,0,0
-0.0949852,0,0.151174,0,0,0
-0.0949852,0,0.151174,0,0,0
-0.0949852,0,0.151174,0,0,0
-0.0949852,0,0.151174,0,0,0
-0.0949852,0,0.151174,0,0,0
-0.0949852,0,0.151174,0,0,0
-0.0949852,0,0.151174,0,0,0
-0.0949852,0,0.151174,0,0,0
-0.0949852,0,0.151174,0,0,0
-0.0949852,0,0.151174,0,0,0
-0.0949852,0,0.151174,0,0,0
-0.0949852,0,0.151174,0,0,0
-0.0949852,0,0.151174,0,0,0
-0.0949852,0,0.151174,0,0,0
-0.0949852,0,0.151174,0,0,0
-0.0949852,0,0.151174,0,0,0
-0.0949852,0,0.151174,0,0,0
-0.0949852,0,0.151174,0,0,0
-0.0949852,0,0.151174,0,0,0
-0.0949852,0,0.151174,0,0,0
-0.0949852,0,0.151174,0,0,0
-0.0949852,0,0.151174,0,0,0
-0.0949852,0,0.151174,0,0,0
-0.0949852,0,0.151174,0,0,0
-0.0949852,0,0.151174,0,0,0
-0.0949852,0,0.151174,0,0,0
-0.0949852,0,0.151174,0,0,0
-0.0949852,0,0.151174,0,0,0
-0.0949852,0,0.151174,0,0,0
-0.0949852,0,0.151174,0,0,0
-0.0949852,0,0.151174,0,0,0
-0.0949852,0,0.151174,0,0,0
-0.0949852,0,0.151174,0,0,0
-0.0949852,0,0.151174,0,0,0
-0.0949852,0,0.151174,0,0,0
-0.0949852,0,0.151174,0,0,0
-0.0949852,0,0.151174,0,0,0
-0.0949852,0,0.151174,0,0,0
-0.0949852,0,0.151174,0,0,0
-0.0949852,0,0.151174,0,0,0
-0.0949852,0,0.151174,0,0,0
-0.0949852,0,0.151174,0,0,0
-0.0949852,0,0.151174,0,0,0
-0.0949852,0,0.151174,0,0,0
-0.0949852,0,0.151174,0,0,0
-0.0949852,0,0.151174,0,0,0
-0.0949852,0,0.151174,0,0,0
-0.0949852,0,0.151174,0,0,0
-0.0949852,0,0.151174,0,0,0
-0.0949852,0,0.151174,0,0,0
-0.0949852,0,0.151174,0,0,0
-0.0949852,0,0.151174,0,0,0
-0.0949852,0,0.151174,0,0,0
-0.0949852,0,0.151174,0,0,0
-0.0949852,0,0.151174,0,0,0
-0.0949852,0,0.151174,0,0,0
-0.0949852,0,0.151174,0,0,0
-0.0949852,0,0.151174,0,0,0
-0.0949852,0,0.151174,0,0,0
-0.0949852,0,0.151174,0,0,0
-0.0949852,0,0.151174,0,0,0
-0.0949852,0,0.151174,0,0,0
-0.0949852,0,0.151174,0,0,0
-0.0949852,0,0.151174,0,0,0
-0.0949852,0,0.151174,0,0,0
-0.0949852,0,0.151174,0,0,0
-0.0949852,0,0.151174,0,0,0
-0.0949852,0,0.151174,0,0,0
-0.0949852,0,0.151174,0,0,0
-0.0949852,0,0.151174,0,0,0
-0.0949852,0,0.151174,0,0,0
-0.0949852,0,0.151174,0,0,0
-0.0949852,0,0.151174,0,0,0
-0.0949852,0,0.151174,0,0,0
-0.0949852,0,0.151174,0,0,0
-0.0949852,0,0.151174,0,0,0
-0.0949852,0,0.151174,0,0,0
-0.0949852,0,0.151174,0,0,0
-0.0949852,0,0.151174,0,0,0
-0.0949852,0,0.151174,0,0,0
-0.0949852,0,0.151174,0,0,0
-0.0949852,0,0.151174,0,0,0
-0.0949852,0,0.151174,0,0,0
-0.0949852,0,0.151174,0,0,0
-0.0949852,0,0.151174,0,0,0
-0.0949852,0,0.151174,0,0,0
-0.0949852,0,0.151174,0,0,0
-0.0949852,0,0.151174,0,0,0
-0.0949852,0,0.151174,0,0,0
-0.0949852,0,0.151174,0,0,0
-0.0949852,0,0.151174,0,0,0
-0.0949852,0,0.151174,0,0,0
-0.0949852,0,0.151174,0,0,0
-0.0949852,0,0.151174,0,0,0
-0.0949852,0,0.151174,0,0,0
-0.0949852,0,0.151174,0,0,0
-0.0949852,0,0.151174,0,0,0
-0.0949852,0,0.151174,0,0,0
-0.0949852,0,0.151174,0,0,0
-0.0949852,0,0.151174,0,0,0
-0.0949852,0,0.151174,0,0,0
-0.0949852,0,0.151174,0,0,0
-0.0949852,0,0.151174,0,0,0
-0.0949852,0,0.151174,0,0,0
-0.0949852,0,0.151174,0,0,0
-0.0949852,0,0.151174,0,0,0
-0.0949852,0,0.151174,0,0,0
-0.0949852,0,0.151174,0,0,0
-0.0949852,0,0.151174,0,0,0
-0.0949852,0,0.151174,0,0,0
-0.0949852,0,0.151174,0,0,0
-0.0949852,0,0.151174,0,0,0
-0.0949852,0,0.151174,0,0,0
-0.0949852,0,0.151174,0,0,0
-0.0949852,0,0.151174,0,0,0
-0.0949852,0,0.151174,0,0,0
-0.0949852,0,0.151174,0,0,0
-0.0949852,0,0.151174,0,0,0
-0.0949852,0,0.151174,0,0,0
-0.0949852,0,0.151174,0,0,0
-0.0949852,0,0.151174,0,0,0
-0.0949852,0,0.151174,0,0,0
-0.0949852,0,0.151174,0,0,0
-0.0949852,0,0.151174,0,0,0
-0.0949852,0,0.151174,0,0,0
-0.0949852,0,0.151174,0,0,0
-0.0949852,0,0.151174,0,0,0
-0.0949852,0,0.151174,0,0,0
-0.0949852,0,0.151174,0,0,0
-0.0949852,0,0.151174,0,0,0
-0.0949852,0,0.151174,0,0,0
-0.0949852,0,0.151174,0,0,0
-0.0949852,0,0.151174,0,0,0
-0.0949852,0,0.151174,0,0,0
-0.0949852,0,0.151174,0,0,0
-0.0949852,0,0.151174,0,0,0
-0.0949852,0,0.151174,0,0,0
-0.0949852,0,0.151174,0,0,0
-0.0949852,0,0.151174,0,0,0
-0.0949852,0,0.151174,0,0,0
-0.0949852,0,0.151174,0,0,0
-0.0949852,0,0.151174,0,0,0
-0.0949852,0,0.151174,0,0,0
-0.0949852,0,0.151174,0,0,0
-0.0949852,0,0.151174,0,0,0
-0.0949852,0,0.151174,0,0,0
-0.0949852,0,0.151174,0,0,0
-0.0949852,0,0.151174,0,0,0
-0.0949852,0,0.151174,0,0,0
-0.0949852,0,0.151174,0,0,0
-0.0949852,0,0.151174,0,0,0
-0.0949852,0,0.151174,0,0,0
-0.0949852,0,0.151174,0,0,0
-0.0949852,0,0.151174,0,0,0
-0.0949852,0,0.151174,0,0,0
-0.0949852,0,0.151174,0,0,0
-0.0949852,0,0.151174,0,0,0
-0.0949852,0,0.151174,0,0,0
-0.0949852,0,0.151174,0,0,0
-0.0949852,0,0.151174,0,0,0
-0.0949852,0,0.151174,0,0,0
-0.0949852,0,0.151174,0,0,0
-0.0949852,0,0.151174,0,0,0
-0.0949852,0,0.151174,0,0,0
-0.0949852,0,0.151174,0,0,0
-0.0949852,0,0.151174,0,0,0
-0.0949852,0,0.151174,0,0,0
-0.0949852,0,0.151174,0,0,0
-0.0949852,0,0.151174,0,0,0
-0.0949852,0,0.151174,0,0,0
-0.0949852,0,0.151174,0,0,0
-0.0949852,0,0.151174,0,0,0
-0.0949852,0,0.151174,0,0,0
-0.0949852,0,0.151174,0,0,0
-0.0949852,0,0.151174,0,0,0
-0.0949852,0,0.151174,0,0,0
-0.0949852,0,0.151174,0,0,0
-0.0949852,0,0.151174,0,0,0
-0.0949852,0,0.151174,0,0,0
-0.0949852,0,0.151174,0,0,0
-0.0949852,0,0.151174,0,0,0
-0.0949852,0,0.151174,0,0,0
-0.0949852,0,0.151174,0,0,0
-0.0949852,0,0.151174,0,0,0
-0.0949852,0,0.151174,0,0,0
-0.0949852,0,0.151174,0,0,0
-0.0949852,0,0.151174,0,0,0
-0.0949852,0,0.151174,0,0,0
-0.0949852,0,0.151174,0,0,0
-0.0949852,0,0.151174,0,0,0
-0.0949852,0,0.151174,0,0,0
-0.0949852,0,0.151174,0,0,0
-0.0949852,0,0.151174,0,0,0
-0.0949852,0,0.151174,0,0,0
-0.0949852,0,0.151174,0,0,0
-0.0949852,0,0.151174,0,0,0
-0.0949852,0,0.151174,0,0,0
-0.0949852,0,0.151174,0,0,0
-0.0949852,0,0.151174,0,0,0
-0.0949852,0,0.151174,0,0,0
-0.0949852,0,0.151174,0,0,0
-0.0949852,0,0.151174,0,0,0
-0.0949852,0,0.151174,0,0,0
-0.0949852,0,0.151174,0,0,0
-0.0949852,0,0.151174,0,0,0
-0.0949852,0,0.151174,0,0,0
-0.0949852,0,0.151174,0,0,0
-0.0949852,0,0.151174,0,0,0
-0.0949852,0,0.151174,0,0,0
-0.0949852,0,0.151174,0,0,0
-0.0949852,0,0.151174,0,0,0
-0.0949852,0,0.151174,0,0,0
-0.0949852,0,0.151174,0,0,0
-0.0949852,0,0.151174,0,0,0
-0.0949852,0,0.151174,0,0,0
-0.0949852,0,0.151174,0,0,0
-0.0949852,0,0.151174,0,0,0
-0.0949852,0,0.151174,0,0,0
-0.0949852,0,0.151174,0,0,0
-0.0949852,0,0.151174,0,0,0
-0.0949852,0,0.151174,0,0,0
-0.0949852,0,0.151174,0,0,0
-0.0949852,0,0.151174,0,0,0
-0.0949852,0,0.151174,0,0,0
-0.0949852,0,0.151174,0,0,0
-0.0949852,0,0.151174,0,0,0
-0.0949852,0,0.151174,0,0,0
-0.0949852,0,0.151174,0,0,0
-0.0949852,0,0.151174,0,0,0
-0.0949852,0,0.151174,0,0,0
-0.0949852,0,0.151174,0,0,0
-0.0949852,0,0.151174,0,0,0
-0.0949852,0,0.151174,0,0,0
-0.0949852,0,0.151174,0,0,0
-0.0949852,0,0.151174,0,0,0
-0.0949852,0,0.151174,0,0,0
-0.0949852,0,0.151174,0,0,0
-0.0949852,0,0.151174,0,0,0
-0.0949852,0,0.151174,0,0,0
-0.0949852,0,0.151174,0,0,0
-0.0949852,0,0.151174,0,0,0
-0.0949852,0,0.151174,0,0,0
-0.0949852,0,0.151174,0,0,0
-0.0949852,0,0.151174,0,0,0
-0.0949852,0,0.151174,0,0,0
-0.0949852,0,0.151174,0,0,0
-0.0949852,0,0.151174,0,0,0
-0.0949852,0,0.151174,0,0,0
-0.0949852,0,0.151174,0,0,0
-0.0949852,0,0.151174,0,0,0
-0.0949852,0,0.151174,0,0,0
-0.0949852,0,0.151174,0,0,0
-0.0949852,0,0.151174,0,0,0
-0.0949852,0,0.151174,0,0,0
-0.0949852,0,0.151174,0,0,0
-0.0949852,0,0.151174,0,0,0
-0.0949852,0,0.151174,0,0,0
-0.0949852,0,0.151174,0,0,0
-0.0949852,0,0.151174,0,0,0
-0.0949852,0,0.151174,0,0,0
-0.0949852,0,0.151174,0,0,0
-0.0949852,0,0.151174,0,0,0
-0.0949852,0,0.151174,0,0,0
-0.0949852,0,0.151174,0,0,0
-0.0949852,0,0.151174,0,0,0
-0.0949852,0,0.151174,0,0,0
-0.0949852,0,0.151174,0,0,0
-0.0949852,0,0.151174,0,0,0
-0.0949852,0,0.151174,0,0,0
-0.0949852,0,0.151174,0,0,0
-0.0949852,0,0.151174,0,0,0
-0.0949852,0,0.151174,0,0,0
-0.0949852,0,0.151174,0,0,0
-0.0949852,0,0.151174,0,0,0
-0.0949852,0,0.151174,0,0,0
-0.0949852,0,0.151174,0,0,0
-0.0949852,0,0.151174,0,0,0
-0.0949852,0,0.151174,0,0,0
-0.0949852,0,0.151174,0,0,0
-0.0949852,0,0.151174,0,0,0
-0.0949852,0,0.151174,0,0,0
-0.0949852,0,0.151174,0,0,0
-0.0949852,0,0.151174,0,0,0
-0.0949852,0,0.151174,0,0,0
-0.0949852,0,0.151174,0,0,0
-0.0949852,0,0.151174,0,0,0
-0.0949852,0,0.151174,0,0,0
-0.0949852,0,0.151174,0,0,0
-0.0949852,0,0.151174,0,0,0
-0.0949852,0,0.151174,0,0,0
-0.0949852,0,0.151174,0,0,0
-0.0949852,0,0.151174,0,0,0
-0.0949852,0,0.151174,0,0,0
-0.0949852,0,0.151174,0,0,0
-0.0949852,0,0.151174,0,0,0
-0.0949852,0,0.151174,0,0,0
-0.0949852,0,0.151174,0,0,0
-0.0949852,0,0.151174,0,0,0
-0.0949852,0,0.151174,0,0,0
-0.0949852,0,0.151174,0,0,0
-0.0949852,0,0.151174,0,0,0
-0.0949852,0,0.151174,0,0,0
-0.0949852,0,0.151174,0,0,0
-0.0949852,0,0.151174,0,0,0
-0.0949852,0,0.151174,0,0,0
-0.0949852,0,0.151174,0,0,0
-0.0949852,0,0.151174,0,0,0
-0.0949852,0,0.151174,0,0,0
-0.0949852,0,0.151174,0,0,0
-0.0949852,0,0.151174,0,0,0
-0.0949852,0,0.151174,0,0,0
-0.0949852,0,0.151174,0,0,0
-0.0949852,0,0.151174,0,0,0
-0.0949852,0,0.151174,0,0,0
-0.0949852,0,0.151174,0,0,0
-0.0949852,0,0.151174,0,0,0
-0.0949852,0,0.151174,0,0,0
-0.0949852,0,0.151174,0,0,0
-0.0949852,0,0.151174,0,0,0
-0.0949852,0,0.151174,0,0,0
-0.0949852,0,0.151174,0,0,0
-0.0949852,0,0.151174,0,0,0
-0.0949852,0,0.151174,0,0,0
-0.0949852,0,0.151174,0,0,0
-0.0949852,0,0.151174,0,0,0
-0.0949852,0,0.151174,0,0,0
-0.0949852,0,0.151174,0,0,0
-0.0949852,0,0.151174,0,0,0
-0.0949852,0,0.151174,0,0,0
-0.0949852,0,0.151174,0,0,0
-0.0949852,0,0.151174,0,0,0
-0.0949852,0,0.151174,0,0,0
-0.0949852,0,0.151174,0,0,0
-0.0949852,0,0.151174,0,0,0
-0.0949852,0,0.151174,0,0,0
-0.0949852,0,0.151174,0,0,0
-0.0949852,0,0.151174,0,0,0
-0.0949852,0,0.151174,0,0,0
-0.0949852,0,0.151174,0,0,0
-0.0949852,0,0.151174,0,0,0
-0.0949852,0,0.151174,0,0,0
-0.0949852,0,0.151174,0,0,0
-0.0949852,0,0.151174,0,0,0
-0.0949852,0,0.151174,0,0,0
-0.0949852,0,0.151174,0,0,0
-0.0949852,0,0.151174,0,0,0
-0.0949852,0,0.151174,0,0,0
-0.0949852,0,0.151174,0,0,0
-0.0949852,0,0.151174,0,0,0
-0.0949852,0,0.151174,0,0,0
-0.0949852,0,0.151174,0,0,0
-0.0949852,0,0.151174,0,0,0
-0.0949852,0,0.151174,0,0,0
-0.0949852,0,0.151174,0,0,0
-0.0949852,0,0.151174,0,0,0
-0.0949852,0,0.151174,0,0,0
-0.0949852,0,0.151174,0,0,0
-0.0949852,0,0.151174,0,0,0
-0.0949852,0,0.151174,0,0,0
-0.0949852,0,0.151174,0,0,0
-0.0949852,0,0.151174,0,0,0
-0.0949852,0,0.151174,0,0,0
-0.0949852,0,0.151174,0,0,0
-0.0949852,0,0.151174,0,0,0
-0.0949852,0,0.151174,0,0,0
-0.0949852,0,0.151174,0,0,0
-0.0949852,0,0.151174,0,0,0
-0.0949852,0,0.151174,0,0,0
-0.0949852,0,0.151174,0,0,0
-0.0949852,0,0.151174,0,0,0
-0.0949852,0,0.151174,0,0,0
-0.0949852,0,0.151174,0,0,0
-0.0949852,0,0.151174,0,0,0
-0.0949852,0,0.151174,0,0,0
-0.0949852,0,0.151174,0,0,0
-0.0949852,0,0.151174,0,0,0
-0.0949852,0,0.151174,0,0,0
-0.0949852,0,0.151174,0,0,0
-0.0949852,0,0.151174,0,0,0
-0.0949852,0,0.151174,0,0,0
-0.0949852,0,0.151174,0,0,0
-0.0949852,0,0.151174,0,0,0
-0.0949852,0,0.151174,0,0,0
-0.0949852,0,0.151174,0,0,0
-0.0949852,0,0.151174,0,0,0
-0.0949852,0,0.151174,0,0,0
-0.0949852,0,0.151174,0,0,0
-0.0949852,0,0.151174,0,0,0
-0.0949852,0,0.151174,0,0,0
-0.0949852,0,0.151174,0,0,0
-0.0949852,0,0.151174,0,0,0
-0.0949852,0,0.151174,0,0,0
-0.0949852,0,0.151174,0,0,0
-0.0949852,0,0.151174,0,0,0
-0.0949852,0,0.151174,0,0,0
-0.0949852,0,0.151174,0,0,0
-0.0949852,0,0.151174,0,0,0
-0.0949852,0,0.151174,0,0,0
-0.0949852,0,0.151174,0,0,0
-0.0949852,0,0.151174,0,0,0
-0.0949852,0,0.151174,0,0,0
-0.0949852,0,0.151174,0,0,0
-0.0949852,0,0.151174,0,0,0
-0.0949852,0,0.151174,0,0,0
-0.0949852,0,0.151174,0,0,0
-0.0949852,0,0.151174,0,0,0
-0.0949852,0,0.151174,0,0,0
-0.0949852,0,0.151174,0,0,0
-0.0949852,0,0.151174,0,0,0
-0.0949852,0,0.151174,0,0,0
-0.0949852,0,0.151174,0,0,0
-0.0949852,0,0.151174,0,0,0
-0.0949852,0,0.151174,0,0,0
-0.0949852,0,0.151174,0,0,0
-0.0949852,0,0.151174,0,0,0
-0.0949852,0,0.151174,0,0,0
-0.0949852,0,0.151174,0,0,0
-0.0949852,0,0.151174,0,0,0
-0.0949852,0,0.151174,0,0,0
-0.0949852,0,0.151174,0,0,0
-0.0949852,0,0.151174,0,0,0
-0.0949852,0,0.151174,0,0,0
-0.0949852,0,0.151174,0,0,0
-0.0949852,0,0.151174,0,0,0
-0.0949852,0,0.151174,0,0,0
-0.0949852,0,0.151174,0,0,0
-0.0949852,0,0.151174,0,0,0
-0.0949852,0,0.151174,0,0,0
-0.0949852,0,0.151174,0,0,0
-0.0949852,0,0.151174,0,0,0
-0.0949852,0,0.151174,0,0,0
-0.0949852,0,0.151174,0,0,0
-0.0949852,0,0.151174,0,0,0
-0.0949852,0,0.151174,0,0,0
-0.0949852,0,0.151174,0,0,0
-0.0949852,0,0.151174,0,0,0
-0.0949852,0,0.151174,0,0,0
-0.0949852,0,0.151174,0,0,0
-0.0949852,0,0.151174,0,0,0
-0.0949852,0,0.151174,0,0,0
-0.0949852,0,0.151174,0,0,0
-0.0949852,0,0.151174,0,0,0
-0.0949852,0,0.151174,0,0,0
-0.0949852,0,0.151174,0,0,0
-0.0949852,0,0.151174,0,0,0
-0.0949852,0,0.151174,0,0,0
-0.0949852,0,0.151174,0,0,0
-0.0949852,0,0.151174,0,0,0
-0.0949852,0,0.151174,0,0,0
-0.0949852,0,0.151174,0,0,0
-0.0949852,0,0.151174,0,0,0
-0.0949852,0,0.151174,0,0,0
-0.0949852,0,0.151174,0,0,0
-0.0949852,0,0.151174,0,0,0
-0.0949852,0,0.151174,0,0,0
-0.0949852,0,0.151174,0,0,0
-0.0949852,0,0.151174,0,0,0
-0.0949852,0,0.151174,0,0,0
-0.0949852,0,0.151174,0,0,0
-0.0949852,0,0.151174,0,0,0
-0.0949852,0,0.151174,0,0,0
-0.0949852,0,0.151174,0,0,0
-0.0949852,0,0.151174,0,0,0
-0.0949852,0,0.151174,0,0,0
-0.0949852,0,0.151174,0,0,0
-0.0949852,0,0.151174,0,0,0
-0.0949852,0,0.151174,0,0,0
-0.0949852,0,0.151174,0,0,0
-0.0949852,0,0.151174,0,0,0
-0.0949852,0,0.151174,0,0,0
-0.0949852,0,0.151174,0,0,0
-0.0949852,0,0.151174,0,0,0
-0.0949852,0,0.151174,0,0,0
-0.0949852,0,0.151174,0,0,0
-0.0949852,0,0.151174,0,0,0
-0.0949852,0,0.151174,0,0,0
-0.0949852,0,0.151174,0,0,0
-0.0949852,0,0.151174,0,0,0
-0.0949852,0,0.151174,0,0,0
-0.0949852,0,0.151174,0,0,0
-0.0949852,0,0.151174,0,0,0
-0.0949852,0,0.151174,0,0,0
-0.0949852,0,0.151174,0,0,0
-0.0949852,0,0.151174,0,0,0
-0.0949852,0,0.151174,0,0,0
-0.0949852,0,0.151174,0,0,0
-0.0949852,0,0.151174,0,0,0
-0.0949852,0,0.151174,0,0,0
-0.0949852,0,0.151174,0,0,0
-0.0949852,0,0.151174,0,0,0
-0.0949852,0,0.151174,0,0,0
-0.0949852,0,0.151174,0,0,0
-0.0949852,0,0.151174,0,0,0
-0.0949852,0,0.151174,0,0,0
-0.0949852,0,0.151174,0,0,0
-0.0949852,0,0.151174,0,0,0
-0.0949852,0,0.151174,0,0,0
-0.0949852,0,0.151174,0,0,0
-0.0949852,0,0.151174,0,0,0
-0.0949852,0,0.151174,0,0,0
-0.0949852,0,0.151174,0,0,0
-0.0949852,0,0.151174,0,0,0
-0.0949852,0,0.151174,0,0,0
-0.0949852,0,0.151174,0,0,0
-0.0949852,0,0.151174,0,0,0
-0.0949852,0,0.151174,0,0,0
-0.0949852,0,0.151174,0,0,0
-0.0949852,0,0.151174,0,0,0
-0.0949852,0,0.151174,0,0,0
-0.0949852,0,0.151174,0,0,0
-0.0949852,0,0.151174,0,0,0
-0.0949852,0,0.151174,0,0,0
-0.0949852,0,0.151174,0,0,0
-0.0949852,0,0.151174,0,0,0
-0.0949852,0,0.151174,0,0,0
-0.0949852,0,0.151174,0,0,0
-0.0949852,0,0.151174,0,0,0
-0.0949852,0,0.151174,0,0,0
-0.0949852,0,0.151174,0,0,0
-0.0949852,0,0.151174,0,0,0
-0.0949852,0,0.151174,0,0,0
-0.0949852,0,0.151174,0,0,0
-0.0949852,0,0.151174,0,0,0
-0.0949507,0,0.151119,0,0,0
-0.094811,0,0.150896,0,0,0
-0.0946966,0,0.150714,0,0,0
-0.0945803,0,0.150529,0,0,0
-0.0944708,0,0.150355,0,0,0
-0.0943482,0,0.15016,0,0,0
-0.094236,0,0.149981,0,0,0
-0.094141,0,0.14983,0,0,0
-0.094046,0,0.149679,0,0,0
-0.093951,0,0.149528,0,0,0
-0.0938416,0,0.149354,0,0,0
-0.0937466,0,0.149202,0,0,0
-0.0936516,0,0.149051,0,0,0
-0.0935417,0,0.148876,0,0,0
-0.0934467,0,0.148725,0,0,0
-0.0933338,0,0.148545,0,0,0
-0.0932389,0,0.148394,0,0,0
-0.0931237,0,0.148211,0,0,0
-0.0930224,0,0.14805,0,0,0
-0.0929173,0,0.147882,0,0,0
-0.0928024,0,0.1477,0,0,0
-0.0927075,0,0.147548,0,0,0
-0.0926125,0,0.147397,0,0,0
-0.0925008,0,0.14722,0,0,0
-0.0923866,0,0.147038,0,0,0
-0.0922651,0,0.146844,0,0,0
-0.0921556,0,0.14667,0,0,0
-0.0920606,0,0.146519,0,0,0
-0.0919656,0,0.146368,0,0,0
-0.0918551,0,0.146192,0,0,0
-0.0917602,0,0.146041,0,0,0
-0.0916652,0,0.14589,0,0,0
-0.0915702,0,0.145738,0,0,0
-0.0914625,0,0.145567,0,0,0
-0.0913675,0,0.145416,0,0,0
-0.0912725,0,0.145265,0,0,0
-0.0911775,0,0.145114,0,0,0
-0.0910702,0,0.144943,0,0,0
-0.0909752,0,0.144792,0,0,0
-0.0908617,0,0.144611,0,0,0
-0.0907467,0,0.144428,0,0,0
-0.0906517,0,0.144277,0,0,0
-0.0905361,0,0.144093,0,0,0
-0.0904373,0,0.143935,0,0,0
-0.0903361,0,0.143774,0,0,0
-0.0902399,0,0.143621,0,0,0
-0.0901225,0,0.143434,0,0,0
-0.0900067,0,0.14325,0,0,0
-0.089892,0,0.143068,0,0,0
-0.089797,0,0.142916,0,0,0
-0.0896862,0,0.14274,0,0,0
-0.0895912,0,0.142589,0,0,0
-0.0894962,0,0.142438,0,0,0
-0.0894013,0,0.142287,0,0,0
-0.0892935,0,0.142115,0,0,0
-0.0891985,0,0.141964,0,0,0
-0.0891035,0,0.141813,0,0,0
-0.0890085,0,0.141661,0,0,0
-0.0893355,0,0.141244,0,0,0
-0.0896997,0,0.140776,0,0,0
-0.0901235,0,0.140279,0,0,0
-0.0904887,0,0.13975,0,0,0
-0.0910323,0,0.139183,0,0,0
-0.0913785,0,0.138703,0,0,0
-0.0918258,0,0.138193,0,0,0
-0.0921662,0,0.137711,0,0,0
-0.0925866,0,0.137167,0,0,0
-0.0930372,0,0.136646,0,0,0
-0.0933878,0,0.13619,0,0,0
-0.0937358,0,0.135734,0,0,0
-0.0940814,0,0.135277,0,0,0
-0.0944245,0,0.13482,0,0,0
-0.0947652,0,0.134362,0,0,0
-0.0951034,0,0.133904,0,0,0
-0.0954391,0,0.133445,0,0,0
-0.0957723,0,0.132987,0,0,0
-0.0961031,0,0.132527,0,0,0
-0.0964315,0,0.132068,0,0,0
-0.0967574,0,0.131607,0,0,0
-0.0970808,0,0.131147,0,0,0
-0.0974018,0,0.130686,0,0,0
-0.097682,0,0.130174,0,0,0
-0.0981469,0,0.129595,0,0,0
-0.0984505,0,0.129102,0,0,0
-0.0988292,0,0.128584,0,0,0
-0.099143,0,0.128117,0,0,0
-0.0994481,0,0.127654,0,0,0
-0.099733,0,0.127168,0,0,0
-0.100099,0,0.126652,0,0,0
-0.100397,0,0.126189,0,0,0
-0.100692,0,0.125725,0,0,0
-0.100984,0,0.12526,0,0,0
-0.101275,0,0.124796,0,0,0
-0.101563,0,0.124331,0,0,0
-0.10184,0,0.123857,0,0,0
-0.10215,0,0.12337,0,0,0
-0.102431,0,0.122905,0,0,0
-0.102709,0,0.122439,0,0,0
-0.102985,0,0.121974,0,0,0
-0.103259,0,0.121508,0,0,0
-0.10353,0,0.121042,0,0,0
-0.103794,0,0.120571,0,0,0
-0.104075,0,0.120093,0,0,0
-0.104339,0,0.119627,0,0,0
-0.104601,0,0.119161,0,0,0
-0.10486,0,0.118694,0,0,0
-0.105117,0,0.118228,0,0,0
-0.105372,0,0.117762,0,0,0
-0.105624,0,0.117295,0,0,0
-0.105874,0,0.116829,0,0,0
-0.106122,0,0.116362,0,0,0
-0.106367,0,0.115895,0,0,0
-0.106611,0,0.115429,0,0,0
-0.106852,0,0.114962,0,0,0
-0.10709,0,0.114496,0,0,0
-0.107326,0,0.114029,0,0,0
-0.10756,0,0.113563,0,0,0
-0.107792,0,0.113096,0,0,0
-0.108016,0,0.112623,0,0,0
-0.10826,0,0.11214,0,0,0
-0.108485,0,0.111674,0,0,0
-0.108708,0,0.111208,0,0,0
-0.108928,0,0.110742,0,0,0
-0.109146,0,0.110276,0,0,0
-0.109362,0,0.10981,0,0,0
-0.109576,0,0.109344,0,0,0
-0.109787,0,0.108878,0,0,0
-0.109996,0,0.108413,0,0,0
-0.110203,0,0.107947,0,0,0
-0.110408,0,0.107482,0,0,0
-0.110611,0,0.107017,0,0,0
-0.110811,0,0.106552,0,0,0
-0.111009,0,0.106087,0,0,0
-0.111205,0,0.105623,0,0,0
-0.111399,0,0.105158,0,0,0
-0.111591,0,0.104694,0,0,0
-0.11178,0,0.10423,0,0,0
-0.111968,0,0.103766,0,0,0
-0.112153,0,0.103303,0,0,0
-0.112336,0,0.10284,0,0,0
-0.112517,0,0.102377,0,0,0
-0.112695,0,0.101914,0,0,0
-0.112872,0,0.101451,0,0,0
-0.113046,0,0.100989,0,0,0
-0.113215,0,0.100524,0,0,0
-0.113393,0,0.100054,0,0,0
-0.113561,0,0.0995931,0,0,0
-0.113727,0,0.0991321,0,0,0
-0.113891,0,0.0986714,0,0,0
-0.114052,0,0.098211,0,0,0
-0.114212,0,0.0977509,0,0,0
-0.11437,0,0.0972912,0,0,0
-0.114525,0,0.0968318,0,0,0
-0.114679,0,0.0963728,0,0,0
-0.11483,0,0.0959142,0,0,0
-0.114979,0,0.0954559,0,0,0
-0.115126,0,0.094998,0,0,0
-0.115272,0,0.0945404,0,0,0
-0.115415,0,0.0940833,0,0,0
-0.115556,0,0.0936266,0,0,0
-0.115695,0,0.0931703,0,0,0
-0.115832,0,0.0927143,0,0,0
-0.115967,0,0.0922589,0,0,0
-0.116096,0,0.0918003,0,0,0
-0.116235,0,0.0913349,0,0,0
-0.116364,0,0.0908808,0,0,0
-0.116491,0,0.0904271,0,0,0
-0.116616,0,0.0899738,0,0,0
-0.116739,0,0.0895211,0,0,0
-0.116857,0,0.089066,0,0,0
-0.116982,0,0.0886054,0,0,0
-0.1171,0,0.0881541,0,0,0
-0.117215,0,0.0877033,0,0,0
-0.117328,0,0.0872529,0,0,0
-0.117439,0,0.0868031,0,0,0
-0.117548,0,0.0863538,0,0,0
-0.117656,0,0.0859051,0,0,0
-0.117761,0,0.0854568,0,0,0
-0.117865,0,0.0850091,0,0,0
-0.117966,0,0.084562,0,0,0
-0.118066,0,0.0841154,0,0,0
-0.118164,0,0.0836693,0,0,0
-0.11826,0,0.0832239,0,0,0
-0.118354,0,0.0827789,0,0,0
-0.118446,0,0.0823346,0,0,0
-0.118536,0,0.0818908,0,0,0
-0.118601,0,0.0814312,0,0,0
-0.118695,0,0.0809119,0,0,0
-0.118795,0,0.0803773,0,0,0
-0.118926,0,0.0798619,0,0,0
-0.119,0,0.0794156,0,0,0
-0.119072,0,0.0789489,0,0,0
-0.119141,0,0.078451,0,0,0
-0.119263,0,0.0779397,0,0,0
-0.119307,0,0.0774837,0,0,0
-0.119372,0,0.0769526,0,0,0
-0.11945,0,0.0763747,0,0,0
-0.119598,0,0.0758103,0,0,0
-0.119629,0,0.0753557,0,0,0
-0.119717,0,0.0748385,0,0,0
-0.119758,0,0.0743366,0,0,0
-0.119845,0,0.073788,0,0,0
-0.11991,0,0.0732693,0,0,0
-0.120006,0,0.0727679,0,0,0
-0.120057,0,0.0723384,0,0,0
-0.120106,0,0.0719096,0,0,0
-0.120154,0,0.0714816,0,0,0
-0.120183,0,0.0710444,0,0,0
-0.120248,0,0.0705813,0,0,0
-0.120291,0,0.0701555,0,0,0
-0.120331,0,0.0697305,0,0,0
-0.120349,0,0.0692942,0,0,0
-0.120412,0,0.0688255,0,0,0
-0.120424,0,0.0683895,0,0,0
-0.120407,0,0.0678727,0,0,0
-0.120502,0,0.067265,0,0,0
-0.120535,0,0.0667597,0,0,0
-0.120566,0,0.0662513,0,0,0
-0.120599,0,0.0657406,0,0,0
-0.120626,0,0.0652348,0,0,0
-0.120686,0,0.064747,0,0,0
-0.120676,0,0.0643163,0,0,0
-0.120726,0,0.0638402,0,0,0
-0.120742,0,0.063427,0,0,0
-0.120757,0,0.0630145,0,0,0
-0.12075,0,0.0625928,0,0,0
-0.120747,0,0.062123,0,0,0
-0.120794,0,0.06164,0,0,0
-0.120771,0,0.0612158,0,0,0
-0.120774,0,0.0607283,0,0,0
-0.120813,0,0.0602515,0,0,0
-0.120816,0,0.0598456,0,0,0
-0.12079,0,0.0594277,0,0,0
-0.120815,0,0.0589701,0,0,0
-0.120813,0,0.0585669,0,0,0
-0.120809,0,0.0581646,0,0,0
-0.120782,0,0.0577527,0,0,0
-0.120762,0,0.0572917,0,0,0
-0.12075,0,0.0568076,0,0,0
-0.120697,0,0.0563047,0,0,0
-0.120714,0,0.0557404,0,0,0
-0.120706,0,0.0552523,0,0,0
-0.120684,0,0.0547827,0,0,0
-0.120661,0,0.0543099,0,0,0
-0.120671,0,0.0538507,0,0,0
-0.120618,0,0.0534433,0,0,0
-0.120623,0,0.0529907,0,0,0
-0.120599,0,0.0526011,0,0,0
-0.120573,0,0.0522124,0,0,0
-0.120521,0,0.0518142,0,0,0
-0.120513,0,0.0513805,0,0,0
-0.120452,0,0.0509816,0,0,0
-0.120403,0,0.0505199,0,0,0
-0.120373,0,0.0500437,0,0,0
-0.120327,0,0.0495898,0,0,0
-0.120318,0,0.0491412,0,0,0
-0.12028,0,0.048761,0,0,0
-0.12024,0,0.0483818,0,0,0
-0.120177,0,0.0479946,0,0,0
-0.120117,0,0.0475613,0,0,0
-0.120065,0,0.0471065,0,0,0
-0.120025,0,0.0466618,0,0,0
-0.119977,0,0.0462461,0,0,0
-0.11994,0,0.0458451,0,0,0
-0.119859,0,0.0454617,0,0,0
-0.11983,0,0.0450343,0,0,0
-0.119778,0,0.0446648,0,0,0
-0.119724,0,0.0442963,0,0,0
-0.119669,0,0.0439287,0,0,0
-0.119593,0,0.043555,0,0,0
-0.119549,0,0.0431538,0,0,0
-0.11949,0,0.0427893,0,0,0
-0.119405,0,0.0424169,0,0,0
-0.11936,0,0.0420089,0,0,0
-0.119266,0,0.0416366,0,0,0
-0.119182,0,0.0412062,0,0,0
-0.119107,0,0.0407647,0,0,0
-0.119061,0,0.0403478,0,0,0
-0.118993,0,0.0399913,0,0,0
-0.118916,0,0.0396333,0,0,0
-0.11883,0,0.0392592,0,0,0
-0.118739,0,0.0388612,0,0,0
-0.118654,0,0.0384465,0,0,0
-0.118547,0,0.0380281,0,0,0
-0.118465,0,0.0375831,0,0,0
-0.118406,0,0.0371772,0,0,0
-0.118295,0,0.0368196,0,0,0
-0.118232,0,0.0364165,0,0,0
-0.118151,0,0.0360715,0,0,0
-0.118041,0,0.0357189,0,0,0
-0.117936,0,0.0353165,0,0,0
-0.117833,0,0.0349033,0,0,0
-0.117729,0,0.0344896,0,0,0
-0.11766,0,0.0340884,0,0,0
-0.117541,0,0.0337419,0,0,0
-0.117464,0,0.0333541,0,0,0
-0.117374,0,0.0330154,0,0,0
-0.117258,0,0.032674,0,0,0
-0.117173,0,0.0322989,0,0,0
-0.117047,0,0.0319525,0,0,0
-0.116886,0,0.0315451,0,0,0
-0.116825,0,0.0310823,0,0,0
-0.116727,0,0.030754,0,0,0
-0.116603,0,0.0304202,0,0,0
-0.116514,0,0.0300523,0,0,0
-0.11638,0,0.0297191,0,0,0
-0.116252,0,0.0293329,0,0,0
-0.116163,0,0.0289468,0,0,0
-0.115986,0,0.0286037,0,0,0
-0.115909,0,0.028167,0,0,0
-0.115774,0,0.0278416,0,0,0
-0.115677,0,0.0274792,0,0,0
-0.115568,0,0.027163,0,0,0
-0.115459,0,0.0268479,0,0,0
-0.115323,0,0.026528,0,0,0
-0.11522,0,0.0261756,0,0,0
-0.11506,0,0.0258533,0,0,0
-0.114938,0,0.0254636,0,0,0
-0.114799,0,0.0251079,0,0,0
-0.114693,0,0.0247499,0,0,0
-0.114577,0,0.0244417,0,0,0
-0.114429,0,0.0241297,0,0,0
-0.11432,0,0.0237785,0,0,0
-0.1142,0,0.0234753,0,0,0
-0.11408,0,0.0231732,0,0,0
-0.113934,0,0.0228674,0,0,0
-0.113784,0,0.0225239,0,0,0
-0.113637,0,0.0221659,0,0,0
-0.113475,0,0.0218083,0,0,0
-0.113329,0,0.0214352,0,0,0
-0.113212,0,0.0210897,0,0,0
-0.113085,0,0.0207964,0,0,0
-0.112957,0,0.0205042,0,0,0
-0.112805,0,0.020209,0,0,0
-0.112682,0,0.0198855,0,0,0
-0.112551,0,0.0195968,0,0,0
-0.112419,0,0.0193092,0,0,0
-0.112266,0,0.0190189,0,0,0
-0.112133,0,0.0187014,0,0,0
-0.111922,0,0.0183979,0,0,0
-0.111767,0,0.0179964,0,0,0
-0.11164,0,0.0176595,0,0,0
-0.111503,0,0.0173794,0,0,0
-0.111366,0,0.0171004,0,0,0
-0.111207,0,0.0168194,0,0,0
-0.111072,0,0.016513,0,0,0
-0.1109,0,0.0162328,0,0,0
-0.110682,0,0.0159013,0,0,0
-0.110522,0,0.015506,0,0,0
-0.110349,0,0.01518,0,0,0
-0.110172,0,0.0148523,0,0,0
-0.109992,0,0.0145225,0,0,0
-0.109823,0,0.0141908,0,0,0
-0.109644,0,0.0138768,0,0,0
-0.109504,0,0.0135597,0,0,0
-0.109322,0,0.0132921,0,0,0
-0.109142,0,0.0129793,0,0,0
-0.108961,0,0.012663,0,0,0
-0.108778,0,0.0123474,0,0,0
-0.108596,0,0.0120331,0,0,0
-0.10845,0,0.0117262,0,0,0
-0.108297,0,0.0114705,0,0,0
-0.108144,0,0.011216,0,0,0
-0.107969,0,0.0109604,0,0,0
-0.107806,0,0.0106778,0,0,0
-0.107626,0,0.0104095,0,0,0
-0.107438,0,0.0101212,0,0,0
-0.107286,0,0.00982507,0,0,0
-0.107098,0,0.00957502,0,0,0
-0.106905,0,0.00928542,0,0,0
-0.106707,0,0.0089868,0,0,0
-0.106518,0,0.00868414,0,0,0
-0.106277,0,0.00839108,0,0,0
-0.106089,0,0.00803967,0,0,0
-0.10589,0,0.00775165,0,0,0
-0.105697,0,0.00746031,0,0,0
-0.105473,0,0.0071747,0,0,0
-0.105315,0,0.00685936,0,0,0
-0.105143,0,0.00662512,0,0,0
-0.104979,0,0.00638222,0,0,0
-0.104814,0,0.00615074,0,0,0
-0.104648,0,0.00592036,0,0,0
-0.104458,0,0.00568976,0,0,0
-0.104293,0,0.00543216,0,0,0
-0.104126,0,0.00520521,0,0,0
-0.103958,0,0.00497936,0,0,0
-0.103767,0,0.00475354,0,0,0
-0.103557,0,0.00450018,0,0,0
-0.103355,0,0.00422599,0,0,0
-0.103187,0,0.00396296,0,0,0
-0.102985,0,0.00374203,0,0,0
-0.102815,0,0.00348606,0,0,0
-0.102608,0,0.00326751,0,0,0
-0.102438,0,0.00300925,0,0,0
-0.102231,0,0.00279329,0,0,0
-0.102059,0,0.00253961,0,0,0
-0.101847,0,0.00232608,0,0,0
-0.101639,0,0.00206953,0,0,0
-0.101428,0,0.00181839,0,0,0
-0.101253,0,0.00156576,0,0,0
-0.101078,0,0.00135811,0,0,0
-0.100873,0,0.0011512,0,0,0
-0.100697,0,0.000912746,0,0,0
-0.10052,0,0.000708502,0,0,0
-0.100342,0,0.000505333,0,0,0
-0.100161,0,0.000303225,0,0,0
-0.0999674,0,9.75898e-05,0,0,0
-0.0997888,0,-0.000119166,0,0,0
-0.0996098,0,-0.00031793,0,0,0
-0.0994305,0,-0.000515625,0,0,0
-0.0992267,0,-0.000712078,0,0,0
-0.0990463,0,-0.000934031,0,0,0
-0.0988317,0,-0.00112799,0,0,0
-0.0986143,0,-0.00135795,0,0,0
-0.0984077,0,-0.00158855,0,0,0
-0.0982139,0,-0.0018057,0,0,0
-0.0980314,0,-0.00200762,0,0,0
-0.0978152,0,-0.00219527,0,0,0
-0.0975947,0,-0.00241755,0,0,0
-0.0974103,0,-0.00264263,0,0,0
-0.0972136,0,-0.00282708,0,0,0
-0.0970105,0,-0.00302389,0,0,0
-0.0967438,0,-0.00322333,0,0,0
-0.0965559,0,-0.00349012,0,0,0
-0.096337,0,-0.00366879,0,0,0
-0.0961499,0,-0.00388248,0,0,0
-0.0959639,0,-0.00406014,0,0,0
-0.0957487,0,-0.00423549,0,0,0
-0.0955607,0,-0.00444063,0,0,0
-0.095341,0,-0.00461342,0,0,0
-0.0950642,0,-0.00481556,0,0,0
-0.0948382,0,-0.00507463,0,0,0
-0.0946483,0,-0.00527901,0,0,0
-0.0944598,0,-0.00544834,0,0,0
-0.0942711,0,-0.00561663,0,0,0
-0.094058,0,-0.0057824,0,0,0
-0.0938672,0,-0.00597256,0,0,0
-0.0936439,0,-0.00613541,0,0,0
-0.0933678,0,-0.00632693,0,0,0
-0.0931361,0,-0.00656933,0,0,0
-0.0929431,0,-0.00676547,0,0,0
-0.0927523,0,-0.00692555,0,0,0
-0.0925323,0,-0.00708241,0,0,0
-0.0923006,0,-0.00726521,0,0,0
-0.0920208,0,-0.00745175,0,0,0
-0.0918221,0,-0.00768847,0,0,0
-0.0916052,0,-0.0078405,0,0,0
-0.0914082,0,-0.0080167,0,0,0
-0.0911588,0,-0.00816596,0,0,0
-0.0908905,0,-0.00836325,0,0,0
-0.0906601,0,-0.00857555,0,0,0
-0.0904639,0,-0.00875246,0,0,0
-0.0902701,0,-0.00889953,0,0,0
-0.0900762,0,-0.0090456,0,0,0
-0.089882,0,-0.00919067,0,0,0
-0.0896693,0,-0.00933285,0,0,0
-0.089473,0,-0.00949254,0,0,0
-0.0892783,0,-0.00963454,0,0,0
-0.0890834,0,-0.00977554,0,0,0
-0.0888882,0,-0.00991556,0,0,0
-0.0886929,0,-0.0100546,0,0,0
-0.0884975,0,-0.0101926,0,0,0
-0.0883018,0,-0.0103297,0,0,0
-0.088106,0,-0.0104658,0,0,0
-0.08791,0,-0.0106009,0,0,0
-0.0877139,0,-0.0107351,0,0,0
-0.0875176,0,-0.0108682,0,0,0
-0.0873211,0,-0.0110004,0,0,0
-0.0871245,0,-0.0111316,0,0,0
-0.0869277,0,-0.0112619,0,0,0
-0.0867308,0,-0.0113911,0,0,0
-0.0865338,0,-0.0115195,0,0,0
-0.0863366,0,-0.0116468,0,0,0
-0.0861392,0,-0.0117732,0,0,0
-0.0859417,0,-0.0118986,0,0,0
-0.0857441,0,-0.0120231,0,0,0
-0.0855464,0,-0.0121466,0,0,0
-0.0853485,0,-0.0122692,0,0,0
-0.0851506,0,-0.0123908,0,0,0
-0.0849525,0,-0.0125114,0,0,0
-0.0847542,0,-0.0126312,0,0,0
-0.0845559,0,-0.0127499,0,0,0
-0.0843574,0,-0.0128677,0,0,0
-0.0841589,0,-0.0129846,0,0,0
-0.0839602,0,-0.0131006,0,0,0
-0.0837586,0,-0.0132151,0,0,0
-0.0835594,0,-0.0133314,0,0,0
-0.0833604,0,-0.0134445,0,0,0
-0.0831614,0,-0.0135567,0,0,0
-0.0829622,0,-0.013668,0,0,0
-0.082763,0,-0.0137783,0,0,0
-0.0825637,0,-0.0138877,0,0,0
-0.0823643,0,-0.0139962,0,0,0
-0.0821648,0,-0.0141037,0,0,0
-0.0819652,0,-0.0142103,0,0,0
-0.0817656,0,-0.014316,0,0,0
-0.0815658,0,-0.0144208,0,0,0
-0.0813661,0,-0.0145247,0,0,0
-0.0811662,0,-0.0146277,0,0,0
-0.0809663,0,-0.0147297,0,0,0
-0.0807663,0,-0.0148308,0,0,0
-0.0805663,0,-0.0149311,0,0,0
-0.0803662,0,-0.0150304,0,0,0
-0.080166,0,-0.0151288,0,0,0
-0.0799658,0,-0.0152264,0,0,0
-0.0797655,0,-0.015323,0,0,0
-0.0795652,0,-0.0154187,0,0,0
-0.0793649,0,-0.0155136,0,0,0
-0.0791645,0,-0.0156075,0,0,0
-0.0789641,0,-0.0157006,0,0,0
-0.0787636,0,-0.0157927,0,0,0
-0.0785631,0,-0.015884,0,0,0
-0.0783626,0,-0.0159744,0,0,0
-0.078162,0,-0.0160639,0,0,0
-0.0779614,0,-0.0161526,0,0,0
-0.0777608,0,-0.0162403,0,0,0
-0.0775602,0,-0.0163272,0,0,0
-0.0773595,0,-0.0164132,0,0,0
-0.0771588,0,-0.0164984,0,0,0
-0.0769541,0,-0.0165818,0,0,0
-0.0767527,0,-0.016668,0,0,0
-0.076552,0,-0.0167505,0,0,0
-0.0763513,0,-0.0168322,0,0,0
-0.0761506,0,-0.016913,0,0,0
-0.0759498,0,-0.0169929,0,0,0
-0.0757491,0,-0.017072,0,0,0
-0.0755483,0,-0.0171502,0,0,0
-0.0753476,0,-0.0172276,0,0,0
-0.0751469,0,-0.0173041,0,0,0
-0.0749461,0,-0.0173798,0,0,0
-0.0747454,0,-0.0174546,0,0,0
-0.074543,0,-0.0175282,0,0,0
-0.0743421,0,-0.0176025,0,0,0
-0.0741414,0,-0.0176748,0,0,0
-0.0739407,0,-0.0177462,0,0,0
-0.0737401,0,-0.0178169,0,0,0
-0.0735384,0,-0.0178864,0,0,0
-0.0733363,0,-0.0179557,0,0,0
-0.0731356,0,-0.0180247,0,0,0
-0.072935,0,-0.018092,0,0,0
-0.0727345,0,-0.0181585,0,0,0
-0.072534,0,-0.0182241,0,0,0
-0.0723335,0,-0.018289,0,0,0
-0.0721331,0,-0.018353,0,0,0
-0.0719327,0,-0.0184162,0,0,0
-0.0717323,0,-0.0184786,0,0,0
-0.071532,0,-0.0185402,0,0,0
-0.0713317,0,-0.0186009,0,0,0
-0.0711315,0,-0.0186609,0,0,0
-0.0709313,0,-0.0187201,0,0,0
-0.0707312,0,-0.0187784,0,0,0
-0.0705311,0,-0.018836,0,0,0
-0.0703311,0,-0.0188928,0,0,0
-0.0701311,0,-0.0189487,0,0,0
-0.0699312,0,-0.0190039,0,0,0
-0.06973,0,-0.0190579,0,0,0
-0.06953,0,-0.0191123,0,0,0
-0.0693302,0,-0.0191651,0,0,0
-0.0691305,0,-0.0192171,0,0,0
-0.0689309,0,-0.0192684,0,0,0
-0.0687313,0,-0.0193189,0,0,0
-0.0685318,0,-0.0193685,0,0,0
-0.068325,0,-0.0194154,0,0,0
-0.0681245,0,-0.0194676,0,0,0
-0.0679252,0,-0.019515,0,0,0
-0.067726,0,-0.0195615,0,0,0
-0.0675269,0,-0.0196073,0,0,0
-0.0673278,0,-0.0196524,0,0,0
-0.0671288,0,-0.0196967,0,0,0
-0.0669299,0,-0.0197402,0,0,0
-0.0667311,0,-0.0197829,0,0,0
-0.0665324,0,-0.019825,0,0,0
-0.0663337,0,-0.0198662,0,0,0
-0.0661351,0,-0.0199067,0,0,0
-0.0659366,0,-0.0199465,0,0,0
-0.0657382,0,-0.0199855,0,0,0
-0.0655399,0,-0.0200238,0,0,0
-0.0653417,0,-0.0200613,0,0,0
-0.0651436,0,-0.0200981,0,0,0
-0.0649456,0,-0.0201341,0,0,0
-0.0647476,0,-0.0201694,0,0,0
-0.0645498,0,-0.020204,0,0,0
-0.064352,0,-0.0202379,0,0,0
-0.0641544,0,-0.020271,0,0,0
-0.0639569,0,-0.0203034,0,0,0
-0.0637594,0,-0.0203351,0,0,0
-0.0635621,0,-0.020366,0,0,0
-0.0633287,0,-0.0203846,0,0,0
-0.0631161,0,-0.0204289,0,0,0
-0.0628813,0,-0.0204504,0,0,0
-0.0626786,0,-0.0204961,0,0,0
-0.0624501,0,-0.0205127,0,0,0
-0.0622484,0,-0.0205543,0,0,0
-0.0620519,0,-0.0205798,0,0,0
-0.0618555,0,-0.0206046,0,0,0
-0.0616593,0,-0.0206287,0,0,0
-0.0614631,0,-0.0206521,0,0,0
-0.0612671,0,-0.0206748,0,0,0
-0.0610712,0,-0.0206968,0,0,0
-0.0608709,0,-0.0207167,0,0,0
-0.0606745,0,-0.0207393,0,0,0
-0.060479,0,-0.0207593,0,0,0
-0.0602835,0,-0.0207785,0,0,0
-0.0600882,0,-0.0207971,0,0,0
-0.0598931,0,-0.020815,0,0,0
-0.059698,0,-0.0208322,0,0,0
-0.0595031,0,-0.0208488,0,0,0
-0.0593083,0,-0.0208646,0,0,0
-0.0591136,0,-0.0208799,0,0,0
-0.0589191,0,-0.0208944,0,0,0
-0.0587247,0,-0.0209083,0,0,0
-0.0585304,0,-0.0209215,0,0,0
-0.0583363,0,-0.020934,0,0,0
-0.0581423,0,-0.0209459,0,0,0
-0.0579484,0,-0.0209571,0,0,0
-0.0577547,0,-0.0209677,0,0,0
-0.0575611,0,-0.0209776,0,0,0
-0.0573676,0,-0.0209869,0,0,0
-0.0571743,0,-0.0209955,0,0,0
-0.0569812,0,-0.0210035,0,0,0
-0.0567881,0,-0.0210109,0,0,0
-0.0565952,0,-0.0210176,0,0,0
-0.0564025,0,-0.0210236,0,0,0
-0.0562099,0,-0.0210291,0,0,0
-0.0560174,0,-0.0210339,0,0,0
-0.0558251,0,-0.021038,0,0,0
-0.0556329,0,-0.0210416,0,0,0
-0.0554409,0,-0.0210445,0,0,0
-0.055249,0,-0.0210467,0,0,0
-0.0550573,0,-0.0210484,0,0,0
-0.0548648,0,-0.0210491,0,0,0
-0.0546732,0,-0.0210499,0,0,0
-0.0544819,0,-0.0210497,0,0,0
-0.0542908,0,-0.0210488,0,0,0
-0.0540974,0,-0.0210465,0,0,0
-0.0539063,0,-0.0210453,0,0,0
-0.0537156,0,-0.0210427,0,0,0
-0.0535251,0,-0.0210394,0,0,0
-0.0533347,0,-0.0210356,0,0,0
-0.0531445,0,-0.0210311,0,0,0
-0.0529545,0,-0.0210261,0,0,0
-0.0527646,0,-0.0210204,0,0,0
-0.0525748,0,-0.0210142,0,0,0
-0.0523852,0,-0.0210073,0,0,0
-0.0521958,0,-0.0209999,0,0,0
-0.0520066,0,-0.0209919,0,0,0
-0.0518175,0,-0.0209833,0,0,0
-0.0516285,0,-0.0209741,0,0,0
-0.0514397,0,-0.0209643,0,0,0
-0.0512511,0,-0.020954,0,0,0
-0.0510627,0,-0.0209431,0,0,0
-0.0508703,0,-0.0209299,0,0,0
-0.0506816,0,-0.0209192,0,0,0
-0.0504936,0,-0.0209066,0,0,0
-0.0503058,0,-0.0208934,0,0,0
-0.0501181,0,-0.0208796,0,0,0
-0.0499307,0,-0.0208653,0,0,0
-0.0497434,0,-0.0208504,0,0,0
-0.0495562,0,-0.0208349,0,0,0
-0.0493643,0,-0.0208168,0,0,0
-0.0491769,0,-0.0208018,0,0,0
-0.0489902,0,-0.0207847,0,0,0
-0.0488038,0,-0.020767,0,0,0
-0.0486175,0,-0.0207487,0,0,0
-0.0484313,0,-0.02073,0,0,0
-0.048232,0,-0.0207049,0,0,0
-0.0480445,0,-0.0206891,0,0,0
-0.0478589,0,-0.0206687,0,0,0
-0.0476734,0,-0.0206477,0,0,0
-0.0474882,0,-0.0206262,0,0,0
-0.0473031,0,-0.0206041,0,0,0
-0.0471181,0,-0.0205816,0,0,0
-0.0469334,0,-0.0205585,0,0,0
-0.0467488,0,-0.0205348,0,0,0
-0.0465644,0,-0.0205107,0,0,0
-0.0463801,0,-0.020486,0,0,0
-0.046196,0,-0.0204608,0,0,0
-0.0460121,0,-0.0204351,0,0,0
-0.0458284,0,-0.0204088,0,0,0
-0.0456448,0,-0.0203821,0,0,0
-0.0454614,0,-0.0203549,0,0,0
-0.0452782,0,-0.0203271,0,0,0
-0.0450952,0,-0.0202988,0,0,0
-0.0449123,0,-0.02027,0,0,0
-0.0447294,0,-0.0202406,0,0,0
-0.0445468,0,-0.0202109,0,0,0
-0.0443645,0,-0.0201807,0,0,0
-0.0441823,0,-0.0201499,0,0,0
-0.0440003,0,-0.0201186,0,0,0
-0.0438185,0,-0.0200869,0,0,0
-0.0436368,0,-0.0200546,0,0,0
-0.0434553,0,-0.0200219,0,0,0
-0.0432741,0,-0.0199887,0,0,0
-0.0430929,0,-0.019955,0,0,0
-0.042912,0,-0.0199208,0,0,0
-0.0427312,0,-0.0198862,0,0,0
-0.0425506,0,-0.019851,0,0,0
-0.0423702,0,-0.0198154,0,0,0
-0.0421899,0,-0.0197793,0,0,0
-0.0420099,0,-0.0197428,0,0,0
-0.04183,0,-0.0197058,0,0,0
-0.0416291,0,-0.0196583,0,0,0
-0.0414472,0,-0.0196253,0,0,0
-0.0412679,0,-0.0195869,0,0,0
-0.0410627,0,-0.0195356,0,0,0
-0.0408809,0,-0.0195021,0,0,0
-0.040633,0,-0.0194292,0,0,0
-0.0404141,0,-0.0193886,0,0,0
-0.0402322,0,-0.019355,0,0,0
-0.040022,0,-0.0192979,0,0,0
-0.0398083,0,-0.0192473,0,0,0
-0.0395895,0,-0.0191936,0,0,0
-0.039408,0,-0.0191586,0,0,0
-0.0392001,0,-0.0191001,0,0,0
-0.0389855,0,-0.0190458,0,0,0
-0.038805,0,-0.0190084,0,0,0
-0.0386283,0,-0.0189633,0,0,0
-0.0384517,0,-0.0189178,0,0,0
-0.0382503,0,-0.0188596,0,0,0
-0.0380716,0,-0.0188182,0,0,0
-0.0378956,0,-0.0187714,0,0,0
-0.0376974,0,-0.018713,0,0,0
-0.0374441,0,-0.0186322,0,0,0
-0.0372312,0,-0.0185837,0,0,0
-0.0370436,0,-0.0185359,0,0,0
-0.0368677,0,-0.0184885,0,0,0
-0.0366733,0,-0.018429,0,0,0
-0.0364968,0,-0.0183825,0,0,0
-0.0363224,0,-0.018332,0,0,0
-0.0361477,0,-0.0182808,0,0,0
-0.0359532,0,-0.0182192,0,0,0
-0.0357475,0,-0.0181559,0,0,0
-0.0354944,0,-0.01807,0,0,0
-0.0352804,0,-0.0180137,0,0,0
-0.0351041,0,-0.0179663,0,0,0
-0.0349311,0,-0.0179126,0,0,0
-0.0347582,0,-0.0178585,0,0,0
-0.034566,0,-0.017794,0,0,0
-0.0343918,0,-0.0177424,0,0,0
-0.03419,0,-0.0176719,0,0,0
-0.0339738,0,-0.0175995,0,0,0
-0.0337675,0,-0.0175342,0,0,0
-0.0335931,0,-0.0174825,0,0,0
-0.0333942,0,-0.0174113,0,0,0
-0.0332199,0,-0.0173578,0,0,0
-0.0330486,0,-0.0173001,0,0,0
-0.0328495,0,-0.0172271,0,0,0
-0.0326763,0,-0.0171728,0,0,0
-0.0324976,0,-0.0171096,0,0,0
-0.032309,0,-0.0170423,0,0,0
-0.0321082,0,-0.0169697,0,0,0
-0.0319254,0,-0.0169084,0,0,0
-0.0317243,0,-0.0168333,0,0,0
-0.0315245,0,-0.0167619,0,0,0
-0.0313528,0,-0.0167045,0,0,0
-0.0311535,0,-0.0166268,0,0,0
-0.0309482,0,-0.0165508,0,0,0
-0.0307766,0,-0.0164929,0,0,0
-0.0305776,0,-0.0164138,0,0,0
-0.0303729,0,-0.0163364,0,0,0
-0.030202,0,-0.0162773,0,0,0
-0.0300053,0,-0.0161979,0,0,0
-0.0298352,0,-0.0161372,0,0,0
-0.0296672,0,-0.0160724,0,0,0
-0.0294994,0,-0.0160074,0,0,0
-0.0293107,0,-0.0159305,0,0,0
-0.0291359,0,-0.0158641,0,0,0
-0.0289682,0,-0.0157988,0,0,0
-0.0287805,0,-0.0157211,0,0,0
-0.0285804,0,-0.0156395,0,0,0
-0.0284071,0,-0.0155737,0,0,0
-0.0282128,0,-0.0154916,0,0,0
-0.0280446,0,-0.015427,0,0,0
-0.0278489,0,-0.0153427,0,0,0
-0.027681,0,-0.0152775,0,0,0
-0.0274845,0,-0.0151918,0,0,0
-0.0273169,0,-0.015126,0,0,0
-0.0271223,0,-0.0150405,0,0,0
-0.026924,0,-0.0149565,0,0,0
-0.0267229,0,-0.0148707,0,0,0
-0.0265204,0,-0.014784,0,0,0
-0.0263534,0,-0.0147168,0,0,0
-0.0261887,0,-0.0146456,0,0,0
-0.0259983,0,-0.0145597,0,0,0
-0.0258324,0,-0.0144905,0,0,0
-0.0256681,0,-0.0144184,0,0,0
-0.025504,0,-0.014346,0,0,0
-0.0253197,0,-0.0142619,0,0,0
-0.0251548,0,-0.0141909,0,0,0
-0.0249589,0,-0.0140994,0,0,0
-0.0247651,0,-0.0140126,0,0,0
-0.0245663,0,-0.0139221,0,0,0
-0.0244014,0,-0.0138509,0,0,0
-0.0242384,0,-0.0137765,0,0,0
-0.0240484,0,-0.0136863,0,0,0
-0.0238844,0,-0.0136136,0,0,0
-0.0237218,0,-0.0135382,0,0,0
-0.0235354,0,-0.013449,0,0,0
-0.023372,0,-0.0133751,0,0,0
-0.0232098,0,-0.0132989,0,0,0
-0.0230261,0,-0.0132101,0,0,0
-0.0228204,0,-0.0131105,0,0,0
-0.022589,0,-0.0129978,0,0,0
-0.0224245,0,-0.0129257,0,0,0
-0.0222631,0,-0.0128481,0,0,0
-0.0221019,0,-0.0127703,0,0,0
-0.0219224,0,-0.0126815,0,0,0
-0.0217607,0,-0.0126045,0,0,0
-0.0215999,0,-0.0125259,0,0,0
-0.0214392,0,-0.0124471,0,0,0
-0.0212592,0,-0.0123568,0,0,0
-0.021098,0,-0.0122788,0,0,0
-0.0209072,0,-0.0121814,0,0,0
-0.0207131,0,-0.0120845,0,0,0
-0.0205152,0,-0.0119851,0,0,0
-0.020354,0,-0.0119071,0,0,0
-0.0201701,0,-0.0118123,0,0,0
-0.0200096,0,-0.011733,0,0,0
-0.0198502,0,-0.0116519,0,0,0
-0.0196909,0,-0.0115706,0,0,0
-0.019509,0,-0.0114758,0,0,0
-0.0193484,0,-0.0113949,0,0,0
-0.0191878,0,-0.011312,0,0,0
-0.0189669,0,-0.0111934,0,0,0
-0.0187776,0,-0.0110974,0,0,0
-0.0186182,0,-0.0110162,0,0,0
-0.0184282,0,-0.0109147,0,0,0
-0.018269,0,-0.0108332,0,0,0
-0.0181108,0,-0.0107498,0,0,0
-0.0179528,0,-0.0106663,0,0,0
-0.0177949,0,-0.0105826,0,0,0
-0.0176206,0,-0.0104888,0,0,0
-0.0174624,0,-0.0104055,0,0,0
-0.0173049,0,-0.0103212,0,0,0
-0.0171232,0,-0.0102222,0,0,0
-0.0169652,0,-0.0101386,0,0,0
-0.0167768,0,-0.010035,0,0,0
-0.0165861,0,-0.0099316,0,0,0
-0.0163942,0,-0.00982725,0,0,0
-0.0162365,0,-0.00974309,0,0,0
-0.0160532,0,-0.00964137,0,0,0
-0.0158959,0,-0.00955647,0,0,0
-0.0157393,0,-0.00947035,0,0,0
-0.0155829,0,-0.00938406,0,0,0
-0.0154042,0,-0.00928411,0,0,0
-0.0152157,0,-0.00917914,0,0,0
-0.0149873,0,-0.00905014,0,0,0
-0.0147986,0,-0.00894669,0,0,0
-0.0146421,0,-0.00886046,0,0,0
-0.0144864,0,-0.00877301,0,0,0
-0.0143238,0,-0.00868122,0,0,0
-0.0141546,0,-0.00858549,0,0,0
-0.0139989,0,-0.00849797,0,0,0
-0.013814,0,-0.00839195,0,0,0
-0.0135861,0,-0.00826078,0,0,0
-0.0134297,0,-0.00817436,0,0,0
-0.0132487,0,-0.00806991,0,0,0
-0.0130933,0,-0.00798182,0,0,0
-0.0129384,0,-0.00789288,0,0,0
-0.0127836,0,-0.0078038,0,0,0
-0.0126115,0,-0.00770397,0,0,0
-0.0124566,0,-0.00761502,0,0,0
-0.0123021,0,-0.00752552,0,0,0
-0.0121477,0,-0.00743588,0,0,0
-0.0119739,0,-0.00733423,0,0,0
-0.0118121,0,-0.00724032,0,0,0
-0.0116553,0,-0.00714888,0,0,0
-0.0115011,0,-0.00705875,0,0,0
-0.0113206,0,-0.0069522,0,0,0
-0.0111409,0,-0.00684667,0,0,0
-0.0109867,0,-0.00675657,0,0,0
-0.0108329,0,-0.00666586,0,0,0
-0.0106792,0,-0.00657503,0,0,0
-0.0105255,0,-0.00648409,0,0,0
-0.0103719,0,-0.00639303,0,0,0
-0.0102184,0,-0.00630185,0,0,0
-0.0100649,0,-0.00621057,0,0,0
-0.00989952,0,-0.00611177,0,0,0
-0.00974608,0,-0.00602045,0,0,0
-0.00959281,0,-0.00592883,0,0,0
-0.00943916,0,-0.00583683,0,0,0
-0.00928479,0,-0.00574426,0,0,0
-0.00913171,0,-0.00565235,0,0,0
-0.00897869,0,-0.00556033,0,0,0
-0.00881934,0,-0.00546424,0,0,0
-0.0086664,0,-0.0053721,0,0,0
-0.00851356,0,-0.00527979,0,0,0
-0.00836079,0,-0.00518738,0,0,0
-0.00820806,0,-0.00509488,0,0,0
-0.0080554,0,-0.0050023,0,0,0
-0.00790279,0,-0.00490962,0,0,0
-0.00775023,0,-0.00481686,0,0,0
-0.0075936,0,-0.00472146,0,0,0
-0.00744112,0,-0.00462856,0,0,0
-0.00728871,0,-0.00453556,0,0,0
-0.00713636,0,-0.00444247,0,0,0
-0.00698405,0,-0.0043493,0,0,0
-0.00683179,0,-0.00425606,0,0,0
-0.00667957,0,-0.00416274,0,0,0
-0.00652741,0,-0.00406935,0,0,0
-0.00637528,0,-0.00397589,0,0,0
-0.0062232,0,-0.00388236,0,0,0
-0.00607116,0,-0.00378876,0,0,0
-0.00591916,0,-0.0036951,0,0,0
-0.0057672,0,-0.00360137,0,0,0
-0.00561528,0,-0.00350758,0,0,0
-0.0054634,0,-0.00341372,0,0,0
-0.00531155,0,-0.00331981,0,0,0
-0.00515975,0,-0.00322584,0,0,0
-0.00500797,0,-0.00313181,0,0,0
-0.00485195,0,-0.00303505,0,0,0
-0.00470024,0,-0.00294093,0,0,0
-0.00454856,0,-0.00284674,0,0,0
-0.00439691,0,-0.00275249,0,0,0
-0.00424529,0,-0.00265821,0,0,0
-0.00409371,0,-0.00256387,0,0,0
-0.00394216,0,-0.0024695,0,0,0
-0.00378744,0,-0.00237308,0,0,0
-0.00363593,0,-0.00227862,0,0,0
-0.00348446,0,-0.00218412,0,0,0
-0.00333301,0,-0.00208957,0,0,0
-0.00318158,0,-0.00199499,0,0,0
-0.00303017,0,-0.00190038,0,0,0
-0.00287879,0,-0.00180573,0,0,0
-0.00271944,0,-0.00170604,0,0,0
-0.00256808,0,-0.00161134,0,0,0
-0.00241676,0,-0.0015166,0,0,0
-0.00226545,0,-0.00142184,0,0,0
-0.00211415,0,-0.00132704,0,0,0
-0.00196287,0,-0.00123223,0,0,0
-0.00181161,0,-0.00113739,0,0,0
-0.00166035,0,-0.00104253,0,0,0
-0.00150911,0,-0.000947652,0,0,0
-0.00135788,0,-0.000852757,0,0,0
-0.00120666,0,-0.000757847,0,0,0
-0.00105545,0,-0.000662923,0,0,0
-0.000904245,0,-0.000567986,0,0,0
-0.000753048,0,-0.000473038,0,0,0
-0.000601856,0,-0.000378081,0,0,0
-0.00045067,0,-0.000283117,0,0,0
-0.000299487,0,-0.000188147,0,0,0
-0.000148306,0,-9.31725e-05,0,0,0
2.87238e-06,0,1.80458e-06,0,0,0
